employer,position,sector,subspecialty,state,city,rank,posted,closes,first_seen,last_seen,url
University of Memphis,"Part-Time Faculty Pool, Public Administration",Academic,General,TN,Memphis,Contingent / adjunct,2026-01-05,,2026-08-10,2026-08-10,https://ibqajb.fa.ocs.oraclecloud.com/hcmUI/CandidateExperience/en/sites/CX_1/job/149
Grand Canyon University,Government: Public Policy Analysis – Adjunct Faculty – Traditional Campus (Fall 2026) – College of Humanities and Social Sciences,Academic,Policy analysis,AZ,,Contingent / adjunct,2026-07-14,,2026-08-09,2026-08-10,https://gcu.wd1.myworkdayjobs.com/GCU/job/AZ-Phoenix/Government--Public-Policy-Analysis---Adjunct-Faculty---Traditional-Campus--Fall-2026----College-of-Humanities-and-Social-Sciences_R000067484
Northeastern University Oakland,Part-Time Lecturer - Institutional Leadership and the Public Manager,Academic,Urban / regional,CA,,Contingent / adjunct,2025-10-08,,2026-08-09,2026-08-10,https://northeastern.wd1.myworkdayjobs.com/careers/job/Arlington-VA/Part-Time-Lecturer---Institutional-Leadership-and-the-Public-Manager_R136544-1
Northeastern University Oakland,Part-Time Lecturer - Public Budgeting and Financial Management,Academic,Budgeting & finance,CA,,Contingent / adjunct,2025-10-14,,2026-08-09,2026-08-10,https://northeastern.wd1.myworkdayjobs.com/careers/job/Arlington-VA/Part-Time-Lecturer---Public-Budgeting-and-Financial-Management_R136641
Northeastern University Oakland,Part-Time Lecturer - International Environmental Policy,Academic,Environmental policy,CA,,Contingent / adjunct,2025-10-14,,2026-08-09,2026-08-10,https://northeastern.wd1.myworkdayjobs.com/careers/job/Arlington-VA/Part-Time-Lecturer---International-Environmental-Policy_R136639
Northeastern University Oakland,Part-Time Lecturer - Nonprofit Management,Academic,Nonprofit,CA,,Contingent / adjunct,2025-04-07,,2026-08-09,2026-08-10,https://northeastern.wd1.myworkdayjobs.com/careers/job/Boston-MA-Main-Campus/Part-Time-Lecturer---Nonprofit-Management_R115431
Northeastern University Oakland,Part-Time Lecturer - Comparative Public Policy and Administration,Academic,International,CA,,Contingent / adjunct,2025-10-14,,2026-08-09,2026-08-10,https://northeastern.wd1.myworkdayjobs.com/careers/job/Arlington-VA/Part-Time-Lecturer---Comparative-Public-Policy-and-Administration_R136637
Northeastern University Oakland,Part-Time Lecturer - Public Policy and Urban Affairs,Academic,Urban / regional,CA,,Contingent / adjunct,2025-10-06,,2026-08-09,2026-08-10,https://northeastern.wd1.myworkdayjobs.com/careers/job/Boston-MA-Main-Campus/Part-Time-Lecturer---Public-Policy-and-Urban-Affairs_R136512
Northeastern University Oakland,Part-Time Lecturer - SPPUA - Law and Public Policy,Academic,General,CA,,Contingent / adjunct,2025-10-06,,2026-08-09,2026-08-10,https://northeastern.wd1.myworkdayjobs.com/careers/job/Boston-MA-Main-Campus/Part-Time-Lecturer---SPPUA---Law-and-Public-Policy_R136515
Northeastern University Oakland,Part-Time Lecturer - Doctor of Law and Policy (Seattle),Academic,Methods,CA,,Contingent / adjunct,2025-03-24,,2026-08-09,2026-08-10,https://northeastern.wd1.myworkdayjobs.com/careers/job/Seattle-WA/Part-Time-Lecturer---Doctor-of-Law-and-Policy--Seattle-_R126824
Northeastern University Oakland,Adjunct Faculty - Criminology and Criminal Justice - Oakland,Academic,Criminal justice admin,CA,,Contingent / adjunct,2025-10-08,,2026-08-09,2026-08-10,https://northeastern.wd1.myworkdayjobs.com/careers/job/Oakland-CA/Adjunct-Faculty---Criminology-and-Criminal-Justice---Oakland_R136537
Northeastern University Oakland,Part-Time Lecturer - Criminology and Criminal Justice,Academic,Criminal justice admin,CA,,Contingent / adjunct,2025-10-08,,2026-08-09,2026-08-10,https://northeastern.wd1.myworkdayjobs.com/careers/job/Boston-MA-Main-Campus/Part-Time-Lecturer---Criminology-and-Criminal-Justice_R136534
Washington State University,"Adjunct Faculty pool - Arts & Social Sciences | College of Arts & Sciences | WSU Tri Cities (Richland, WA)",Academic,General,WA,,Contingent / adjunct,2026-01-29,2026-12-31,2026-08-09,2026-08-10,https://wsu.wd5.myworkdayjobs.com/WSU_Jobs/job/Richland-WA/Adjunct-Faculty-pool---Arts---Social-Sciences---College-of-Arts---Sciences---WSU-Tri-Cities--Richland--WA-_R-14544
Medical College of Wisconsin,"Pediatric Complex Care, Faculty - Assistant Professor",Academic,General,WI,,Tenure-track,2026-04-21,,2026-08-09,2026-08-10,https://mcw.wd503.myworkdayjobs.com/ExternalCareers/job/Milwaukee-WI/Pediatric-Complex-Care--Faculty---Assistant-Professor_JR102076
South Texas College,"Adjunct Faculty Pool (Division of Math, Science, IT & Bachelor Programs) (2026 - 2027)",Academic,General,TX,,Contingent / adjunct,2026-06-08,,2026-08-09,2026-08-10,https://southtexascollege.wd12.myworkdayjobs.com/STC/job/Pecan-Campus-McAllen-Texas/Adjunct-Faculty-Pool--Division-of-Math--Science--IT---Bachelor-Programs---2026---2027-_JR101174
South Texas College,"Full-Time Lecturer Positions (Division of Math, Science, IT & Bachelor Programs) (2026 - 2027)",Academic,General,TX,,Contingent / adjunct,2026-06-02,,2026-08-09,2026-08-10,https://southtexascollege.wd12.myworkdayjobs.com/STC/job/Pecan-Campus-McAllen-Texas/Full-Time-Lecturer-Positions--Division-of-Math--Science--IT---Bachelor-Programs---2026---2027-_JR101156
Bentley University,"Tenure Track Assistant Professor, Law",Academic,General,MA,,Tenure-track,2026-07-06,,2026-08-09,2026-08-10,https://bentley.wd503.myworkdayjobs.com/faculty/job/Waltham-MA/Tenure-Track-Assistant-Professor--Law_R0006229-1
Goucher College,Adjunct Lecturer-MA Applied Policy Analysis-Data Ethics,Academic,Policy analysis,MD,,Contingent / adjunct,2026-04-15,,2026-08-09,2026-08-10,https://goucher.wd1.myworkdayjobs.com/Goucher_Careers/job/Dorsey-Center/Adjunct-Lecturer-MA-Applied-Policy-Analysis-Data-Ethics_R-0000000752
Goucher College,Adjunct Lecturer MA in Applied Policy Analysis-Data Management and Visualization,Academic,Policy analysis,MD,,Contingent / adjunct,2026-04-15,,2026-08-09,2026-08-10,https://goucher.wd1.myworkdayjobs.com/Goucher_Careers/job/Dorsey-Center/Adjunct-Lecturer-MA-in-Applied-Policy-Analysis-Data-Management-and-Visualization_R-0000000753
Loyola Marymount University,Part Time Faculty - Urban and Environmental Studies,Academic,Environmental policy,CA,,Contingent / adjunct,2025-10-07,,2026-08-09,2026-08-10,https://lmu.wd1.myworkdayjobs.com/Careers/job/Westchester-Campus/Part-Time-Faculty---Urban-and-Environmental-Studies_R9821
Texas A & M University-System Office,Assistant Professor of Public Administration,Academic,General,TX,,Tenure-track,2026-02-12,,2026-08-09,2026-08-10,https://tamus.wd1.myworkdayjobs.com/System-wide_External/job/Laredo-TX/Assistant-Professor-of-Public-Administration_R-090868-1
Anderson University,"Part-Time Faculty, Center for Leadership and Organization",Academic,Health policy,SC,,Contingent / adjunct,2026-07-09,,2026-08-09,2026-08-10,https://andersonuniversity.wd1.myworkdayjobs.com/AndersonUniversity/job/Remote-USA/Part-Time-Faculty--Center-for-Leadership-and-Organization_JR100161
Anderson University,Part Time Faculty -  EdD in Leadership and Artificial Intelligence.,Academic,Health policy,SC,,Contingent / adjunct,2026-07-29,,2026-08-09,2026-08-10,https://andersonuniversity.wd1.myworkdayjobs.com/AndersonUniversity/job/Anderson-SC/Part-Time-Faculty----EdD-in-Leadership-and-Artificial-Intelligence_JR100285
Texas A & M University-System Office,Assistant Professor of Criminal Justice,Academic,General,TX,,Tenure-track,2026-07-20,,2026-08-09,2026-08-10,https://tamus.wd1.myworkdayjobs.com/System-wide_External/job/Killeen-TX/Assistant-Professor-of-Criminal-Justice_R-095297
American University,KSB Adjunct Faculty - Department of Marketing (Open Continuous),Academic,General,DC,,Contingent / adjunct,2024-08-14,2027-08-31,2026-08-08,2026-08-10,https://american.wd1.myworkdayjobs.com/AU/job/Main-Campus-Washington-DC/KSB-Adjunct-Faculty---Department-of-Marketing--Open-Countinuous-_R1203
University of Chicago,Saieh Family Research Fellow,Academic,General,IL,,Career (non-TT),2026-02-11,2026-08-11,2026-08-08,2026-08-10,https://uchicago.wd5.myworkdayjobs.com/External/job/Chicago-IL/Saieh-Family-Research-Fellow_JR32643
University of Southern California,Research Assistant Professor of Health Policy & Management,Academic,Health policy,CA,Los Angeles,Career (non-TT),2026-08-07,,2026-08-08,2026-08-10,"https://www.aeaweb.org/joe/listing.php?JOE_ID=2026-02_111477597&q=eNplj0Fqw0AMRe-itQvG0C58gEAhdxDKjOpMomiMNE4xwXfPBDylkJ30vvT19YBj8pJ08kO2G4wPSIoUSrozjLqIdHDl9TdbRGeycG7UuQ5lbe2FpZXJfanLMPTD10c_QAfZ0pSU5PtNCXnRYisaT__MnO4c8VwnS2TzBgNpTJEKowej20n-AhoH1oJZZW1I9qewBmfDUxXqY5WV5ZUaqd6WeYbxs-9gpmn32rZcJ42BX1M,"
Columbia University,Assistant Professor of International and Public Affairs,Academic,General,NY,New York,Tenure-track,,,2026-08-07,2026-08-08,https://main.hercjobs.org/jobs/22483963/assistant-professor-of-international-and-public-affairs
Eastern Oregon University,Online Adjunct Educator in Political Science/Public Administration (Part-time),Academic,General,OR,La Grande,Contingent / adjunct,,,2026-08-07,2026-08-08,https://main.hercjobs.org/jobs/22483379/online-adjunct-educator-in-political-science-public-administration-part-time
University of Cincinnati,"Adjunct Instructor, School of Public and International Affairs , College of Arts and Sciences",Academic,International,OH,Cincinnati,Contingent / adjunct,,,2026-08-06,2026-08-08,https://main.hercjobs.org/jobs/22481167/adjunct-instructor-school-of-public-and-international-affairs-college-of-arts-and-sciences
Columbia University,Open Rank: David M. Posner Professor of International and Public Affairs,Academic,General,NY,New York,Tenure-track,,,2026-07-31,2026-08-08,https://main.hercjobs.org/jobs/22466313/open-rank-x3a-david-m-posner-professor-of-international-and-public-affairs
Indiana University,Bloomington - Assistant/Associate Professor of Global Production and Trade Governance,Academic,General,IN,,Tenure-track,2026-07-20,,2026-07-30,2026-08-09,https://networks.h-net.org/jobs/70141/indiana-university-bloomington-assistantassociate-professor-global-production-and-trade
Cornell University,Assistant or Associate Professor of Policy Communication,Academic,Policy analysis,NY,Ithaca,Tenure-track,2026-06-30,2026-10-28,2026-07-30,2026-07-31,https://academicjobsonline.org/ajo/Cornell/Cornell%20Jeb%20E.%20Brooks%20School%20of%20Public%20Policy/32264
"University of California, San Diego",Associate/Full Research Scientist,Academic,Local government,CA,La Jolla,Tenure-track,2026-06-22,2027-05-07,2026-06-26,2026-06-30,https://academicjobsonline.org/ajo/University%20of%20California%2C%20San%20Diego/Qualcomm%20Institute/32230
"University of California, San Francisco",Microbiology and Immunology  Faculty Position (Ladder Rank)  Assistant Professor,Academic,Local government,CA,San Francisco,Tenure-track,2026-06-25,2026-12-24,2026-06-26,2026-06-30,https://academicjobsonline.org/ajo/University%20of%20California%2C%20San%20Francisco/Department%20of%20Microbiology%20and%20Immunology/32254
Duke University,DHVI Executive Director,Academic,Health policy,NC,Durham,Contingent / adjunct,2026-06-17,2026-08-07,2026-06-18,2026-06-30,https://academicjobsonline.org/ajo/Duke/Duke%20Human%20Vaccine%20Institute/32203
Massachusetts Institute of Technology (MIT),"Postdoctoral Associate: “AI, Trust, and the Governance of Digital Transactions”",Academic,General,MA,Cambridge,Contingent / adjunct,,,2026-05-30,2026-08-08,https://main.hercjobs.org/jobs/21700918/postdoctoral-associate-ai-trust-and-the-governance-of-digital-transactions
Princeton University,***Revised***Postdoctoral Research Associate - SPIA/PSY 502,Academic,General,NJ,Princeton,Contingent / adjunct,,,2026-05-30,2026-06-13,https://main.hercjobs.org/jobs/22283400/revised-postdoctoral-research-associate-spia-psy-502
San Diego State University,School of Public Affairs Lecturer Pool 2026-2027,Academic,General,CA,San Diego,Contingent / adjunct,,,2026-05-30,2026-08-08,https://main.hercjobs.org/jobs/22185699/school-of-public-affairs-lecturer-pool-2026-2027
University of California Riverside,Assistant Professor of Policy Analysis,Academic,Policy analysis,CA,Riverside,Tenure-track,,,2026-05-30,2026-06-30,https://main.hercjobs.org/jobs/21585483/assistant-professor-of-policy-analysis
"University of California, Berkeley",Lecturer Pool - Physics - College of Letters & Science,Academic,Local government,CA,Berkeley,Contingent / adjunct,2026-05-29,2027-03-31,2026-05-30,2026-06-29,https://academicjobsonline.org/ajo/UCBerkeleyLBNL/Physics/32129
"University of California, Berkeley",Summer Sessions Lecturer - Physics - College of Letters & Science,Academic,Local government,CA,Berkeley,Contingent / adjunct,2026-05-29,2026-06-12,2026-05-30,2026-06-29,https://academicjobsonline.org/ajo/UCBerkeleyLBNL/Physics/32128
"California State University, San Bernardino",Department of Public Administration - Full Time Lecturer,Academic,General,CA,San Bernardino,Contingent / adjunct,,,2026-05-29,2026-06-30,https://main.hercjobs.org/jobs/22279310/department-of-public-administration-full-time-lecturer
Central Michigan University,Political Science/Public Administration Instructor and Online Coordinator,Academic,General,MI,Mount Pleasant,Contingent / adjunct,,,2026-05-29,2026-06-19,https://main.hercjobs.org/jobs/22145587/political-science-public-administration-instructor-and-online-coordinator
Harvard University,Technology and Public Policy Search (open rank),Academic,General,MA,Cambridge,Tenure-track,,,2026-05-29,2026-06-30,https://main.hercjobs.org/jobs/21855059/technology-and-public-policy-search-open-rank
Harvard University,Adjunct Lecturer in Public Policy,Academic,General,MA,Cambridge,Contingent / adjunct,,,2026-05-29,2026-06-30,https://main.hercjobs.org/jobs/22051076/adjunct-lecturer-in-public-policy
Lipscomb University,"Adjunct Faculty - College of Leadership and Public Service, School of Public Policy",Academic,General,TN,Nashville,Contingent / adjunct,,,2026-05-29,2026-08-08,https://main.hercjobs.org/jobs/22102035/adjunct-faculty-college-of-leadership-and-public-service-school-of-public-policy
The University of North Carolina at Charlotte,Part-Time Lecturer; Political Science & Public Administration,Academic,General,NC,Charlotte,Contingent / adjunct,,,2026-05-29,2026-08-08,https://main.hercjobs.org/jobs/22066547/part-time-lecturer-political-science-public-administration
University at Albany (SUNY),Assistant Professor - Public Administration & Policy - University at Albany,Academic,General,NY,Albany,Tenure-track,,,2026-05-29,2026-08-08,https://main.hercjobs.org/jobs/21709904/assistant-professor-public-administration-policy-university-at-albany
University of California Berkeley,Lecturer - Business and Public Policy - Haas School of Business,Academic,General,CA,Berkeley,Contingent / adjunct,,,2026-05-29,2026-07-31,https://main.hercjobs.org/jobs/21550893/lecturer-business-and-public-policy-haas-school-of-business
University of California Irvine,2026-27 Urban Planning and Public Policy Lecturer,Academic,Urban / regional,CA,Irvine,Contingent / adjunct,,,2026-05-29,2026-06-30,https://main.hercjobs.org/jobs/22087121/2026-27-urban-planning-and-public-policy-lecturer
University of California Los Angeles,AY 26-27 Part-time Lecturer in Public Policy (Non-Senate):  Introductory GIS,Academic,General,CA,Los Angeles,Contingent / adjunct,,,2026-05-29,2026-08-08,https://main.hercjobs.org/jobs/21978862/ay-26-27-part-time-lecturer-in-public-policy-non-senate-introductory-gis
University of California San Diego,"Assistant, Associate, or Full Professor (Ladder Rank): Artificial Intelligence & Public Policy",Academic,General,CA,La Jolla,Tenure-track,,,2026-05-29,2026-08-08,https://main.hercjobs.org/jobs/22075799/assistant-associate-or-full-professor-ladder-rank-artificial-intelligence-public-policy
University of Houston,Lecturer - Public Policy,Academic,General,TX,Houston,Contingent / adjunct,,,2026-05-29,2026-08-08,https://main.hercjobs.org/jobs/21855542/lecturer-public-policy
Duke University,Adjunct Instructor - Solar Energy Course,Academic,Environmental policy,NC,Durham,Contingent / adjunct,2026-05-26,2026-06-02,2026-05-27,2026-06-02,https://academicjobsonline.org/ajo/Duke/Nicholas%20Institute%20for%20Energy%2C%20Environment%20%26%20Sustainability/32109
Duke University,Husein and LeAnna Cumber Family Professorship,Academic,Health policy,NC,Durham,Tenure-track,2026-05-26,2026-08-24,2026-05-27,2026-06-27,https://academicjobsonline.org/ajo/Duke/Sanford%20School%20of%20Public%20Policy/32105
Boston University,Full Time Lecturer,Academic,Methods,MA,Boston,Contingent / adjunct,2026-04-10,2026-07-01,2026-04-22,2026-05-10,https://academicjobsonline.org/ajo/BU/Questrom%20School%20of%20Business/31942
Duke University,Postdoctoral Associate,Academic,Environmental policy,NC,Durham,Contingent / adjunct,2026-03-24,2026-04-30,2026-04-22,2026-04-24,https://academicjobsonline.org/ajo/Duke/SSPP-NRR/31862
Georgia Institute of Technology,Postdoctoral Fellow (two open positions) in the High Energy Neutrino Group in the School of Physics.,Academic,Local government,GA,Atlanta,Contingent / adjunct,2026-03-30,2026-05-01,2026-04-22,2026-04-30,https://academicjobsonline.org/ajo/GaTech/School%20of%20Physics/31885
AmeriCorps (Other Agencies and Independent Organizations),Management and Program Analyst,Government,—,DC,Washington,Other,2026-08-10,2026-08-17,2026-08-10,2026-08-10,https://www.usajobs.gov/job/879893300
Army National Guard Units (Department of the Army),Command Program Support Specialist (title 5),Government,—,UT,Draper,Other,2026-08-10,2026-08-24,2026-08-10,2026-08-10,https://www.usajobs.gov/job/879959000
Bureau of Reclamation (Department of the Interior),Compliance Specialist,Government,—,CA,Sacramento,Other,2026-08-10,2026-08-14,2026-08-10,2026-08-10,https://www.usajobs.gov/job/879800500
"Commander, Navy Installations Command (Department of the Navy)",Integrated Prevention Coordinator,Government,—,RI,Naval Base Newport,Other,2026-08-10,2026-08-24,2026-08-10,2026-08-10,https://www.usajobs.gov/job/879548300
"Commander, Navy Installations Command (Department of the Navy)",Non-Medical Clinical Counselor,Government,—,WA,Oak Harbor,Other,2026-08-10,2026-09-30,2026-08-10,2026-08-10,https://www.usajobs.gov/job/879936000
"Commander, Navy Installations Command (Department of the Navy)",Club Operations Assistant (Bingo),Government,—,VA,Virginia Beach,Other,2026-08-10,2026-08-24,2026-08-10,2026-08-10,https://www.usajobs.gov/job/866503500
"Commander, Navy Installations Command (Department of the Navy)",MWR Director,Government,—,CT,Groton,Other,2026-08-10,2026-08-19,2026-08-10,2026-08-10,https://www.usajobs.gov/job/879955900
Customs and Border Protection (Department of Homeland Security),Program Manager,Government,—,CA,San Francisco,Other,2026-08-10,2026-08-14,2026-08-10,2026-08-10,https://www.usajobs.gov/job/879590000
Customs and Border Protection (Department of Homeland Security),Special Assistant,Government,—,DC,Washington,Other,2026-08-10,2026-08-14,2026-08-10,2026-08-10,https://www.usajobs.gov/job/877956300
Customs and Border Protection (Department of Homeland Security),Mission Support Specialist (Finance),Government,—,TX,Marfa,Other,2026-08-10,2026-08-14,2026-08-10,2026-08-10,https://www.usajobs.gov/job/879591700
Defense Commissary Agency (Department of Defense),Commissary Contractor Monitor,Government,—,TX,Goodfellow AFB,Other,2026-08-10,2026-08-24,2026-08-10,2026-08-10,https://www.usajobs.gov/job/879903900
Department of Energy Headquarters (Department of Energy),Chief Investment Officer,Government,—,DC,Washington,Other,2026-08-10,2026-08-24,2026-08-10,2026-08-10,https://www.usajobs.gov/job/879900200
Department of the Air Force Headquarters (Department of the Air Force),Budget Analyst,Government,—,,Ramstein,Other,2026-08-10,2026-08-17,2026-08-10,2026-08-10,https://www.usajobs.gov/job/879940800
Development Finance Corporation (Other Agencies and Independent Organizations),International Development Finance Analyst,Government,—,DC,Washington,Other,2026-08-10,2026-08-21,2026-08-10,2026-08-10,https://www.usajobs.gov/job/879869400
Development Finance Corporation (Other Agencies and Independent Organizations),Project Development Specialist,Government,—,DC,Washington,Other,2026-08-10,2026-08-21,2026-08-10,2026-08-10,https://www.usajobs.gov/job/879869900
Drug Enforcement Administration (Department of Justice),Evidence Control Specialist,Government,—,CA,San Francisco,Other,2026-08-10,2026-08-14,2026-08-10,2026-08-10,https://www.usajobs.gov/job/879883200
Environmental Protection Agency (Other Agencies and Independent Organizations),"Director, Indoor Environments Division",Government,—,DC,Washington,Other,2026-08-10,2026-08-24,2026-08-10,2026-08-10,https://www.usajobs.gov/job/879904000
Executive Office for U.S. Attorneys and the Office of the U.S. Attorneys (Department of Justice),Administrative Services Specialist,Government,—,UT,Salt Lake City,Other,2026-08-10,2026-08-21,2026-08-10,2026-08-10,https://www.usajobs.gov/job/879715200
Farm Production and Conservation (FPAC) Business Center (Department of Agriculture),Budget Analyst,Government,—,MO,Kansas City,Other,2026-08-10,2026-08-21,2026-08-10,2026-08-10,https://www.usajobs.gov/job/879363400
Federal Energy Regulatory Commission (Department of Energy),"Director, Division of Electric Power Regulation - East",Government,—,DC,Washington,Other,2026-08-10,2026-08-24,2026-08-10,2026-08-10,https://www.usajobs.gov/job/879874600
Immigration and Customs Enforcement (Department of Homeland Security),Assistant Health Services Administrator (O-5 Billet) Supervisory,Government,—,NJ,Elizabeth,Other,2026-08-10,2026-08-24,2026-08-10,2026-08-10,https://www.usajobs.gov/job/879903400
Missile Defense Agency (Department of Defense),Program Analyst,Government,—,AL,Redstone Arsenal,Other,2026-08-10,2026-08-17,2026-08-10,2026-08-10,https://www.usajobs.gov/job/879940000
Office of Intelligence and Analysis (Department of Homeland Security),Director- Mission Assurance Division,Government,—,DC,District of Columbia,Other,2026-08-10,2026-08-14,2026-08-10,2026-08-10,https://www.usajobs.gov/job/879655400
Office of the Secretary of Health and Human Services (Department of Health and Human Services),Small Business Specialist,Government,—,DC,Washington,Other,2026-08-10,2026-08-17,2026-08-10,2026-08-10,https://www.usajobs.gov/job/879772900
Office of the Secretary of the Interior (Department of the Interior),Management and Program Analyst (Wildland Fire - Incident Business),Government,—,ID,Boise,Other,2026-08-10,2026-08-24,2026-08-10,2026-08-10,https://www.usajobs.gov/job/879931800
Smithsonian Institution  (Other Agencies and Independent Organizations),Executive Assistant,Government,—,DC,Washington,Other,2026-08-10,2026-08-14,2026-08-10,2026-08-10,https://www.usajobs.gov/job/879308200
U.S. Army Joint Munitions Command (Department of the Army),Prevention Coordinator,Government,—,AR,Pine Bluff Arsenal,Other,2026-08-10,2026-08-20,2026-08-10,2026-08-10,https://www.usajobs.gov/job/879875100
U.S. Army Medical Command (Department of the Army),"Deputy to the Commanding General, (OTSG/MEDCOM)",Government,—,VA,Falls Church,Other,2026-08-10,2026-08-24,2026-08-10,2026-08-10,https://www.usajobs.gov/job/879787500
US Army Civilian Human Resources Agency (Department of the Army),Program Analyst,Government,—,WA,Walla Walla,Other,2026-08-10,2026-08-14,2026-08-10,2026-08-10,https://www.usajobs.gov/job/879513400
Veterans Health Administration (Department of Veterans Affairs),Supervisory Program Analyst  - Health Care Contract Management,Government,—,NJ,Lakewood,Other,2026-08-10,2026-08-14,2026-08-10,2026-08-10,https://www.usajobs.gov/job/879758900
U.S. Marine Corps (Department of the Navy),Senior Marine Mart Manager / Nf4,Government,—,CA,Oceanside,Other,2026-08-09,2026-08-28,2026-08-09,2026-08-10,https://www.usajobs.gov/job/879861500
Centers for Medicare & Medicaid Services (Department of Health and Human Services),Social Science Research Analyst,Government,—,CO,Denver,Other,2026-08-07,2026-10-07,2026-08-08,2026-08-10,https://www.usajobs.gov/job/879792400
"Commander, Navy Installations Command (Department of the Navy)",Family Advocacy Program (FAP) Clinical Counselor for Children,Government,—,WA,Oak Harbor,Other,2026-08-06,2026-09-30,2026-08-08,2026-08-10,https://www.usajobs.gov/job/879732400
"Commander, Navy Installations Command (Department of the Navy)",MWR Assistant Golf Superintendent,Government,—,CA,San Diego,Other,2026-08-07,2026-08-28,2026-08-08,2026-08-10,https://www.usajobs.gov/job/879820400
"Commerce, International Trade Administration (Department of Commerce)",Statistical Analysis Systems (SAS) Specialist,Government,—,DC,Washington,Other,2026-08-07,2026-08-14,2026-08-08,2026-08-10,https://www.usajobs.gov/job/879848100
Defense Commissary Agency (Department of Defense),Supervisory Store Associate,Government,—,KY,Fort Campbell,Other,2026-08-07,2026-08-17,2026-08-08,2026-08-10,https://www.usajobs.gov/job/879740000
Defense Commissary Agency (Department of Defense),Store Associate,Government,—,WA,Fairchild AFB,Other,2026-08-07,2026-08-17,2026-08-08,2026-08-10,https://www.usajobs.gov/job/879747900
Defense Intelligence Agency (Department of Defense),Program Manager (acquisition),Government,—,MD,Landover,Other,2026-08-06,2026-08-20,2026-08-08,2026-08-10,https://www.usajobs.gov/job/879762500
Federal Motor Carrier Safety Administration (Department of Transportation),Regional Field Administrator -East Region,Government,—,CT,Hartford,Other,2026-08-07,2026-08-24,2026-08-08,2026-08-10,https://www.usajobs.gov/job/879732800
Food and Nutrition Service (Department of Agriculture),SNAS Implementation & Oversight Director,Government,—,MO,Kansas City,Other,2026-08-07,2026-08-21,2026-08-08,2026-08-10,https://www.usajobs.gov/job/879730100
Food and Nutrition Service (Department of Agriculture),SNAP Implementation & Oversight Director,Government,—,IN,Indianapolis,Other,2026-08-07,2026-08-21,2026-08-08,2026-08-10,https://www.usajobs.gov/job/879731300
Food and Nutrition Service (Department of Agriculture),Child Nutrition Implementation & Oversight Director,Government,—,TX,Dallas,Other,2026-08-07,2026-08-21,2026-08-08,2026-08-10,https://www.usajobs.gov/job/879731900
Foreign Agricultural Service (Department of Agriculture),International Programs Specialist,Government,—,MO,Kansas City,Other,2026-08-07,2026-08-21,2026-08-08,2026-08-10,https://www.usajobs.gov/job/879793600
Naval Sea Systems Command (Department of the Navy),Management Analyst,Government,—,WA,Everett,Other,2026-08-07,2026-08-12,2026-08-08,2026-08-10,https://www.usajobs.gov/job/879845400
Small Business Administration (Other Agencies and Independent Organizations),Program Analyst,Government,—,DC,Washington,Other,2026-08-07,2026-08-14,2026-08-08,2026-08-10,https://www.usajobs.gov/job/879857100
Small Business Administration (Other Agencies and Independent Organizations),Loan Servicing Assistant,Government,—,AL,Birmingham,Other,2026-08-07,2026-08-20,2026-08-08,2026-08-10,https://www.usajobs.gov/job/879729700
Space Systems Command (Department of the Air Force),"Team Leader, Personnel Liaison, SYD 80",Government,—,CA,Los Angeles County,Other,2026-08-07,2026-08-14,2026-08-08,2026-08-10,https://www.usajobs.gov/job/879825200
U.S. Marine Corps (Department of the Navy),"Experience Specialist, Nf-1101-02",Government,—,FL,Jacksonville,Other,2026-08-07,2026-08-17,2026-08-08,2026-08-10,https://www.usajobs.gov/job/879748100
United States Army Installation Management Command (Department of the Army),CYS Functional Technology Specialist NF-04,Government,—,IL,Rock Island,Other,2026-08-07,2026-09-07,2026-08-08,2026-08-10,https://www.usajobs.gov/job/879853900
United States Army Installation Management Command (Department of the Army),Caterer NF-03,Government,—,WA,Joint Base Lewis-McChord,Other,2026-08-07,2026-08-17,2026-08-08,2026-08-10,https://www.usajobs.gov/job/879779000
United States Army Installation Management Command (Department of the Army),Business Manager (Contract Administration) NF-04,Government,—,GA,Fort Benning,Other,2026-08-07,2026-08-24,2026-08-08,2026-08-10,https://www.usajobs.gov/job/879810500
Veterans Health Administration (Department of Veterans Affairs),Community Employment Coordinator - Homeless Program (Rehabilitation Counselor),Government,—,TN,Johnson City,Other,2026-08-07,2026-08-17,2026-08-08,2026-08-10,https://www.usajobs.gov/job/879745900
Veterans Health Administration (Department of Veterans Affairs),Rehabilitation Counselor,Government,—,OH,Columbus,Other,2026-08-07,2026-08-12,2026-08-08,2026-08-10,https://www.usajobs.gov/job/879828100
Veterans Health Administration (Department of Veterans Affairs),VCS Assistant Canteen Chief - Ann Arbor,Government,—,MI,Ann Arbor,Other,2026-08-07,2026-08-17,2026-08-08,2026-08-10,https://www.usajobs.gov/job/879803400
Veterans Health Administration (Department of Veterans Affairs),VCS Canteen Chief- Madison WI,Government,—,WI,Madison,Other,2026-08-07,2026-08-10,2026-08-08,2026-08-10,https://www.usajobs.gov/job/879838100
Air National Guard Units (Department of the Air Force),Airman AND Family Readiness Specialist,Government,—,NY,Scotia,Other,2026-08-07,2026-09-07,2026-08-07,2026-08-10,https://www.usajobs.gov/job/879713400
Defense Commissary Agency (Department of Defense),Lead Store Associate,Government,—,AL,Fort Rucker,Other,2026-08-07,2026-08-17,2026-08-07,2026-08-10,https://www.usajobs.gov/job/879705200
Department of Energy Headquarters (Department of Energy),Management and Program Analyst,Government,—,DC,Washington,Other,2026-08-07,2026-08-17,2026-08-07,2026-08-10,https://www.usajobs.gov/job/879715700
National Nuclear Security Administration (Department of Energy),Program Manager for Project Execution,Government,—,DC,Washington,Other,2026-08-07,2026-08-20,2026-08-07,2026-08-10,https://www.usajobs.gov/job/879707000
Office of Personnel Management (Other Agencies and Independent Organizations),Program Manager,Government,—,DC,Washington,Other,2026-08-07,2026-08-21,2026-08-07,2026-08-10,https://www.usajobs.gov/job/879703100
"U.S. Air Forces, Europe (Department of the Air Force)",Club Operations Assistant,Government,—,,Lakenheath,Other,2026-08-07,2026-08-24,2026-08-07,2026-08-10,https://www.usajobs.gov/job/879700400
U.S. Census Bureau (Department of Commerce),Program Analyst,Government,—,MD,Suitland,Other,2026-08-07,2026-08-21,2026-08-07,2026-08-10,https://www.usajobs.gov/job/879713800
United States Army Installation Management Command (Department of the Army),Deputy Director Family Morale Welfare and Recreation NF-05,Government,—,,Grafenwohr,Other,2026-08-06,2026-08-20,2026-08-07,2026-08-10,https://www.usajobs.gov/job/879717000
Agricultural Marketing Service (Department of Agriculture),Management and Program Analyst,Government,—,IN,South Bend,Other,2026-08-07,2026-08-13,2026-08-07,2026-08-10,https://www.usajobs.gov/job/879674700
Air Force Materiel Command (Department of the Air Force),Supervisory Management Analyst - Direct Hire Authority,Government,—,OH,Wright-Patterson AFB,Other,2026-08-06,2026-12-04,2026-08-07,2026-08-10,https://www.usajobs.gov/job/879647300
Air Mobility Command (Department of the Air Force),Bowling Center Manager,Government,—,AR,Little Rock AFB,Other,2026-08-07,2026-08-13,2026-08-07,2026-08-10,https://www.usajobs.gov/job/879601400
Air Mobility Command (Department of the Air Force),Commercial Sponsorship Coordinator,Government,—,NJ,McGuire AFB,Other,2026-08-06,2026-08-20,2026-08-07,2026-08-10,https://www.usajobs.gov/job/879617200
Assistant Secretary for Fair Housing and Equal Opportunity (Department of Housing and Urban Development),Deputy Assistant Secretary for Policy Legislative Initiatives and Outreach,Government,—,LA,Alexandria,Other,2026-08-06,2026-08-28,2026-08-07,2026-08-10,https://www.usajobs.gov/job/879682200
"Bureau of Alcohol, Tobacco, Firearms and Explosives (Department of Justice)",Evidence Control Specialist,Government,—,KS,Wichita,Other,2026-08-06,2026-08-20,2026-08-07,2026-08-10,https://www.usajobs.gov/job/879608500
Bureau of Engraving and Printing (Department of the Treasury),"Chief, Office of Engraving",Government,—,DC,Washington,Other,2026-08-07,2026-08-21,2026-08-07,2026-08-10,https://www.usajobs.gov/job/879401000
"Commander, Navy Installations Command (Department of the Navy)",Work and Family Life Coordinator,Government,—,TX,Fort Worth,Other,2026-08-07,2026-08-21,2026-08-07,2026-08-10,https://www.usajobs.gov/job/879523500
"Commander, Navy Installations Command (Department of the Navy)",Interdisciplinary Clinical Counselor/psychologist/social Worker (FAP),Government,—,HI,Pearl Harbor,Other,2026-08-07,2026-08-14,2026-08-07,2026-08-10,https://www.usajobs.gov/job/879205300
"Commander, Navy Installations Command (Department of the Navy)","Supervisory Counseling, Advocacy, and Prevention (CAP) Generalist",Government,—,TX,Fort Worth,Other,2026-08-06,2026-08-11,2026-08-07,2026-08-10,https://www.usajobs.gov/job/879517800
"Commander, Navy Installations Command (Department of the Navy)",Sexual Assault Response Coordinator (sarc),Government,—,CA,Coronado,Other,2026-08-06,2026-08-13,2026-08-07,2026-08-10,https://www.usajobs.gov/job/879638800
Customs and Border Protection (Department of Homeland Security),Mission Support Specialist (generalist),Government,—,TX,Alpine,Other,2026-08-07,2026-08-13,2026-08-07,2026-08-10,https://www.usajobs.gov/job/879408400
Defense Commissary Agency (Department of Defense),Computer Assisted Ordering Technician,Government,—,HI,Schofield Barracks,Other,2026-08-06,2026-08-17,2026-08-07,2026-08-10,https://www.usajobs.gov/job/879571500
Farm Production and Conservation (FPAC) Business Center (Department of Agriculture),Management and Program Analyst,Government,—,MO,Kansas City,Other,2026-08-07,2026-08-20,2026-08-07,2026-08-10,https://www.usajobs.gov/job/879359200
Farm Service Agency (Department of Agriculture),Loan Analyst,Government,—,UT,Salt Lake City,Other,2026-08-06,2026-08-17,2026-08-07,2026-08-10,https://www.usajobs.gov/job/879566000
Federal Emergency Management Agency (Department of Homeland Security),Program Analyst,Government,—,DC,Washington,Other,2026-08-06,2026-08-16,2026-08-07,2026-08-10,https://www.usajobs.gov/job/879606400
Federal Highway Administration (Department of Transportation),Program Manager (DDA) - DIRECT HIRE,Government,—,AL,Montgomery,Other,2026-08-07,2026-08-17,2026-08-07,2026-08-10,https://www.usajobs.gov/job/879686100
Immigration and Customs Enforcement (Department of Homeland Security),Facility Healthcare Program Manager (O-5 Billet) Non-Supervisory,Government,—,TX,Los Fresnos,Other,2025-10-04,2026-09-30,2026-08-07,2026-08-10,https://www.usajobs.gov/job/879565400
John Glenn Research Center at Lewis Field (National Aeronautics and Space Administration),Public Notice - Administrative/Management (Direct Hire),Government,—,OH,Cleveland,Other,2026-08-07,2026-08-11,2026-08-07,2026-08-10,https://www.usajobs.gov/job/879594800
National Park Service (Department of the Interior),Budget Analyst,Government,—,CA,Crescent City,Other,2026-08-06,2026-08-19,2026-08-07,2026-08-10,https://www.usajobs.gov/job/879585100
Naval Sea Systems Command (Department of the Navy),Program Analyst,Government,—,DC,Washington Navy Yard,Other,2026-08-07,2026-08-17,2026-08-07,2026-08-10,https://www.usajobs.gov/job/879560400
Naval Sea Systems Command (Department of the Navy),Production Manager,Government,—,PA,Philadelphia County,Other,2026-08-07,2026-08-20,2026-08-07,2026-08-10,https://www.usajobs.gov/job/879456100
Nuclear Regulatory Commission (Other Agencies and Independent Organizations),Budget Director,Government,—,MD,Rockville,Other,2026-08-06,2026-08-20,2026-08-07,2026-08-10,https://www.usajobs.gov/job/879690000
Public Buildings Service (General Services Administration),Project Manager (Construction),Government,—,AK,Anchorage,Other,2026-08-06,2026-08-17,2026-08-07,2026-08-10,https://www.usajobs.gov/job/879521500
Securities and Exchange Commission (Other Agencies and Independent Organizations),"Branch Chief, Strategic Communications",Government,—,DC,Washington,Other,2026-08-06,2026-08-20,2026-08-07,2026-08-10,https://www.usajobs.gov/job/879676800
Small Business Administration (Other Agencies and Independent Organizations),Budget Analyst,Government,—,DC,Washington,Other,2026-08-07,2026-08-20,2026-08-07,2026-08-10,https://www.usajobs.gov/job/879675000
U.S. Coast Guard (Department of Homeland Security),Management Program Analyst,Government,—,DC,Washington,Other,2026-08-07,2026-08-17,2026-08-07,2026-08-10,https://www.usajobs.gov/job/879608900
U.S. Marine Corps (Department of the Navy),Clinical Counselor Community Counseling Center Nf4 Tier II & III,Government,—,CA,Oceanside,Other,2026-08-06,2026-08-20,2026-08-07,2026-08-10,https://www.usajobs.gov/job/879574100
U.S. Marine Corps (Department of the Navy),Supervisory Sexual Assault Response Coordinator,Government,—,NC,Camp Lejeune,Other,2026-08-06,2026-08-10,2026-08-07,2026-08-10,https://www.usajobs.gov/job/879581900
United States Army Installation Management Command (Department of the Army),Marketing Assistant NF-03,Government,—,NM,White Sands Missile Range,Other,2026-08-06,2026-08-20,2026-08-07,2026-08-10,https://www.usajobs.gov/job/879685700
Veterans Health Administration (Department of Veterans Affairs),Program Analyst (Informatics),Government,—,MO,Jefferson Barracks,Other,2026-08-06,2026-08-14,2026-08-07,2026-08-10,https://www.usajobs.gov/job/879677800
Air Education and Training Command (Department of the Air Force),Club Manager,Government,—,TX,Sheppard AFB,Other,2026-08-06,2026-08-19,2026-08-06,2026-08-10,https://www.usajobs.gov/job/879452500
Army National Guard Units (Department of the Army),Military Funeral Honor Program Coordinator (t32),Government,—,AL,Montgomery,Other,2026-08-05,2026-09-04,2026-08-06,2026-08-10,https://www.usajobs.gov/job/879416900
Bureau of Industry and Security (Department of Commerce),Trade and Industry Analyst,Government,—,DC,Washington,Other,2026-08-05,2026-08-11,2026-08-06,2026-08-10,https://www.usajobs.gov/job/879362900
Bureau of the Fiscal Service (Department of the Treasury),Management and Program Analyst,Government,—,DC,Washington,Other,2026-08-06,2026-08-12,2026-08-06,2026-08-09,https://www.usajobs.gov/job/879358500
"Commander, Navy Installations Command (Department of the Navy)",Supervisory Chef,Government,—,,Tokyo,Other,2026-08-06,2026-08-12,2026-08-06,2026-08-10,https://www.usajobs.gov/job/879488800
DHS Headquarters (Department of Homeland Security),Policy Analyst,Government,—,DC,Washington,Other,2026-08-06,2026-08-12,2026-08-06,2026-08-10,https://www.usajobs.gov/job/879447900
Defense Intelligence Agency (Department of Defense),Program Manager,Government,—,AL,Redstone Arsenal,Other,2026-08-04,2026-08-18,2026-08-06,2026-08-10,https://www.usajobs.gov/job/879368000
Defense Logistics Agency (Department of Defense),"Executive Director, Operations and Sustainment",Government,—,VA,Fort Belvoir,Other,2026-08-05,2026-08-19,2026-08-06,2026-08-10,https://www.usajobs.gov/job/879359700
Department of War Education Activity (Department of Defense),Management and Program Analyst (Student Eligibility),Government,—,,Sembach,Other,2026-08-06,2026-08-10,2026-08-06,2026-08-10,https://www.usajobs.gov/job/879127400
Departmental Administration (Department of Agriculture),Deputy Director - Leasing,Government,—,CO,Fort Collins,Other,2026-08-05,2026-08-26,2026-08-06,2026-08-10,https://www.usajobs.gov/job/879362700
Farm Service Agency (Department of Agriculture),County Program Analyst,Government,—,ND,Grand Forks,Other,2026-08-06,2026-08-19,2026-08-06,2026-08-10,https://www.usajobs.gov/job/879405600
Great Lakes Saint Lawrence Seaway Development Corporation (Department of Transportation),Deputy Administrator,Government,—,DC,Washington,Other,2026-08-06,2026-08-19,2026-08-06,2026-08-10,https://www.usajobs.gov/job/879492500
Immediate Office of the Chief of Naval Operations (Department of the Navy),Supervisory Program Analyst,Government,—,VA,"Pentagon, Arlington",Other,2026-08-06,2026-08-13,2026-08-06,2026-08-10,https://www.usajobs.gov/job/879360200
Internal Revenue Service (Department of the Treasury),Publications and Regulations Specialist,Government,—,DC,Washington,Other,2026-08-05,2026-08-11,2026-08-06,2026-08-10,https://www.usajobs.gov/job/879383400
Internal Revenue Service (Department of the Treasury),Federal Register Liaison,Government,—,DC,Washington,Other,2026-08-06,2026-08-12,2026-08-06,2026-08-10,https://www.usajobs.gov/job/879389000
Military Treatment Facilities under DHA (Department of Defense),Management Analyst (MEPRS),Government,—,CA,Camp Pendleton,Other,2026-08-05,2026-08-24,2026-08-06,2026-08-10,https://www.usajobs.gov/job/879367300
Military Treatment Facilities under DHA (Department of Defense),Management Analyst (Audits and Agreements Manager),Government,—,RI,Newport,Other,2026-08-06,2026-08-19,2026-08-06,2026-08-10,https://www.usajobs.gov/job/879397700
Military Treatment Facilities under DHA (Department of Defense),Decedent Affairs Specialist,Government,—,CA,Camp Pendleton,Other,2026-08-05,2026-08-17,2026-08-06,2026-08-10,https://www.usajobs.gov/job/879399800
National Labor Relations Board (Other Agencies and Independent Organizations),Senior Program Analyst (Systems Analysis) (Senior Case Management Specialist),Government,—,DC,Washington,Other,2026-08-05,2026-08-10,2026-08-06,2026-08-10,https://www.usajobs.gov/job/879475100
Navy Reserve Force (Department of the Navy),Integrated Prevention Coordinator,Government,—,TX,Fort Worth,Other,2026-08-06,2026-08-17,2026-08-06,2026-08-10,https://www.usajobs.gov/job/879014900
Public Buildings Service (General Services Administration),"Assistant Commissioner, Office of Facilities Management",Government,—,DC,District of Columbia,Other,2026-08-06,2026-08-20,2026-08-06,2026-08-10,https://www.usajobs.gov/job/879506700
STRATEGIC SYSTEMS PROGRAMS (SSP) (Department of the Navy),Program Analyst,Government,—,DC,Washington Navy Yard,Other,2026-08-06,2026-08-19,2026-08-06,2026-08-10,https://www.usajobs.gov/job/879439800
U.S. Army Corps of Engineers (Department of the Army),Program and Management Analyst,Government,—,WA,Walla Walla,Other,2026-08-06,2026-08-19,2026-08-06,2026-08-06,https://www.usajobs.gov/job/879295800
U.S. Courts (Judicial Branch),Probation Services Assistant,Government,—,NV,Reno,Other,2026-08-05,2027-08-04,2026-08-06,2026-08-10,https://www.usajobs.gov/job/879433400
U.S. Marine Corps (Department of the Navy),Supervisory Transition Readiness Program Advisor,Government,—,CA,Camp Pendleton,Other,2026-08-05,2026-08-10,2026-08-06,2026-08-10,https://www.usajobs.gov/job/879356600
U.S. Marine Corps (Department of the Navy),Program Spec Nf4 - Transition AND Employment Readiness,Government,—,VA,Arlington,Other,2026-08-05,2026-08-12,2026-08-06,2026-08-10,https://www.usajobs.gov/job/879416400
U.S. Marine Corps (Department of the Navy),Regional Marine Corps Total Fitness Integrator / Nf5,Government,—,CA,Oceanside,Other,2026-08-05,2026-08-19,2026-08-06,2026-08-10,https://www.usajobs.gov/job/879475800
U.S. Marine Corps (Department of the Navy),Housekeeping Manager Nf3,Government,—,CA,Twentynine Palms,Other,2026-08-05,2026-08-19,2026-08-06,2026-08-10,https://www.usajobs.gov/job/879425600
U.S. Marine Corps (Department of the Navy),Assistant Buyer Nf3,Government,—,VA,Quantico,Other,2026-08-06,2026-08-20,2026-08-06,2026-08-10,https://www.usajobs.gov/job/879501000
United States Army Installation Management Command (Department of the Army),Leisure Travel Manager NF-04,Government,—,TX,Fort Bliss,Other,2026-08-05,2026-08-12,2026-08-06,2026-08-10,https://www.usajobs.gov/job/879418600
United States Army Installation Management Command (Department of the Army),Operations Assistant NF-02,Government,—,CA,Fort Irwin,Other,2026-08-05,2026-08-17,2026-08-06,2026-08-10,https://www.usajobs.gov/job/879474600
Veterans Health Administration (Department of Veterans Affairs),Management and Program Analyst,Government,—,MA,West Roxbury,Other,2026-08-05,2026-08-12,2026-08-06,2026-08-10,https://www.usajobs.gov/job/879386200
Veterans Health Administration (Department of Veterans Affairs),Budget Analyst,Government,—,CA,Palo Alto,Other,2026-08-06,2026-08-12,2026-08-06,2026-08-10,https://www.usajobs.gov/job/879429300
Veterans Health Administration (Department of Veterans Affairs),VCS-Assistant Canteen Chief-  West Roxbury NY,Government,—,NY,Roxbury,Other,2026-08-05,2026-09-04,2026-08-06,2026-08-10,https://www.usajobs.gov/job/879456600
Agricultural Research Service (Department of Agriculture),Program Specialist,Government,—,KS,Manhattan,Other,2026-08-04,2026-08-17,2026-08-05,2026-08-10,https://www.usajobs.gov/job/879151100
Air Force Materiel Command (Department of the Air Force),WORK/LIFE CONSULTANT - Direct Hire Authority,Government,—,CA,Edwards AFB,Other,2026-08-04,2026-08-09,2026-08-05,2026-08-09,https://www.usajobs.gov/job/879284300
Air Mobility Command (Department of the Air Force),Marketing Assistant,Government,—,CA,Travis AFB,Other,2026-08-05,2026-08-12,2026-08-05,2026-08-10,https://www.usajobs.gov/job/879237400
Army National Guard Units (Department of the Army),Sexual Assault Response Coordinator (sarc) (title 5),Government,—,UT,Salt Lake City,Other,2026-08-04,2026-08-11,2026-08-05,2026-08-10,https://www.usajobs.gov/job/879201200
Bonneville Power Administration (Department of Energy),Compliance Specialist,Government,—,OR,Portland,Other,2026-08-05,2026-08-14,2026-08-05,2026-08-10,https://www.usajobs.gov/job/879175900
Bureau of Prisons/Federal Prison System (Department of Justice),Management Analyst,Government,—,DC,Washington,Other,2026-08-04,2026-08-11,2026-08-05,2026-08-06,https://www.usajobs.gov/job/879241200
Bureau of Prisons/Federal Prison System (Department of Justice),Correctional Treatment Specialist (Assistant Case Management Coordinator),Government,—,FL,Miami,Other,2026-08-04,2026-08-11,2026-08-05,2026-08-10,https://www.usajobs.gov/job/879234200
Bureau of Prisons/Federal Prison System (Department of Justice),Procurement and Property Specialist,Government,—,WA,Seatac,Other,2026-08-04,2026-08-11,2026-08-05,2026-08-10,https://www.usajobs.gov/job/879239000
"Commander, Navy Installations Command (Department of the Navy)",Supervisory Sexual Assault Response Coordinator,Government,—,FL,Naval Air Station Pensacola,Other,2026-08-04,2026-08-14,2026-08-05,2026-08-10,https://www.usajobs.gov/job/879247800
"Commander, Navy Installations Command (Department of the Navy)",Maintenance Coordinator,Government,—,IL,Great Lakes,Other,2026-08-04,2026-08-18,2026-08-05,2026-08-10,https://www.usajobs.gov/job/879296100
"Commander, Navy Installations Command (Department of the Navy)","Food, Beverage and Entertainment Director",Government,—,,Sasebo Naval Base,Other,2026-08-05,2026-08-19,2026-08-05,2026-08-10,https://www.usajobs.gov/job/879297200
Court Services and Offender Supervision Agency for DC - Agency Wide (Court Services and Offender Supervision Agency for DC),Supervisory Program Coordinator,Government,—,DC,Washington,Other,2026-08-04,2026-08-18,2026-08-05,2026-08-05,https://www.usajobs.gov/job/879184100
Defense Health Agency (Department of Defense),Budget Analyst,Government,—,AL,Fort Rucker,Other,2026-08-05,2026-08-11,2026-08-05,2026-08-10,https://www.usajobs.gov/job/878976000
Defense Logistics Agency (Department of Defense),Demand/Supply Chain Analyst,Government,—,FL,Naval Air Station Jacksonville,Other,2026-08-05,2026-08-12,2026-08-05,2026-08-10,https://www.usajobs.gov/job/879329700
Defense Threat Reduction Agency (Department of Defense),Program Analyst,Government,—,NM,Kirtland AFB,Other,2026-08-04,2026-08-17,2026-08-05,2026-08-10,https://www.usajobs.gov/job/879176700
Economic Development Administration (Department of Commerce),Administrative Specialist,Government,—,DC,Washington,Other,2026-08-05,2026-08-12,2026-08-05,2026-08-05,https://www.usajobs.gov/job/879248400
Environmental Protection Agency (Other Agencies and Independent Organizations),"Director, Enforcement and Compliance Assurance Division",Government,—,KS,Lenexa,Other,2026-08-05,2026-08-19,2026-08-05,2026-08-10,https://www.usajobs.gov/job/879334200
Equal Employment Opportunity Commission (Other Agencies and Independent Organizations),Congressional Liaison Specialist,Government,—,DC,Washington,Other,2026-08-05,2026-08-12,2026-08-05,2026-08-10,https://www.usajobs.gov/job/879340600
Federal Bureau of Investigation (Department of Justice),Victim Specialist,Government,—,NH,Concord,Other,2026-08-04,2026-08-18,2026-08-05,2026-08-10,https://www.usajobs.gov/job/879142500
Federal Highway Administration (Department of Transportation),Program Manager - DIRECT HIRE,Government,—,WA,Vancouver,Other,2026-08-05,2026-08-14,2026-08-05,2026-08-10,https://www.usajobs.gov/job/879311200
Federal Law Enforcement Training Centers (Department of Homeland Security),Program Analyst,Government,—,GA,Glynco,Other,2026-08-05,2026-08-11,2026-08-05,2026-08-10,https://www.usajobs.gov/job/879252900
Immigration and Customs Enforcement (Department of Homeland Security),Budget Analyst,Government,—,DC,Washington,Other,2026-08-04,2026-08-18,2026-08-05,2026-08-10,https://www.usajobs.gov/job/879171500
Military Treatment Facilities under DHA (Department of Defense),Management and Program Analyst  (Medical Expense and Performance Reporting System),Government,—,SC,Fort Jackson,Other,2026-08-05,2026-08-11,2026-08-05,2026-08-10,https://www.usajobs.gov/job/879188200
Military Treatment Facilities under DHA (Department of Defense),Protocol Officer,Government,—,TX,Fort Hood,Other,2026-08-05,2026-08-10,2026-08-05,2026-08-10,https://www.usajobs.gov/job/878939600
Military Treatment Facilities under DHA (Department of Defense),Healthcare Program Specialist (risk/patient Safety),Government,—,VA,"Naval Medical Center, Portsmouth",Other,2026-08-05,2026-08-10,2026-08-05,2026-08-10,https://www.usajobs.gov/job/879121000
National Oceanic and Atmospheric Administration (Department of Commerce),Management and Program Analysis Officer,Government,—,RI,Newport,Other,2026-08-05,2026-08-11,2026-08-05,2026-08-10,https://www.usajobs.gov/job/879225000
National Oceanic and Atmospheric Administration (Department of Commerce),Budget Analyst,Government,—,CO,Boulder,Other,2026-08-05,2026-08-11,2026-08-05,2026-08-10,https://www.usajobs.gov/job/879094800
Naval Sea Systems Command (Department of the Navy),Program Manager,Government,—,NJ,Moorestown,Other,2026-08-05,2026-08-18,2026-08-05,2026-08-10,https://www.usajobs.gov/job/879280600
Office of the Secretary of Defense (Department of Defense),Deputy Assistant Secretary of War for Health Readiness Policy and Oversight,Government,—,VA,Falls Church,Other,2026-08-05,2026-08-19,2026-08-05,2026-08-10,https://www.usajobs.gov/job/879341800
Pretrial Services Agency (Court Services and Offender Supervision Agency for DC),Program (Policy) Analyst,Government,—,DC,Washington,Other,2026-08-05,2026-08-14,2026-08-05,2026-08-10,https://www.usajobs.gov/job/879327300
Secretary of the Navy Offices (SECNAV) (Department of the Navy),Management Analyst,Government,—,CA,Marine Corps Air Station Miramar,Other,2026-08-04,2026-08-09,2026-08-05,2026-08-09,https://www.usajobs.gov/job/879275600
U.S. Marine Corps (Department of the Navy),Drivers Training Master Instructor,Government,—,VA,Quantico,Contingent / adjunct,2026-08-04,2026-08-18,2026-08-05,2026-08-10,https://www.usajobs.gov/job/879268100
United States Army Installation Management Command (Department of the Army),Business Manager (Food Service) NF-03,Government,—,IL,Rock Island,Other,2026-08-04,2026-08-18,2026-08-05,2026-08-10,https://www.usajobs.gov/job/879255900
United States Space Force (Department of the Air Force),Digital Content Specialist,Government,—,CO,Peterson AFB,Other,2026-08-04,2026-08-18,2026-08-05,2026-08-10,https://www.usajobs.gov/job/879144500
Veterans Health Administration (Department of Veterans Affairs),Supervisory Medical Administration Specialist,Government,—,OK,Oklahoma City,Other,2026-08-05,2026-08-10,2026-08-05,2026-08-10,https://www.usajobs.gov/job/879178400
Federal Energy Regulatory Commission (Department of Energy),Energy Industry Analyst,Government,—,DC,District of Columbia,Other,2026-08-04,2026-08-11,2026-08-04,2026-08-10,https://www.usajobs.gov/job/879098200
Naval Air Systems Command (Department of the Navy),Management AND Program Analyst,Government,—,NC,Cherry Point,Other,2026-08-04,2026-08-10,2026-08-04,2026-08-10,https://www.usajobs.gov/job/879025300
U.S. Military Entrance Processing Command (Department of the Army),Test Control Officer,Government,—,PA,Pittsburgh,Other,2026-08-04,2026-08-10,2026-08-04,2026-08-10,https://www.usajobs.gov/job/879106900
Air Force Materiel Command (Department of the Air Force),Community Programs Specialist- Direct Hire Authority,Government,—,CA,Edwards AFB,Other,2026-08-04,2026-08-19,2026-08-04,2026-08-10,https://www.usajobs.gov/job/878772900
Air Force Special Operations Command (Department of the Air Force),Marketing Director,Government,—,NM,Cannon AFB,Other,2026-08-04,2026-08-17,2026-08-04,2026-08-10,https://www.usajobs.gov/job/879066500
"Commander, Navy Installations Command (Department of the Navy)",Program Analyst,Government,—,CA,Ventura,Other,2026-08-04,2026-08-10,2026-08-04,2026-08-10,https://www.usajobs.gov/job/878974500
"Commander, Navy Installations Command (Department of the Navy)",Personal Financial Readiness Specialist,Government,—,CA,Coronado,Other,2026-08-04,2026-08-18,2026-08-04,2026-08-10,https://www.usajobs.gov/job/879032100
"Commander, Navy Installations Command (Department of the Navy)",Sexual Assault Prevention and Response Victim Advocate,Government,—,CA,Monterey,Other,2026-08-04,2026-08-10,2026-08-04,2026-08-10,https://www.usajobs.gov/job/878697300
Cybersecurity and Infrastructure Security Agency (Department of Homeland Security),Associate Director Risk Services,Government,—,VA,Arlington,Other,2026-08-04,2026-08-17,2026-08-04,2026-08-10,https://www.usajobs.gov/job/878951500
Defense Information Systems Agency (Department of Defense),Supv Program Analyst (project Manager),Government,—,AZ,Fort Huachuca,Other,2026-08-04,2026-08-11,2026-08-04,2026-08-10,https://www.usajobs.gov/job/878848400
Defense Information Systems Agency (Department of Defense),Budget Analyst,Government,—,AZ,Fort Huachuca,Other,2026-08-04,2026-08-13,2026-08-04,2026-08-10,https://www.usajobs.gov/job/878937100
Forest Service (Department of Agriculture),Recreation Management Specialist,Government,—,ID,Ketchum,Other,2026-08-04,2026-08-10,2026-08-04,2026-08-10,https://www.usajobs.gov/job/878855700
Forest Service (Department of Agriculture),Program Specialist,Government,—,UT,Salt Lake City,Other,2026-08-04,2026-08-10,2026-08-04,2026-08-10,https://www.usajobs.gov/job/878860400
Forest Service (Department of Agriculture),Budget Analyst,Government,—,UT,Salt Lake City,Other,2026-08-04,2026-08-10,2026-08-04,2026-08-10,https://www.usajobs.gov/job/878865700
Joint Activities (Department of the Army),Joint Policy Analyst,Government,—,FL,Key West,Other,2026-08-04,2026-08-10,2026-08-04,2026-08-10,https://www.usajobs.gov/job/878960300
Joint Activities (Department of the Army),Cyber Capabilities Program Analyst,Government,—,MD,Fort Meade,Other,2026-08-04,2026-08-14,2026-08-04,2026-08-10,https://www.usajobs.gov/job/879070700
Library of Congress (Legislative Branch),Product Manager,Government,—,DC,Washington,Other,2026-08-04,2026-08-25,2026-08-04,2026-08-10,https://www.usajobs.gov/job/879082400
Military Treatment Facilities under DHA (Department of Defense),Contract Service Specialist,Government,—,GA,Robins AFB,Other,2026-08-04,2026-08-17,2026-08-04,2026-08-10,https://www.usajobs.gov/job/879049200
Office of Management and Budget (Executive Office of the President),"Treasury, Consumer, and Financial Markets Branch Chief",Government,—,DC,Washington,Other,2026-08-04,2026-08-18,2026-08-04,2026-08-10,https://www.usajobs.gov/job/878345000
Office of Management and Budget (Executive Office of the President),"Labor, Income Maintenance, and Education Branch Chief",Government,—,DC,Washington,Other,2026-08-04,2026-08-18,2026-08-04,2026-08-10,https://www.usajobs.gov/job/878345400
Office of Management and Budget (Executive Office of the President),"Defense, International Affairs, and General Government Branch Chief",Government,—,DC,Washington,Other,2026-08-04,2026-08-18,2026-08-04,2026-08-10,https://www.usajobs.gov/job/878768100
Pacific Air Forces (Department of the Air Force),Assistant Manager,Government,—,,Kadena Air Base Okinawa,Other,2026-08-04,2026-08-17,2026-08-04,2026-08-10,https://www.usajobs.gov/job/879092000
U.S. Marine Corps (Department of the Navy),"Information AND Referral Specialist, Nf-03/rft, Camp Kinser",Government,—,,Camp Foster,Other,2026-08-04,2026-08-18,2026-08-04,2026-08-10,https://www.usajobs.gov/job/879091600
United States Space Force Forces (Department of the Air Force),Orbital Warfare Program Analyst,Government,—,CO,Peterson AFB,Other,2026-08-03,2026-08-11,2026-08-04,2026-08-10,https://www.usajobs.gov/job/879089300
Air National Guard Units (Department of the Air Force),Sexual Assault Prevention & Response Coordinator,Government,—,WA,Camp Murray,Other,2026-08-03,2026-08-18,2026-08-03,2026-08-10,https://www.usajobs.gov/job/879073500
Air Force Materiel Command (Department of the Air Force),Supervisory Acquisition Program Management Specialist - Direct Hire Authority,Government,—,IL,Scott AFB,Other,2026-08-03,2026-12-01,2026-08-03,2026-08-10,https://www.usajobs.gov/job/879055900
Naval Special Warfare Command (Department of the Navy),Supervisory Program Manager,Government,—,VA,"Dam Neck Naval Facility, Virginia Beach",Other,2026-08-03,2026-08-10,2026-08-03,2026-08-10,https://www.usajobs.gov/job/879061100
U.S. Marine Corps (Department of the Navy),Sales Manager Nf3,Government,—,CA,Twentynine Palms,Other,2026-08-03,2026-08-17,2026-08-03,2026-08-10,https://www.usajobs.gov/job/879068700
United States Army Installation Management Command (Department of the Army),Program Analyst NF-04,Government,—,GA,Fort Stewart,Other,2026-08-03,2026-08-17,2026-08-03,2026-08-10,https://www.usajobs.gov/job/879068800
Abt Global,Physical Therapist,Research,—,NY,New York,Other,,,2026-08-03,2026-08-10,https://jobs.lever.co/abt/afffbf76-4062-4de2-afa2-1417fa5294ca
Abt Global,Senior Accountant,Research,—,NY,New York,Other,,,2026-08-03,2026-08-10,https://jobs.lever.co/abt/5e878046-de40-41ee-9490-8ad43d827b0c
Brookings Institution,Account Manager,Research,—,CA,San Francisco,Other,,,2026-08-03,2026-08-10,https://jobs.lever.co/brookings/5d857a2b-9b3b-4051-9362-ad1c0808fa1f
Brookings Institution,Financial Analyst,Research,—,CA,San Francisco,Other,,,2026-08-03,2026-08-10,https://jobs.lever.co/brookings/5590489b-33d4-49db-91c4-5a5b01d9f5fe
Brookings Institution,Research Assistant,Research,—,,Multiple Locations,Other,,,2026-08-03,2026-08-10,https://jobs.lever.co/brookings/dff823cf-5c78-43e6-94df-5cec7f2d73c3
Brookings Institution,Research Assistant ES,Research,—,,Multiple Locations,Other,,,2026-08-03,2026-08-10,https://jobs.lever.co/brookings/ccb5a600-8a34-4431-9afa-300bffd1f010
Brookings Institution,Senior Project Manager,Research,—,CA,San Francisco,Other,,,2026-08-03,2026-08-10,https://jobs.lever.co/brookings/6c8cbfdd-1f76-4f98-ae1f-bd5c22bd42c1
Brookings Institution,Senior Research Analyst,Research,—,,Multiple Locations,Other,,,2026-08-03,2026-08-10,https://jobs.lever.co/brookings/ff8575ce-5e5e-47eb-a7bb-6f65cafc7f27
Administration for Children and Families (Department of Health and Human Services),Chief Operations Officer,Government,—,DC,Washington,Other,2026-07-31,2026-08-14,2026-08-03,2026-08-10,https://www.usajobs.gov/job/878767500
Administrative Office of the U.S. Courts (Judicial Branch),Budget Analyst,Government,—,DC,Washington,Other,2026-07-21,2026-08-04,2026-08-03,2026-08-04,https://www.usajobs.gov/job/876557400
Administrative Office of the U.S. Courts (Judicial Branch),Supervisory Probation Administrator (National Program Development Division Chief),Government,—,DC,Washington,Other,2026-07-24,2026-08-14,2026-08-03,2026-08-10,https://www.usajobs.gov/job/877851000
Air Combat Command (Department of the Air Force),GENERAL MANAGER (BurgerFi),Government,—,FL,Tyndall AFB,Other,2026-06-29,2026-09-28,2026-08-03,2026-08-10,https://www.usajobs.gov/job/874606900
Air Combat Command (Department of the Air Force),Golf Management Specialist,Government,—,VA,Langley AFB,Other,2026-07-01,2026-08-03,2026-08-03,2026-08-03,https://www.usajobs.gov/job/875058300
Air Combat Command (Department of the Air Force),Marketing Assistant,Government,—,NM,Holloman AFB,Other,2026-07-23,2026-08-03,2026-08-03,2026-08-03,https://www.usajobs.gov/job/877589500
Air Combat Command (Department of the Air Force),Guest Services Manager,Government,—,NC,Seymour Johnson AFB,Other,2026-07-28,2026-08-09,2026-08-03,2026-08-09,https://www.usajobs.gov/job/878217400
Air Education and Training Command (Department of the Air Force),Management Analyst,Government,—,FL,Eglin AFB,Other,2025-09-29,2026-09-28,2026-08-03,2026-08-10,https://www.usajobs.gov/job/846781700
Air Education and Training Command (Department of the Air Force),Prevention Specialist,Government,—,DC,Joint Base Anacostia-Bolling,Other,2025-09-29,2026-09-28,2026-08-03,2026-08-10,https://www.usajobs.gov/job/846782100
Air Education and Training Command (Department of the Air Force),Club Operations Assistant,Government,—,TX,Lackland AFB,Other,2026-07-22,2026-08-05,2026-08-03,2026-08-05,https://www.usajobs.gov/job/877641900
Air Education and Training Command (Department of the Air Force),Assistant Bowling Center Manager,Government,—,TX,Lackland AFB,Other,2026-07-27,2026-08-03,2026-08-03,2026-08-03,https://www.usajobs.gov/job/878133600
Air Education and Training Command (Department of the Air Force),Caterer,Government,—,AZ,Luke AFB,Other,2026-07-30,2026-08-04,2026-08-03,2026-08-04,https://www.usajobs.gov/job/878679000
Air Education and Training Command (Department of the Air Force),Guest Services Manager,Government,—,TX,Randolph AFB,Other,2026-07-30,2026-08-20,2026-08-03,2026-08-10,https://www.usajobs.gov/job/878723800
Air Education and Training Command (Department of the Air Force),Photographer/videographer,Government,—,AZ,Luke AFB,Other,2026-07-31,2026-08-14,2026-08-03,2026-08-10,https://www.usajobs.gov/job/878922700
Air Force Civilian Career Training (Department of the Air Force),Budget Analyst,Government,—,AK,Elmendorf AFB,Other,2025-10-01,2026-09-30,2026-08-03,2026-08-10,https://www.usajobs.gov/job/850124900
Air Force Civilian Career Training (Department of the Air Force),Work/Life Consultant,Government,—,CA,Vandenberg AFB,Other,2025-09-29,2026-09-28,2026-08-03,2026-08-10,https://www.usajobs.gov/job/846782000
Air Force Civilian Career Training (Department of the Air Force),Acquisition Program Mangement Specialist,Government,—,AL,Gunter AFB,Other,2025-10-01,2026-09-30,2026-08-03,2026-08-10,https://www.usajobs.gov/job/850080700
Air Force Civilian Career Training (Department of the Air Force),Acquisition Program Management Specialist,Government,—,FL,Eglin AFB,Other,2025-11-14,2026-09-30,2026-08-03,2026-08-10,https://www.usajobs.gov/job/850080900
"Air Force Elements, U.S. Transportation Command (Department of the Air Force)",Program Support Specialist,Government,—,IL,Scott AFB,Other,2026-07-24,2026-08-09,2026-08-03,2026-08-09,https://www.usajobs.gov/job/877953600
Air Force Global Strike Command (Department of the Air Force),Food AND Beverage Coordinator,Government,—,SD,Ellsworth AFB,Other,2026-07-21,2026-08-04,2026-08-03,2026-08-04,https://www.usajobs.gov/job/877281900
Air Force Materiel Command (Department of the Air Force),Program Analyst (Cyber Operations),Government,—,CO,Peterson AFB,Other,2026-04-20,2026-09-30,2026-08-03,2026-08-10,https://www.usajobs.gov/job/865782900
Air Force Materiel Command (Department of the Air Force),Program Analyst - Direct Hire Authority,Government,—,OH,Wright-Patterson AFB,Other,2026-04-29,2026-08-27,2026-08-03,2026-08-10,https://www.usajobs.gov/job/867064600
Air Force Materiel Command (Department of the Air Force),Requirements Program Analyst - Direct Hire Authority,Government,—,TX,Kelly AFB,Other,2026-06-02,2026-10-02,2026-08-03,2026-08-10,https://www.usajobs.gov/job/871319000
Air Force Materiel Command (Department of the Air Force),Management AND Program Analyst - Direct Hire Authority,Government,—,TX,Lackland AFB,Other,2026-07-21,2026-11-17,2026-08-03,2026-08-10,https://www.usajobs.gov/job/877444400
Air Force Materiel Command (Department of the Air Force),Configuration and Data Management Specialist,Government,—,GA,Robins AFB,Other,2025-09-29,2026-09-28,2026-08-03,2026-08-10,https://www.usajobs.gov/job/846780900
Air Force Materiel Command (Department of the Air Force),Installation Readiness Program Specialist- Direct Hire Authority,Government,—,OH,Wright-Patterson AFB,Other,2026-04-06,2026-08-04,2026-08-03,2026-08-04,https://www.usajobs.gov/job/863875100
Air Force Materiel Command (Department of the Air Force),Chief Mission Feeding Support Branch - Direct Hire Authority,Government,—,TX,Kelly AFB,Other,2026-04-28,2026-08-26,2026-08-03,2026-08-10,https://www.usajobs.gov/job/866822000
Air Force Materiel Command (Department of the Air Force),F-35 Commander's Action Division Director -DIRECT HIRE AUTHORITY,Government,—,VA,Arlington,Other,2026-04-29,2026-08-27,2026-08-03,2026-08-10,https://www.usajobs.gov/job/867019000
Air Force Materiel Command (Department of the Air Force),Majcom Executive Advisor FOR Services - Direct Hire Authority,Government,—,TX,Kelly AFB,Other,2026-06-09,2026-10-09,2026-08-03,2026-08-10,https://www.usajobs.gov/job/872055600
Air Force Materiel Command (Department of the Air Force),Services Field Support Branch Chief - Direct Hire Authority,Government,—,TX,Kelly AFB,Other,2026-06-23,2026-10-23,2026-08-03,2026-08-10,https://www.usajobs.gov/job/874001600
Air Force Materiel Command (Department of the Air Force),Executive Advisor FOR Services,Government,—,TX,Lackland AFB,Other,2026-07-07,2026-11-05,2026-08-03,2026-08-10,https://www.usajobs.gov/job/875397900
Air Force Materiel Command (Department of the Air Force),Range Program Manager - Direct Hire Authority,Government,—,UT,Hill AFB,Other,2026-07-08,2026-11-03,2026-08-03,2026-08-10,https://www.usajobs.gov/job/875486700
Air Force Materiel Command (Department of the Air Force),Supervisory Community Programs Specialist,Government,—,TX,Kelly AFB,Other,2026-07-09,2026-11-06,2026-08-03,2026-08-10,https://www.usajobs.gov/job/875680700
Air Force Materiel Command (Department of the Air Force),Budget Analyst-Direct Hire Authority,Government,—,CA,Edwards AFB,Other,2026-07-02,2026-08-03,2026-08-03,2026-08-03,https://www.usajobs.gov/job/875210300
Air Force Materiel Command (Department of the Air Force),Supervisory Sexual Assault Prevention & Response Specialist - Direct Hire Authority,Government,—,MA,Hanscom AFB,Other,2026-04-08,2026-08-07,2026-08-03,2026-08-07,https://www.usajobs.gov/job/864330700
Air Force Materiel Command (Department of the Air Force),Prevention Analyst-direct Hire Authority,Government,—,OH,Wright-Patterson AFB,Other,2026-04-21,2026-08-19,2026-08-03,2026-08-10,https://www.usajobs.gov/job/866082700
Air Force Materiel Command (Department of the Air Force),Prevention Specialist - Direct Hire Authority,Government,—,MA,Hanscom AFB,Other,2026-06-29,2026-10-27,2026-08-03,2026-08-10,https://www.usajobs.gov/job/874718100
Air Force Materiel Command (Department of the Air Force),Acquisition Program Management Specialist- Direct Hire Authority,Government,—,OH,Heath,Other,2026-04-07,2026-08-06,2026-08-03,2026-08-06,https://www.usajobs.gov/job/864234300
Air Force Materiel Command (Department of the Air Force),Acquisition Test Manager - Direct Hire Authority,Government,—,AL,Gunter AFB,Other,2026-04-14,2026-08-14,2026-08-03,2026-08-10,https://www.usajobs.gov/job/865175500
Air Force Materiel Command (Department of the Air Force),Air Force Marathon Programs Director,Government,—,OH,Wright-Patterson AFB,Other,2026-06-18,2026-09-18,2026-08-03,2026-08-10,https://www.usajobs.gov/job/873652600
Air Force Materiel Command (Department of the Air Force),Executive Housing Advisor - Direct Hire Authority,Government,—,TX,Kelly AFB,Other,2026-07-03,2026-10-31,2026-08-03,2026-08-10,https://www.usajobs.gov/job/875259500
Air Force Materiel Command (Department of the Air Force),Acquisition Program Manager Specialist (technical Advisor)- Direct Hire Authority,Government,—,OH,Wright-Patterson AFB,Other,2026-07-23,2026-11-20,2026-08-03,2026-08-10,https://www.usajobs.gov/job/877749300
Air Force Materiel Command (Department of the Air Force),Guest Services Manager,Government,—,UT,Hill AFB,Other,2026-07-27,2026-08-10,2026-08-03,2026-08-10,https://www.usajobs.gov/job/878112500
Air Force Materiel Command (Department of the Air Force),Commercial Sponsorship Coordinator,Government,—,GA,Robins AFB,Other,2026-07-28,2026-08-07,2026-08-03,2026-08-07,https://www.usajobs.gov/job/878206500
Air Force Materiel Command (Department of the Air Force),Marketing Specialist,Government,—,GA,Robins AFB,Other,2026-07-29,2026-08-05,2026-08-03,2026-08-05,https://www.usajobs.gov/job/878516700
Air Mobility Command (Department of the Air Force),Caterer,Government,—,FL,MacDill AFB,Other,2026-05-06,2026-08-04,2026-08-03,2026-08-04,https://www.usajobs.gov/job/868131600
Air Mobility Command (Department of the Air Force),Operations Manager - Mcguire,Government,—,NJ,McGuire AFB,Other,2026-05-29,2026-08-13,2026-08-03,2026-08-10,https://www.usajobs.gov/job/871172400
Air National Guard Units (Department of the Air Force),Program Analyst (t32),Government,—,TX,Ellington AFB,Other,2026-07-29,2026-08-29,2026-08-03,2026-08-10,https://www.usajobs.gov/job/850937500
Air National Guard Units (Department of the Air Force),Program Analyst,Government,—,WA,Camp Murray,Other,2026-01-22,2026-08-23,2026-08-03,2026-08-10,https://www.usajobs.gov/job/851975300
Air National Guard Units (Department of the Air Force),Program Manager (deputy Mission Support Officer),Government,—,IN,Fort Wayne,Other,2026-07-23,2026-08-23,2026-08-03,2026-08-10,https://www.usajobs.gov/job/877703000
Air National Guard Units (Department of the Air Force),Program Manager (mission Support Officer)(t32),Government,—,AL,Montgomery,Other,2026-07-23,2026-08-13,2026-08-03,2026-08-10,https://www.usajobs.gov/job/877714700
Air National Guard Units (Department of the Air Force),HUMAN RESOURCES SPECIALIST (MILITARY) (Title 32),Government,—,AR,Little Rock AFB,Other,2026-07-16,2026-08-14,2026-08-03,2026-08-10,https://www.usajobs.gov/job/876870000
Air National Guard Units (Department of the Air Force),Project Coordination Specialist,Government,—,AK,Eielson AFB,Other,2026-07-21,2026-08-05,2026-08-03,2026-08-05,https://www.usajobs.gov/job/877470400
Air National Guard Units (Department of the Air Force),Medical Administrative Officer,Government,—,IN,Terre Haute,Other,2026-07-23,2026-08-23,2026-08-03,2026-08-10,https://www.usajobs.gov/job/877775100
Air National Guard Units (Department of the Air Force),Primary Prevention Specialist (prev WF) (title 5),Government,—,MO,Springfield,Other,2026-07-01,2027-06-30,2026-08-03,2026-08-10,https://www.usajobs.gov/job/875034300
Alcohol and Tobacco Tax and Trade Bureau (Department of the Treasury),Assistant Administrator Headquarters Operations,Government,—,DC,Washington,Other,2026-07-17,2026-08-17,2026-08-03,2026-08-10,https://www.usajobs.gov/job/877075500
Army National Guard Units (Department of the Army),Military AND Family Readiness Specialist,Government,—,CA,Azusa,Other,2026-07-31,2026-08-07,2026-08-03,2026-08-07,https://www.usajobs.gov/job/878670200
Army National Guard Units (Department of the Army),Military & Family Readiness Specialist,Government,—,PA,Philadelphia,Other,2026-08-03,2026-08-07,2026-08-03,2026-08-07,https://www.usajobs.gov/job/878944000
Army National Guard Units (Department of the Army),Budget Analyst (Title 32),Government,—,DC,Washington,Other,2026-01-22,2027-01-21,2026-08-03,2026-08-10,https://www.usajobs.gov/job/855224900
Army National Guard Units (Department of the Army),Budget Analyst,Government,—,OH,Columbus,Other,2026-07-23,2026-08-07,2026-08-03,2026-08-07,https://www.usajobs.gov/job/877710600
Army National Guard Units (Department of the Army),Sexual Assault Prevention Response Victim Advocate (sapr VA) (title 5),Government,—,TX,Fort Worth,Other,2026-07-16,2026-08-16,2026-08-03,2026-08-10,https://www.usajobs.gov/job/876565600
Army National Guard Units (Department of the Army),Title 5 Primary Prevention Specialist (prev WF) (MI J9),Government,—,MI,Ishpeming,Other,2026-07-23,2026-08-12,2026-08-03,2026-08-10,https://www.usajobs.gov/job/877716500
Army National Guard Units (Department of the Army),PRINCIPAL SARC (Title 5),Government,—,IA,Camp Dodge Military Reservation,Other,2026-07-30,2026-08-13,2026-08-03,2026-08-10,https://www.usajobs.gov/job/878704700
Army Tank-Automotive and Armament Command (TACOM) (Department of the Army),Business Manager (Food Service) NF-03,Government,—,AL,Anniston Army Depot,Other,2026-07-29,2026-08-12,2026-08-03,2026-08-10,https://www.usajobs.gov/job/878324700
Army Tank-Automotive and Armament Command (TACOM) (Department of the Army),Assistant Business Manager (Food Service) NF-02,Government,—,AL,Anniston Army Depot,Other,2026-07-29,2026-08-12,2026-08-03,2026-08-10,https://www.usajobs.gov/job/878345500
Assistant Secretary for Housing-Federal Housing Commissioner (Department of Housing and Urban Development),Director Office of Lender Activities,Government,—,UT,Salt Lake City,Other,2026-07-24,2026-08-14,2026-08-03,2026-08-10,https://www.usajobs.gov/job/877808400
Bureau of Engraving and Printing (Department of the Treasury),Deputy Associate Director of Manufacturing,Government,—,TX,Fort Worth,Other,2026-07-27,2026-08-10,2026-08-03,2026-08-10,https://www.usajobs.gov/job/877917100
Bureau of Prisons/Federal Prison System (Department of Justice),Social Science Research Analyst,Government,—,DC,Washington,Other,2026-07-31,2026-08-07,2026-08-03,2026-08-03,https://www.usajobs.gov/job/878881100
Bureau of Reclamation (Department of the Interior),Budget Analyst,Government,—,MT,Billings,Other,2026-08-03,2026-08-18,2026-08-03,2026-08-10,https://www.usajobs.gov/job/878984900
Centers for Medicare & Medicaid Services (Department of Health and Human Services),Contracting Officer Representative,Government,—,CO,Denver,Other,2026-07-24,2026-08-06,2026-08-03,2026-08-06,https://www.usajobs.gov/job/877697700
Central Intelligence Agency (Other Agencies and Independent Organizations),Resource Analyst,Government,—,DC,Washington,Other,2025-10-01,2026-09-30,2026-08-03,2026-08-10,https://www.usajobs.gov/job/722317000
Citizenship and Immigration Services (Department of Homeland Security),Immigration Services Analyst,Government,—,MA,Boston,Other,2026-07-29,2026-08-03,2026-08-03,2026-08-03,https://www.usajobs.gov/job/878406100
Citizenship and Immigration Services (Department of Homeland Security),Operations Support Specialist,Government,—,KS,Overland Park,Other,2026-07-29,2026-08-03,2026-08-03,2026-08-03,https://www.usajobs.gov/job/878487500
"Commander, Naval Information Warfare Systems Command (NAVWARSYSCOM) (Department of the Navy)",Administrative Specialist (protocol Specialist),Government,—,CA,San Diego,Other,2026-07-29,2026-08-05,2026-08-03,2026-08-05,https://www.usajobs.gov/job/878282000
"Commander, Navy Installations Command (Department of the Navy)",Work and Family Life Specialist,Government,—,,Chinhae,Other,2026-06-16,2026-08-13,2026-08-03,2026-08-10,https://www.usajobs.gov/job/873067600
"Commander, Navy Installations Command (Department of the Navy)",Clinical Counselor/psychologist/social Worker,Government,—,WA,Everett,Other,2026-04-09,2027-04-08,2026-08-03,2026-08-10,https://www.usajobs.gov/job/864598600
"Commander, Navy Installations Command (Department of the Navy)",FFSP Embedded Integrated Prevention Coordinator (EIPC),Government,—,CA,Coronado,Other,2026-07-14,2026-08-04,2026-08-03,2026-08-04,https://www.usajobs.gov/job/876457200
"Commander, Navy Installations Command (Department of the Navy)",Interdisciplinary Counselor,Government,—,CA,Lemoore Naval Air Station,Other,2026-07-20,2026-08-14,2026-08-03,2026-08-10,https://www.usajobs.gov/job/877036500
"Commander, Navy Installations Command (Department of the Navy)",Clinical Counselor (fap/psychologist (fap)/social Worker (FAP),Government,—,VA,"Naval Base, Norfolk",Other,2026-07-23,2026-08-23,2026-08-03,2026-08-10,https://www.usajobs.gov/job/877235500
"Commander, Navy Installations Command (Department of the Navy)",Clinical Counselor / Social Worker,Government,—,CT,Groton Submarine Base,Other,2026-07-23,2026-08-05,2026-08-03,2026-08-05,https://www.usajobs.gov/job/877382900
"Commander, Navy Installations Command (Department of the Navy)",FFSP Deployed Resiliency Counselor (DRC),Government,—,CA,Coronado,Other,2026-07-24,2026-08-14,2026-08-03,2026-08-10,https://www.usajobs.gov/job/878020600
"Commander, Navy Installations Command (Department of the Navy)",Supervisory Integrated Prevention Coordinator (s-ipc),Government,—,VA,"Naval Medical Center, Portsmouth",Other,2026-07-29,2026-08-07,2026-08-03,2026-08-07,https://www.usajobs.gov/job/878282600
"Commander, Navy Installations Command (Department of the Navy)",Interdisciplinary Clinical Supv (FAP Clinical Supv/supv Psychologist/supv Social Worker,Government,—,HI,Pearl Harbor,Other,2026-07-30,2026-08-06,2026-08-03,2026-08-06,https://www.usajobs.gov/job/878304000
"Commander, Navy Installations Command (Department of the Navy)",Prevention AND Education Specialist (FAP),Government,—,CT,Groton Submarine Base,Other,2026-07-31,2026-08-27,2026-08-03,2026-08-10,https://www.usajobs.gov/job/878539400
"Commander, Navy Installations Command (Department of the Navy)",FFSP Clinical Counselor/FAP Case Manager,Government,—,CA,Coronado,Other,2026-07-29,2026-08-19,2026-08-03,2026-08-10,https://www.usajobs.gov/job/878550000
"Commander, Navy Installations Command (Department of the Navy)",Victim Advocate (SAPR),Government,—,FL,Naval Air Station Jacksonville,Other,2026-07-30,2026-08-09,2026-08-03,2026-08-09,https://www.usajobs.gov/job/878604100
"Commander, Navy Installations Command (Department of the Navy)",Real Property Accountability Officer (rpao),Government,—,CA,Point Mugu,Other,2026-07-07,2026-08-13,2026-08-03,2026-08-10,https://www.usajobs.gov/job/875241800
"Commander, Navy Installations Command (Department of the Navy)",Food & Beverage Manager,Government,—,FL,Pensacola,Other,2026-08-07,2026-08-21,2026-08-03,2026-08-10,https://www.usajobs.gov/job/877158800
"Commander, Navy Installations Command (Department of the Navy)",Club Manager,Government,—,,Sasebo,Other,2026-07-24,2026-08-07,2026-08-03,2026-08-07,https://www.usajobs.gov/job/877862300
"Commander, Navy Installations Command (Department of the Navy)",Retail Dining FOH Manager,Government,—,MD,Annapolis,Other,2026-07-27,2026-08-10,2026-08-03,2026-08-10,https://www.usajobs.gov/job/878090100
"Commander, Navy Installations Command (Department of the Navy)",Sous Chef,Government,—,MD,Annapolis,Other,2026-07-27,2026-08-10,2026-08-03,2026-08-10,https://www.usajobs.gov/job/878095800
"Commander, Navy Installations Command (Department of the Navy)",Kitchen Supervisor 500 Sign on Bonus,Government,—,ME,Kittery,Other,2026-07-28,2026-08-06,2026-08-03,2026-08-06,https://www.usajobs.gov/job/878202300
"Commander, Navy Installations Command (Department of the Navy)",Food and Beverage Director,Government,—,VA,Norfolk,Other,2026-07-29,2026-08-14,2026-08-03,2026-08-10,https://www.usajobs.gov/job/878606600
"Commander, Navy Installations Command (Department of the Navy)",Community Recreation Director (SNI),Government,—,CA,San Nicolas Island,Other,2026-07-31,2026-08-31,2026-08-03,2026-08-10,https://www.usajobs.gov/job/878890100
"Commander, Navy Installations Command (Department of the Navy)",Operations Assistant,Government,—,WA,Everett,Other,2026-08-03,2026-09-30,2026-08-03,2026-08-10,https://www.usajobs.gov/job/878954900
"Commander, Navy Installations Command (Department of the Navy)",Restaurant & Catering FOH Supervisor,Government,—,MD,Naval Academy,Other,2026-08-03,2026-08-17,2026-08-03,2026-08-10,https://www.usajobs.gov/job/878998100
Commodity Futures Trading Commission (Other Agencies and Independent Organizations),Management and Program Analyst,Government,—,DC,Washington,Other,2026-07-31,2026-08-14,2026-08-03,2026-08-10,https://www.usajobs.gov/job/878854800
Customs and Border Protection (Department of Homeland Security),Mission Support Specialist,Government,—,VT,Saint Albans,Other,2026-07-29,2026-08-04,2026-08-03,2026-08-04,https://www.usajobs.gov/job/878200100
DHS Headquarters (Department of Homeland Security),"Executive Director, Facilities and Operational Support",Government,—,DC,Washington,Other,2026-07-29,2026-08-13,2026-08-03,2026-08-10,https://www.usajobs.gov/job/878424900
DHS Headquarters (Department of Homeland Security),"Executive Director, Acquisition Program Management",Government,—,MO,Springfield,Other,2026-07-29,2026-08-13,2026-08-03,2026-08-10,https://www.usajobs.gov/job/878486700
DHS Headquarters (Department of Homeland Security),Director Office of Budget,Government,—,MO,Springfield,Other,2026-07-30,2026-08-31,2026-08-03,2026-08-10,https://www.usajobs.gov/job/878451200
Defense Finance and Accounting Service (Department of Defense),Operations Support Specialist NF-04,Government,—,TX,Texarkana,Other,2026-07-30,2026-08-06,2026-08-03,2026-08-06,https://www.usajobs.gov/job/878691000
Defense Health Agency (Department of Defense),Management Analyst,Government,—,VA,Falls Church,Other,2026-08-03,2026-08-05,2026-08-03,2026-08-05,https://www.usajobs.gov/job/878892300
Defense Health Agency (Department of Defense),Portfolio Acquisition Executive for Medical Digital Solutions,Government,—,VA,Falls Church,Other,2026-08-03,2026-09-02,2026-08-03,2026-08-10,https://www.usajobs.gov/job/878245400
Defense Human Resources Activity (Department of Defense),Program & Management Analyst (acquisition),Government,—,CA,Seaside,Other,2026-05-06,2026-08-16,2026-08-03,2026-08-10,https://www.usajobs.gov/job/868120600
Defense Human Resources Activity (Department of Defense),Program Manager,Government,—,CA,Seaside,Other,2026-05-06,2026-08-16,2026-08-03,2026-08-10,https://www.usajobs.gov/job/868115100
Defense Human Resources Activity (Department of Defense),Resource Manager (dspo Portfolio),Government,—,LA,Alexandria,Other,2026-07-27,2026-08-03,2026-08-03,2026-08-03,https://www.usajobs.gov/job/878113800
Defense Information Systems Agency (Department of Defense),Program Analyst,Government,—,MD,Fort Meade,Other,2026-07-24,2026-08-03,2026-08-03,2026-08-03,https://www.usajobs.gov/job/877581300
Defense Intelligence Agency (Department of Defense),Program Analyst (IO),Government,—,VA,Reston,Other,2026-07-30,2026-08-19,2026-08-03,2026-08-10,https://www.usajobs.gov/job/878632700
Defense Legal Services Agency (Department of Defense),Legislative Analyst,Government,—,VA,"Pentagon, Arlington",Other,2026-07-29,2026-08-05,2026-08-03,2026-08-05,https://www.usajobs.gov/job/878231300
Defense Logistics Agency (Department of Defense),Regional Site Deputy Director,Government,—,PA,New Cumberland Defense Logistics Center,Other,2026-07-27,2026-08-04,2026-08-03,2026-08-04,https://www.usajobs.gov/job/878084400
Defense Media Activity (Department of Defense),Distribution Technician NF-02,Government,—,,Dededo,Other,2026-07-27,2026-08-27,2026-08-03,2026-08-10,https://www.usajobs.gov/job/878035500
Defense Microelectronics Activity (Department of Defense),Budget Officer,Government,—,CA,McClellan,Other,2026-07-22,2026-08-05,2026-08-03,2026-08-05,https://www.usajobs.gov/job/877578400
Defense Threat Reduction Agency (Department of Defense),Program Manager,Government,—,VA,Fort Belvoir,Other,2026-07-16,2026-08-03,2026-08-03,2026-08-03,https://www.usajobs.gov/job/876841700
Department of Education - Agency Wide (Department of Education),Deputy Assistant Secretary,Government,—,DC,Washington,Other,2026-07-23,2026-08-06,2026-08-03,2026-08-06,https://www.usajobs.gov/job/877678500
Department of Energy - Agency Wide (Department of Energy),Deputy Director for Mission Support,Government,—,DC,Washington,Other,2026-07-20,2026-08-03,2026-08-03,2026-08-03,https://www.usajobs.gov/job/877218300
Department of Energy Headquarters (Department of Energy),Director Office of the National Training Center,Government,—,DC,Washington,Other,2026-07-29,2026-08-12,2026-08-03,2026-08-10,https://www.usajobs.gov/job/878386000
Department of Energy Headquarters (Department of Energy),Director for Office of Workforce Administration and Management,Government,—,DC,Washington,Other,2026-07-30,2026-08-13,2026-08-03,2026-08-10,https://www.usajobs.gov/job/878603800
Department of Energy Headquarters (Department of Energy),"Managing Investment Officer, Hydrocarbons and Fuels Vertical Lead",Government,—,DC,Washington,Other,2026-08-03,2026-08-10,2026-08-03,2026-08-10,https://www.usajobs.gov/job/878790600
Department of Energy Headquarters (Department of Energy),"Managing Investment Officer, Utilities Vertical Lead",Government,—,DC,Washington,Other,2026-08-03,2026-08-10,2026-08-03,2026-08-10,https://www.usajobs.gov/job/878791900
Department of Energy Headquarters (Department of Energy),"Managing Investment Officer, Nuclear Vertical Lead",Government,—,DC,Washington,Other,2026-08-03,2026-08-10,2026-08-03,2026-08-10,https://www.usajobs.gov/job/878792200
Department of State - Agency Wide (Department of State),Program Analyst,Government,—,KY,Williamsburg,Other,2026-07-24,2026-08-07,2026-08-03,2026-08-07,https://www.usajobs.gov/job/877844600
Department of War Education Activity (Department of Defense),Program Analyst,Government,—,LA,Alexandria,Other,2026-07-31,2026-08-05,2026-08-03,2026-08-05,https://www.usajobs.gov/job/878318300
Department of the Air Force - Agency Wide (Department of the Air Force),"Director, Resources, Policy, and Programs",Government,—,VA,"Pentagon, Arlington",Other,2026-07-22,2026-08-04,2026-08-03,2026-08-04,https://www.usajobs.gov/job/877393600
Department of the Air Force - Agency Wide (Department of the Air Force),"Associate Deputy Chief of Staff, Warfighter Communications and Cyber Systems",Government,—,VA,"Pentagon, Arlington",Other,2026-07-22,2026-08-04,2026-08-03,2026-08-04,https://www.usajobs.gov/job/877508600
Department of the Air Force Headquarters (Department of the Air Force),General Administrative,Government,—,UT,Salt Lake City,Other,2026-03-30,2027-03-29,2026-08-03,2026-08-10,https://www.usajobs.gov/job/863041400
Department of the Air Force Headquarters (Department of the Air Force),General Administrative Clerical and Office Services,Government,—,UT,Salt Lake City,Other,2026-03-30,2027-03-29,2026-08-03,2026-08-10,https://www.usajobs.gov/job/863258700
Department of the Air Force Headquarters (Department of the Air Force),Prevention Specialist,Government,—,AK,Eielson AFB,Other,2025-12-19,2026-12-18,2026-08-03,2026-08-10,https://www.usajobs.gov/job/852980600
Department of the Air Force Headquarters (Department of the Air Force),Munitions Disposal Specialist - Direct Hire Authority,Government,—,UT,Hill AFB,Other,2026-07-08,2026-11-01,2026-08-03,2026-08-10,https://www.usajobs.gov/job/875766900
Department of the Air Force Headquarters (Department of the Air Force),Accounting and Budget,Government,—,UT,Salt Lake City,Other,2026-03-30,2027-03-29,2026-08-03,2026-08-10,https://www.usajobs.gov/job/863057700
Department of the Air Force Headquarters (Department of the Air Force),Sexual Assault Prevention and Response Program Manager,Government,—,AK,Eielson AFB,Other,2025-12-19,2026-12-18,2026-08-03,2026-08-10,https://www.usajobs.gov/job/852969100
Department of the Air Force Headquarters (Department of the Air Force),Social Science,Government,—,UT,Salt Lake City,Other,2026-03-27,2027-03-26,2026-08-03,2026-08-10,https://www.usajobs.gov/job/862957800
Department of the Air Force Headquarters (Department of the Air Force),Business and Industry,Government,—,UT,Salt Lake City,Other,2026-03-30,2027-03-29,2026-08-03,2026-08-10,https://www.usajobs.gov/job/863078300
Development Finance Corporation (Other Agencies and Independent Organizations),Project Finance Specialist (Investment Officer),Government,—,DC,Washington,Other,2026-07-27,2026-08-14,2026-08-03,2026-08-10,https://www.usajobs.gov/job/877994900
Economic Development Administration (Department of Commerce),Supervisory Program Manager,Government,—,DC,Washington,Other,2026-07-29,2026-08-05,2026-08-03,2026-08-05,https://www.usajobs.gov/job/878343000
Economic Development Administration (Department of Commerce),Congressional Affairs Specialist,Government,—,DC,Washington,Other,2026-08-03,2026-08-10,2026-08-03,2026-08-10,https://www.usajobs.gov/job/878994700
Environmental Protection Agency (Other Agencies and Independent Organizations),"Director, National Enforcement Investigations Center Division",Government,—,NJ,Lakewood,Other,2026-07-21,2026-08-04,2026-08-03,2026-08-04,https://www.usajobs.gov/job/877402500
Environmental Protection Agency (Other Agencies and Independent Organizations),"Director, Regulatory and Information Services Division",Government,—,DC,Washington,Other,2026-07-27,2026-08-10,2026-08-03,2026-08-10,https://www.usajobs.gov/job/877791400
Environmental Protection Agency (Other Agencies and Independent Organizations),"Director, Water Infrastructure Finance and Innovation Act Division",Government,—,DC,Washington,Other,2026-07-28,2026-08-11,2026-08-03,2026-08-10,https://www.usajobs.gov/job/878062300
Environmental Protection Agency (Other Agencies and Independent Organizations),"Director, Radiation Protection Division",Government,—,DC,Washington,Other,2026-08-03,2026-08-17,2026-08-03,2026-08-10,https://www.usajobs.gov/job/878957000
Equal Employment Opportunity Commission (Other Agencies and Independent Organizations),Alternative Dispute Resolution (ADR) Mediator,Government,—,AZ,Phoenix,Other,2026-07-30,2026-08-07,2026-08-03,2026-08-07,https://www.usajobs.gov/job/878677100
Executive Office for Immigration Review (Department of Justice),Management & Program Analyst,Government,—,VA,Falls Church,Other,2026-08-03,2026-08-12,2026-08-03,2026-08-10,https://www.usajobs.gov/job/878968100
Executive Office for U.S. Attorneys and the Office of the U.S. Attorneys (Department of Justice),Tribal Victim Assistance Specialist,Government,—,UT,Salt Lake City,Other,2026-07-17,2026-08-05,2026-08-03,2026-08-05,https://www.usajobs.gov/job/876789400
Executive Office for U.S. Attorneys and the Office of the U.S. Attorneys (Department of Justice),Law Enforcement Coordinator,Government,—,IN,Indianapolis,Other,2026-07-20,2026-08-06,2026-08-03,2026-08-06,https://www.usajobs.gov/job/877081000
Executive Office for U.S. Attorneys and the Office of the U.S. Attorneys (Department of Justice),Law Enforcement Coordination Specialist,Government,—,IL,Chicago,Other,2026-07-29,2026-08-08,2026-08-03,2026-08-08,https://www.usajobs.gov/job/878525000
Executive Office for U.S. Attorneys and the Office of the U.S. Attorneys (Department of Justice),Victim Assistant Specialist,Government,—,LA,Alexandria,Other,2026-08-03,2026-08-17,2026-08-03,2026-08-10,https://www.usajobs.gov/job/878802300
Executive Office for U.S. Attorneys and the Office of the U.S. Attorneys (Department of Justice),Budget Officer,Government,—,LA,Baton Rouge,Other,2026-07-27,2026-08-14,2026-08-03,2026-08-10,https://www.usajobs.gov/job/877926800
Farm Credit Administration (Other Agencies and Independent Organizations),Senior Policy Analyst,Government,—,CA,Sacramento,Other,2026-07-21,2026-08-11,2026-08-03,2026-08-10,https://www.usajobs.gov/job/877309500
Farm Credit Administration (Other Agencies and Independent Organizations),Policy Analyst,Government,—,CA,Sacramento,Other,2026-07-28,2026-08-11,2026-08-03,2026-08-10,https://www.usajobs.gov/job/878156500
Farm Service Agency (Department of Agriculture),Program Technician,Government,—,NY,Cortland,Other,2026-07-16,2026-08-05,2026-08-03,2026-08-05,https://www.usajobs.gov/job/876563900
Farm Service Agency (Department of Agriculture),County Executive Director - Expanded,Government,—,OR,McMinnville,Other,2026-07-23,2026-08-05,2026-08-03,2026-08-05,https://www.usajobs.gov/job/877568300
Farm Service Agency (Department of Agriculture),County Program Analyst / Trainee,Government,—,MT,Hardin,Other,2026-07-29,2026-08-11,2026-08-03,2026-08-10,https://www.usajobs.gov/job/878261400
Federal Deposit Insurance Corporation (Other Agencies and Independent Organizations),"Consumer Affairs Specialist, CG-301-12",Government,—,DC,Washington,Other,2026-07-29,2026-08-03,2026-08-03,2026-08-03,https://www.usajobs.gov/job/878291000
Federal Deposit Insurance Corporation (Other Agencies and Independent Organizations),"Resolution Planning Analyst, CG-1101-9/11/12",Government,—,DC,Washington,Other,2026-07-23,2026-08-06,2026-08-03,2026-08-06,https://www.usajobs.gov/job/877591500
Federal Deposit Insurance Corporation (Other Agencies and Independent Organizations),"Senior Franchise Analyst, CG-1101-15",Government,—,DC,Washington,Other,2026-07-31,2026-08-10,2026-08-03,2026-08-10,https://www.usajobs.gov/job/878224500
Federal Emergency Management Agency (Department of Homeland Security),Deputy Assistant Administrator Recovery Directorate,Government,—,DC,Washington,Other,2026-07-23,2026-08-06,2026-08-03,2026-08-06,https://www.usajobs.gov/job/877558800
Federal Highway Administration (Department of Transportation),Lead Program Manager - DIRECT HIRE,Government,—,WA,Vancouver,Other,2026-07-28,2026-08-06,2026-08-03,2026-08-06,https://www.usajobs.gov/job/878337000
Federal Highway Administration (Department of Transportation),Supervisory Program Manager (Open to both U.S. Citizens and Federal Employees),Government,—,NJ,Lakewood,Other,2026-07-28,2026-08-11,2026-08-03,2026-08-10,https://www.usajobs.gov/job/878337800
Federal Housing Finance Agency (Other Agencies and Independent Organizations),Policy Analyst,Government,—,DC,Washington,Other,2026-07-22,2026-08-03,2026-08-03,2026-08-03,https://www.usajobs.gov/job/877544200
Federal Maritime Commission (Other Agencies and Independent Organizations),Chief of Staff,Government,—,DC,Washington,Other,2026-07-20,2026-08-10,2026-08-03,2026-08-10,https://www.usajobs.gov/job/877269600
Federal Transit Administration (Department of Transportation),Division Chief (Supervisory Program Manager) - DIRECT HIRE,Government,—,DC,Washington,Other,2026-07-20,2026-08-03,2026-08-03,2026-08-03,https://www.usajobs.gov/job/877197200
Federal Transit Administration (Department of Transportation),Supervisory Budget Analyst (Open to both U.S. Citizens and Federal Employees),Government,—,DC,Washington,Other,2026-07-28,2026-08-10,2026-08-03,2026-08-10,https://www.usajobs.gov/job/878284600
HQ USAF and Support Elements (Department of the Air Force),Planning & Integration Manager,Government,—,VA,"Pentagon, Arlington",Other,2026-06-27,2027-06-26,2026-08-03,2026-08-10,https://www.usajobs.gov/job/874622900
"Headquarters, Air Force Reserve Command (Department of the Air Force)",Commercial Sponsorship Coordinator,Government,—,CA,March AFB,Other,2026-07-27,2026-08-14,2026-08-03,2026-08-10,https://www.usajobs.gov/job/878055000
House of Representatives (Legislative Branch),Official Reporter (Stenographer),Government,—,DC,Washington,Other,2026-02-12,2026-08-31,2026-08-03,2026-08-10,https://www.usajobs.gov/job/851880600
House of Representatives (Legislative Branch),Public Information Specialist,Government,—,DC,Washington,Other,2026-07-28,2026-08-15,2026-08-03,2026-08-10,https://www.usajobs.gov/job/878300300
House of Representatives (Legislative Branch),Front Office Supervisor,Government,—,DC,Washington,Other,2026-07-29,2026-08-13,2026-08-03,2026-08-10,https://www.usajobs.gov/job/878538900
Immediate Office of the Assistant Secretary for Management (Department of Veterans Affairs),Deputy Chief Financial Officer for Budget Office of Benefits,Government,—,DC,Washington,Other,2026-07-27,2026-08-10,2026-08-03,2026-08-10,https://www.usajobs.gov/job/877970700
Immediate Office of the Chief of Naval Operations (Department of the Navy),Supervisory Operations Program Manager,Government,—,HI,Camp H.M. Smith Marine Corp Base,Other,2026-02-21,2027-02-19,2026-08-03,2026-08-10,https://www.usajobs.gov/job/858203600
Immigration and Customs Enforcement (Department of Homeland Security),Management and Program Analyst,Government,—,DC,Washington,Other,2026-07-28,2026-08-03,2026-08-03,2026-08-03,https://www.usajobs.gov/job/878137600
Immigration and Customs Enforcement (Department of Homeland Security),Compliance - Healthcare Risk Management Program Manager (O-5 Billet) Non-Supervisory,Government,—,DC,Washington,Other,2025-12-12,2026-09-30,2026-08-03,2026-08-10,https://www.usajobs.gov/job/846626800
Immigration and Customs Enforcement (Department of Homeland Security),Infection Prevention Officer (O-5 Billet) Non-Supervisory,Government,—,TX,Pearsall,Other,2026-06-08,2026-09-30,2026-08-03,2026-08-10,https://www.usajobs.gov/job/872173200
Immigration and Customs Enforcement (Department of Homeland Security),Mission Support Specialist,Government,—,CA,Santa Ana,Other,2026-07-28,2026-08-11,2026-08-03,2026-08-10,https://www.usajobs.gov/job/878069900
Internal Revenue Service (Department of the Treasury),Staff Assistant,Government,—,DC,Washington,Other,2026-07-29,2026-08-04,2026-08-03,2026-08-04,https://www.usajobs.gov/job/878504400
Internal Revenue Service (Department of the Treasury),Executive Assistant,Government,—,AK,Anchorage,Other,2026-07-30,2026-08-05,2026-08-03,2026-08-05,https://www.usajobs.gov/job/878652600
Joint Activities (Department of the Army),Cyber Operations Plans Analyst,Government,—,MD,Fort Meade,Other,2026-07-22,2026-08-04,2026-08-03,2026-08-04,https://www.usajobs.gov/job/877446700
Joint Activities (Department of the Army),Special Access Program Control Officer,Government,—,MD,Fort Meade,Other,2026-07-27,2026-08-03,2026-08-03,2026-08-03,https://www.usajobs.gov/job/878201400
Joint Activities (Department of the Army),Cyberspace Operations Analyst,Government,—,MD,Fort Meade,Other,2026-07-27,2026-08-03,2026-08-03,2026-08-03,https://www.usajobs.gov/job/878201500
Joint Activities (Department of the Army),Budget Analyst,Government,—,MD,Fort Meade,Other,2026-07-24,2026-08-04,2026-08-03,2026-08-04,https://www.usajobs.gov/job/877877800
Library of Congress (Legislative Branch),Selective Placement Program (Noncompetitive Appointments for Applicants with Disabilities),Government,—,DC,Washington,Other,2025-11-25,2026-11-25,2026-08-03,2026-08-10,https://www.usajobs.gov/job/850999700
Library of Congress (Legislative Branch),Moving Image Digital Project Coordinator,Government,—,VA,Culpeper,Other,2026-07-29,2026-08-12,2026-08-03,2026-08-05,https://www.usajobs.gov/job/878488400
Medicaid and CHIP Payment and Access Commission (Other Agencies and Independent Organizations),Executive Assistant,Government,—,DC,Washington,Other,2026-07-06,2026-10-05,2026-08-03,2026-08-10,https://www.usajobs.gov/job/875374600
Military Treatment Facilities under DHA (Department of Defense),Management Analyst,Government,—,GA,Fort Gordon,Other,2026-08-03,2026-08-11,2026-08-03,2026-08-10,https://www.usajobs.gov/job/878975600
Military Treatment Facilities under DHA (Department of Defense),Unit Deployment Manager,Government,—,IL,Scott AFB,Other,2026-07-25,2026-08-03,2026-08-03,2026-08-03,https://www.usajobs.gov/job/877843900
Military Treatment Facilities under DHA (Department of Defense),Radiologic Information Systems Specialist (PACS),Government,—,TX,Fort Sam Houston,Other,2026-07-31,2026-08-10,2026-08-03,2026-08-10,https://www.usajobs.gov/job/877948600
Military Treatment Facilities under DHA (Department of Defense),IRB Manager,Government,—,MD,Bethesda,Other,2026-07-30,2026-08-05,2026-08-03,2026-08-05,https://www.usajobs.gov/job/878170700
Military Treatment Facilities under DHA (Department of Defense),Human Resources Liaison,Government,—,VA,Quantico,Other,2026-08-03,2026-08-06,2026-08-03,2026-08-06,https://www.usajobs.gov/job/878406800
Military Treatment Facilities under DHA (Department of Defense),Credentials Program Specialist,Government,—,MD,Fort Meade,Other,2026-07-30,2026-08-04,2026-08-03,2026-08-04,https://www.usajobs.gov/job/878515600
Military Treatment Facilities under DHA (Department of Defense),Budget Analyst,Government,—,AK,Elmendorf AFB,Other,2026-07-23,2026-08-05,2026-08-03,2026-08-05,https://www.usajobs.gov/job/877735900
Military Treatment Facilities under DHA (Department of Defense),Supervisory Budget Analyst,Government,—,GA,Fort Gordon,Other,2026-07-29,2026-08-07,2026-08-03,2026-08-07,https://www.usajobs.gov/job/878571900
Military Treatment Facilities under DHA (Department of Defense),Substance Abuse Counselor,Government,—,CA,"Point Loma Complex, San Diego",Other,2026-07-21,2026-08-04,2026-08-03,2026-08-04,https://www.usajobs.gov/job/877256500
Military Treatment Facilities under DHA (Department of Defense),Contracting Officer Representative,Government,—,MO,Fort Leonard Wood,Other,2026-07-30,2026-08-05,2026-08-03,2026-08-05,https://www.usajobs.gov/job/878355100
Mine Safety and Health Administration (Department of Labor),Director - Office of Standards Regulations and Variances,Government,—,DC,Washington,Other,2026-07-20,2026-08-03,2026-08-03,2026-08-03,https://www.usajobs.gov/job/877158000
Missile Defense Agency (Department of Defense),Management & Program Analyst,Government,—,AL,Redstone Arsenal,Other,2026-08-03,2026-08-10,2026-08-03,2026-08-10,https://www.usajobs.gov/job/878937600
National Defense University (Department of Defense),Chancellor National Intelligence College,Government,—,MD,Bethesda,Other,2026-07-31,2026-08-21,2026-08-03,2026-08-10,https://www.usajobs.gov/job/878660500
National Gallery of Art (Other Agencies and Independent Organizations),Program Specialist,Government,—,DC,Washington,Other,2026-07-29,2026-08-12,2026-08-03,2026-08-10,https://www.usajobs.gov/job/878379000
National Gallery of Art (Other Agencies and Independent Organizations),Development Specialist,Government,—,DC,Washington,Other,2026-08-03,2026-08-17,2026-08-03,2026-08-10,https://www.usajobs.gov/job/878779900
National Highway Traffic Safety Administration (Department of Transportation),Associate Administrator for National Center for Statistics &  Analysis,Government,—,DC,Washington,Other,2026-08-03,2026-08-17,2026-08-03,2026-08-10,https://www.usajobs.gov/job/878708400
National Institute of Standards and Technology (Department of Commerce),Forensic Social Scientist Program Manager,Government,—,MD,Gaithersburg,Other,2026-07-29,2026-08-04,2026-08-03,2026-08-04,https://www.usajobs.gov/job/878338100
National Nuclear Security Administration (Department of Energy),Director Human Resources,Government,—,DC,Washington,Other,2026-08-03,2026-08-17,2026-08-03,2026-08-10,https://www.usajobs.gov/job/878978900
National Oceanic and Atmospheric Administration (Department of Commerce),Supervisory Program Manager,Government,—,MD,Silver Spring,Other,2026-07-27,2026-08-03,2026-08-03,2026-08-03,https://www.usajobs.gov/job/877936700
National Oceanic and Atmospheric Administration (Department of Commerce),Director Office of Coastal Management,Government,—,MD,Silver Spring,Other,2026-08-03,2026-08-17,2026-08-03,2026-08-10,https://www.usajobs.gov/job/878819000
National Oceanic and Atmospheric Administration (Department of Commerce),Policy Analyst,Government,—,CO,Boulder,Other,2026-07-28,2026-08-10,2026-08-03,2026-08-10,https://www.usajobs.gov/job/878059300
National Oceanic and Atmospheric Administration (Department of Commerce),Director Budget Office,Government,—,MD,Silver Spring,Other,2026-07-27,2026-08-10,2026-08-03,2026-08-10,https://www.usajobs.gov/job/876666500
National Oceanic and Atmospheric Administration (Department of Commerce),Supervisory Budget Analyst,Government,—,MS,Gulfport,Other,2026-07-29,2026-08-04,2026-08-03,2026-08-04,https://www.usajobs.gov/job/878305000
National Park Service (Department of the Interior),"Regional Director, Pacific West",Government,—,CA,San Francisco,Other,2026-07-20,2026-08-03,2026-08-03,2026-08-03,https://www.usajobs.gov/job/877236600
National Park Service (Department of the Interior),Concessions Management Specialist,Government,—,AR,Springdale,Other,2026-07-31,2026-08-13,2026-08-03,2026-08-10,https://www.usajobs.gov/job/878739200
National Transportation Safety Board (Other Agencies and Independent Organizations),Government and Industry Affairs Specialist,Government,—,DC,Washington,Other,2026-07-24,2026-08-05,2026-08-03,2026-08-05,https://www.usajobs.gov/job/877963900
Naval Air Systems Command (Department of the Navy),Operations Test Specialist,Government,—,CA,China Lake,Other,2026-07-31,2026-08-14,2026-08-03,2026-08-10,https://www.usajobs.gov/job/878607800
Naval Air Systems Command (Department of the Navy),Aircraft Data Specialist,Government,—,CA,Naval Air Station San Diego,Other,2026-07-27,2026-08-10,2026-08-03,2026-08-10,https://www.usajobs.gov/job/877531700
Naval Facilities Engineering Systems Command (Department of the Navy),Human Capital Specialist,Government,—,DC,District of Columbia,Other,2026-07-29,2026-08-03,2026-08-03,2026-08-03,https://www.usajobs.gov/job/874780200
Naval Intelligence Activity (Department of the Navy),Management Analyst,Government,—,VA,"Pentagon, Arlington",Other,2026-07-30,2026-08-10,2026-08-03,2026-08-10,https://www.usajobs.gov/job/878394400
Naval Sea Systems Command (Department of the Navy),General Business & Industy Spec,Government,—,MS,Pascagoula,Other,2026-07-23,2026-08-03,2026-08-03,2026-08-03,https://www.usajobs.gov/job/877529400
Office of Chief of Space Operations (Department of the Air Force),"Chief, Space Planning Team Division, HQ CFC S3579/S7S",Government,—,CO,Colorado Springs,Other,2026-07-29,2026-08-05,2026-08-03,2026-08-05,https://www.usajobs.gov/job/878472800
Office of Chief of Space Operations (Department of the Air Force),Deputy Director,Government,—,VA,"Pentagon, Arlington",Other,2026-07-29,2026-08-05,2026-08-03,2026-08-05,https://www.usajobs.gov/job/878544500
Office of Intelligence and Analysis (Department of Homeland Security),Budget Officer (I&A Chief Financial Officer),Government,—,DC,District of Columbia,Other,2026-08-03,2026-08-07,2026-08-03,2026-08-07,https://www.usajobs.gov/job/878434300
Office of Intelligence and Analysis (Department of Homeland Security),Budget Analyst (Execution),Government,—,DC,District of Columbia,Other,2026-08-03,2026-08-07,2026-08-03,2026-08-06,https://www.usajobs.gov/job/878785600
Office of Intelligence and Analysis (Department of Homeland Security),Budget Analyst (Formulation),Government,—,DC,District of Columbia,Other,2026-08-03,2026-08-07,2026-08-03,2026-08-07,https://www.usajobs.gov/job/878788900
Office of Justice Programs (Department of Justice),Program Specialist (PSOB),Government,—,DC,Washington,Other,2026-07-24,2026-08-17,2026-08-03,2026-08-10,https://www.usajobs.gov/job/877923500
Office of the Chief of Staff of the Army (Department of the Army),"Director, Installation Operations",Government,—,VA,"Pentagon, Arlington",Other,2026-07-30,2026-08-13,2026-08-03,2026-08-10,https://www.usajobs.gov/job/878432800
Office of the Secretary (Department of Commerce),Deputy Director for Programs and Analysis,Government,—,DC,Washington,Other,2026-07-20,2026-08-03,2026-08-03,2026-08-03,https://www.usajobs.gov/job/877150700
Office of the Secretary of Defense (Department of Defense),"Director, Joint Operational Integration",Government,—,VA,"Pentagon, Arlington",Other,2026-07-23,2026-08-06,2026-08-03,2026-08-06,https://www.usajobs.gov/job/877714500
Office of the Secretary of Transportation (Department of Transportation),"Director, Center for Safety Management and  Human Factors",Government,—,MA,Cambridge,Other,2026-06-29,2026-08-03,2026-08-03,2026-08-03,https://www.usajobs.gov/job/874536300
Office of the Secretary of Transportation (Department of Transportation),"Director, Bureau of Transportation Statistics",Government,—,DC,Washington,Other,2026-07-10,2026-08-10,2026-08-03,2026-08-10,https://www.usajobs.gov/job/875903200
Office of the Secretary of the Interior (Department of the Interior),Desk Officer,Government,—,HI,Honolulu,Other,2026-07-27,2026-08-07,2026-08-03,2026-08-07,https://www.usajobs.gov/job/878084500
"Offices, Boards and Divisions (Department of Justice)",Program Manager,Government,—,UT,Salt Lake City,Other,2026-07-28,2026-08-17,2026-08-03,2026-08-10,https://www.usajobs.gov/job/878287800
"Offices, Boards and Divisions (Department of Justice)",Supervisory Case Analyst,Government,—,DC,Washington,Other,2026-07-23,2026-08-06,2026-08-03,2026-08-06,https://www.usajobs.gov/job/877752700
Pacific Air Forces (Department of the Air Force),Assistant Kennel Manager,Government,—,,Osan,Other,2026-07-28,2026-08-07,2026-08-03,2026-08-07,https://www.usajobs.gov/job/878191600
Pacific Air Forces (Department of the Air Force),Club Operations Assistant,Government,—,,Misawa AFB,Other,2026-01-27,2026-12-31,2026-08-03,2026-08-10,https://www.usajobs.gov/job/855686100
Pacific Air Forces (Department of the Air Force),Caterer,Government,—,AK,Eielson AFB,Other,2026-04-16,2026-10-16,2026-08-03,2026-08-10,https://www.usajobs.gov/job/865590100
Pacific Air Forces (Department of the Air Force),Communications Specialist,Government,—,,Misawa AFB,Other,2026-05-31,2026-09-30,2026-08-03,2026-08-10,https://www.usajobs.gov/job/871159900
Pacific Air Forces (Department of the Air Force),Assistant Bowling Center Manager,Government,—,AK,Eielson AFB,Other,2026-06-01,2026-08-31,2026-08-03,2026-08-07,https://www.usajobs.gov/job/871261900
Pacific Air Forces (Department of the Air Force),Marketing Assistant,Government,—,,Kadena Air Base Okinawa,Other,2026-07-24,2026-08-07,2026-08-03,2026-08-07,https://www.usajobs.gov/job/877857900
Pacific Air Forces (Department of the Air Force),Restaurant Operations Assistant,Government,—,,Kadena Air Base Okinawa,Other,2026-07-27,2026-08-07,2026-08-03,2026-08-07,https://www.usajobs.gov/job/878033900
Pacific Air Forces (Department of the Air Force),Snack Bar Manager (Polar Bowl),Government,—,AK,Elmendorf AFB,Other,2026-07-31,2026-09-10,2026-08-03,2026-08-10,https://www.usajobs.gov/job/878912600
Patent and Trademark Office (Department of Commerce),Deputy Chief Information Officer,Government,—,LA,Alexandria,Other,2026-07-17,2026-08-06,2026-08-03,2026-08-06,https://www.usajobs.gov/job/876995500
Patent and Trademark Office (Department of Commerce),Trademark Information Specialist,Government,—,LA,Alexandria,Other,2026-07-29,2026-08-11,2026-08-03,2026-08-10,https://www.usajobs.gov/job/878409900
Program Support Center (Department of Health and Human Services),Management Analyst,Government,—,MD,Rockville,Other,2026-08-03,2026-08-12,2026-08-03,2026-08-05,https://www.usajobs.gov/job/878641400
STRATEGIC SYSTEMS PROGRAMS (SSP) (Department of the Navy),Fleet Operations/training Analyst,Government,—,DC,Washington Navy Yard,Other,2026-08-03,2026-08-10,2026-08-03,2026-08-10,https://www.usajobs.gov/job/878764900
STRATEGIC SYSTEMS PROGRAMS (SSP) (Department of the Navy),Supervisory Program Manager,Government,—,DC,Washington Navy Yard,Other,2026-07-20,2026-08-03,2026-08-03,2026-08-03,https://www.usajobs.gov/job/877006800
STRATEGIC SYSTEMS PROGRAMS (SSP) (Department of the Navy),Program Manager,Government,—,DC,Washington Navy Yard,Other,2026-07-20,2026-08-03,2026-08-03,2026-08-03,https://www.usajobs.gov/job/877198300
STRATEGIC SYSTEMS PROGRAMS (SSP) (Department of the Navy),Slcm-n Test Manager,Government,—,DC,Washington Navy Yard,Other,2026-07-27,2026-08-03,2026-08-03,2026-08-03,https://www.usajobs.gov/job/878113700
Securities and Exchange Commission (Other Agencies and Independent Organizations),"Branch Chief, Digital Innovation and Design",Government,—,DC,Washington,Other,2026-07-30,2026-08-13,2026-08-03,2026-08-10,https://www.usajobs.gov/job/878725800
Senate (Legislative Branch),"Stars of Valor Fellow - Senator Husted - Cleveland, OH #443",Government,—,OH,Cleveland,Other,2026-05-05,2026-08-05,2026-08-03,2026-08-04,https://www.usajobs.gov/job/868032500
Senate (Legislative Branch),"Stars of Valor Fellow - Senator Sullivan - Anchorage, AK #443",Government,—,AK,Anchorage,Other,2026-05-18,2026-08-18,2026-08-03,2026-08-10,https://www.usajobs.gov/job/869718400
Senate (Legislative Branch),"Stars of Valor Fellow - Senator Barrasso  - Casper, WY #443",Government,—,WY,Casper,Other,2026-06-02,2026-09-02,2026-08-03,2026-08-10,https://www.usajobs.gov/job/871456900
Senate (Legislative Branch),"Stars of Valor Fellow - Senator Van Hollen - Rockville, MD #443",Government,—,MD,Rockville,Other,2026-07-06,2026-10-06,2026-08-03,2026-08-10,https://www.usajobs.gov/job/875246500
Senate (Legislative Branch),"Stars of Valor Fellow - Senator Moody - Tampa, FL #443",Government,—,FL,Tampa,Other,2026-07-07,2026-10-07,2026-08-03,2026-08-10,https://www.usajobs.gov/job/875615000
Senate (Legislative Branch),"Stars of Valor Fellow – Senator Kim – Jersey City, NJ #443",Government,—,NJ,Jersey City,Other,2026-07-16,2026-10-15,2026-08-03,2026-08-10,https://www.usajobs.gov/job/876909700
Senate (Legislative Branch),Program Management Specialist #442,Government,—,DC,Washington,Other,2026-07-24,2026-08-07,2026-08-03,2026-08-07,https://www.usajobs.gov/job/878011700
Senate (Legislative Branch),Employment Office Specialist #66,Government,—,DC,Washington,Other,2026-07-30,2026-08-13,2026-08-03,2026-08-10,https://www.usajobs.gov/job/878679800
Small Business Administration (Other Agencies and Independent Organizations),Director,Government,—,TX,Fort Worth,Other,2026-07-21,2026-08-20,2026-08-03,2026-08-10,https://www.usajobs.gov/job/877311900
Small Business Administration (Other Agencies and Independent Organizations),Deputy Chief Financial Officer,Government,—,DC,Washington,Other,2026-07-28,2026-08-26,2026-08-03,2026-08-10,https://www.usajobs.gov/job/878248500
Small Business Administration (Other Agencies and Independent Organizations),Field Operations Specialist,Government,—,CA,Citrus Heights,Other,2026-07-24,2026-08-08,2026-08-03,2026-08-08,https://www.usajobs.gov/job/878003200
Small Business Administration (Other Agencies and Independent Organizations),Lead Customer Service Representative (Bilingual Spanish),Government,—,UT,Salt Lake City,Other,2026-07-24,2026-08-14,2026-08-03,2026-08-10,https://www.usajobs.gov/job/877992100
Small Business Administration (Other Agencies and Independent Organizations),Customer Service Representative,Government,—,UT,Salt Lake City,Other,2026-07-24,2026-08-14,2026-08-03,2026-08-10,https://www.usajobs.gov/job/877992500
Small Business Administration (Other Agencies and Independent Organizations),National Resource Specialist (Program Services),Government,—,UT,Salt Lake City,Other,2026-07-28,2026-08-07,2026-08-03,2026-08-07,https://www.usajobs.gov/job/878285500
Smithsonian Institution  (Other Agencies and Independent Organizations),Budget Analyst,Government,—,DC,Washington,Other,2026-07-16,2026-08-06,2026-08-03,2026-08-06,https://www.usajobs.gov/job/876669700
Space Systems Command (Department of the Air Force),"Resource Adviser & Program Manager, 7 SWS",Government,—,CA,Beale AFB,Other,2026-07-28,2026-08-04,2026-08-03,2026-08-04,https://www.usajobs.gov/job/878369800
Space Systems Command (Department of the Air Force),"Deputy Branch Chief, Operations, Transitions and Logistics SYD 84",Government,—,CO,Buckley AFB,Other,2026-07-30,2026-08-05,2026-08-03,2026-08-05,https://www.usajobs.gov/job/878624500
Supreme Court of the United States (Judicial Branch),Executive Assistant (Police),Government,—,DC,Washington,Other,2026-07-30,2026-08-13,2026-08-03,2026-08-10,https://www.usajobs.gov/job/878569300
Transportation Security Administration (Department of Homeland Security),Facilities Management Specialist,Government,—,CO,Colorado Springs,Other,2026-07-29,2026-08-10,2026-08-03,2026-08-10,https://www.usajobs.gov/job/878433500
"Treasury, Departmental Offices (Department of the Treasury)",Senior Policy Advisor,Government,—,DC,Washington,Other,2026-02-17,2026-08-17,2026-08-03,2026-08-10,https://www.usajobs.gov/job/857816900
"Treasury, Departmental Offices (Department of the Treasury)",Assistant Director Regulatory Affairs,Government,—,DC,Washington,Other,2026-07-16,2026-08-07,2026-08-03,2026-08-07,https://www.usajobs.gov/job/876769400
"Treasury, Departmental Offices (Department of the Treasury)",Associate Director Budget & Financial Accountability,Government,—,DC,Washington,Other,2026-07-20,2026-08-17,2026-08-03,2026-08-10,https://www.usajobs.gov/job/877030800
"Treasury, Departmental Offices (Department of the Treasury)",Administrative Management Specialist,Government,—,DC,Washington,Other,2026-07-21,2026-08-04,2026-08-03,2026-08-04,https://www.usajobs.gov/job/877239100
"Treasury, Departmental Offices (Department of the Treasury)",Operations Officer,Government,—,DC,Washington,Other,2026-07-24,2026-08-06,2026-08-03,2026-08-06,https://www.usajobs.gov/job/877930600
"Treasury, Financial Crimes Enforcement Network (Department of the Treasury)",Associate Director - Enforcement & Compliance Division,Government,—,DC,Washington,Other,2026-07-21,2026-08-04,2026-08-03,2026-08-04,https://www.usajobs.gov/job/877351800
"Treasury, Financial Crimes Enforcement Network (Department of the Treasury)",Senior International Policy Advisor,Government,—,DC,Washington,Other,2026-07-24,2026-08-06,2026-08-03,2026-08-06,https://www.usajobs.gov/job/877836200
"Treasury, Financial Crimes Enforcement Network (Department of the Treasury)","Associate Director, Regulatory & Strategic Affairs Division",Government,—,DC,Washington,Other,2026-07-24,2026-08-11,2026-08-03,2026-08-10,https://www.usajobs.gov/job/877918200
"Treasury, Financial Crimes Enforcement Network (Department of the Treasury)",Strategic Engagement Advisor,Government,—,DC,Washington,Other,2026-07-29,2026-08-11,2026-08-03,2026-08-10,https://www.usajobs.gov/job/878226900
"U.S. Air Forces, Europe (Department of the Air Force)",Operations Assistant (Shift Lead) - Club Complex,Government,—,,Ramstein,Other,2026-03-04,2026-08-19,2026-08-03,2026-08-10,https://www.usajobs.gov/job/859595500
"U.S. Air Forces, Europe (Department of the Air Force)",Operations Assistant,Government,—,,Alconbury,Other,2026-04-27,2027-04-26,2026-08-03,2026-08-04,https://www.usajobs.gov/job/867200800
"U.S. Air Forces, Europe (Department of the Air Force)",Animal Care Assistant Manager,Government,—,,Spangdahlem,Other,2026-08-06,2026-09-06,2026-08-03,2026-08-10,https://www.usajobs.gov/job/875496300
"U.S. Air Forces, Europe (Department of the Air Force)",Assistant Bowling Center Manager,Government,—,,Alconbury,Other,2026-07-08,2027-07-04,2026-08-03,2026-08-10,https://www.usajobs.gov/job/875645400
U.S. Army Central (Department of the Army),Supervisory Sexual Assault Response Coordinator,Government,—,,Camp Arifjan,Other,2026-07-23,2026-08-06,2026-08-03,2026-08-06,https://www.usajobs.gov/job/877567000
U.S. Army Central (Department of the Army),Victim Advocate,Government,—,,Sinai,Other,2026-07-23,2026-08-06,2026-08-03,2026-08-06,https://www.usajobs.gov/job/877627700
U.S. Army Corps of Engineers (Department of the Army),Management Analyst,Government,—,OK,Tulsa,Other,2026-08-03,2026-08-11,2026-08-03,2026-08-10,https://www.usajobs.gov/job/878916700
U.S. Army Cyber Command (Department of the Army),Program Analyst (cyber Targeting),Government,—,GA,Fort Gordon,Other,2026-07-27,2026-08-10,2026-08-03,2026-08-10,https://www.usajobs.gov/job/877939000
U.S. Army Cyber Command (Department of the Army),Cyber Operations Planner,Government,—,GA,Fort Gordon,Other,2026-07-27,2026-08-10,2026-08-03,2026-08-10,https://www.usajobs.gov/job/877547400
U.S. Army Cyber Command (Department of the Army),Cyber Technical Director,Government,—,GA,Fort Gordon,Other,2026-07-27,2026-08-10,2026-08-03,2026-08-10,https://www.usajobs.gov/job/878097000
U.S. Army Cyber Command (Department of the Army),Cyber Operations Specialist,Government,—,GA,Fort Gordon,Other,2026-07-28,2026-08-11,2026-08-03,2026-08-10,https://www.usajobs.gov/job/878115800
U.S. Army Joint Munitions Command (Department of the Army),Program Analyst,Government,—,PA,Letterkenny Army Depot,Other,2026-07-24,2026-08-03,2026-08-03,2026-08-03,https://www.usajobs.gov/job/877774500
U.S. Army Joint Munitions Command (Department of the Army),Budget Analyst,Government,—,TX,Boerne,Other,2026-07-17,2026-08-03,2026-08-03,2026-08-03,https://www.usajobs.gov/job/876909500
U.S. Capitol Police (Legislative Branch),Management and Program Analyst,Government,—,DC,Washington,Other,2026-07-23,2026-08-06,2026-08-03,2026-08-06,https://www.usajobs.gov/job/877737600
U.S. Capitol Police (Legislative Branch),Management Analyst,Government,—,DC,Washington,Other,2026-07-23,2026-08-06,2026-08-03,2026-08-06,https://www.usajobs.gov/job/877737800
U.S. Capitol Police (Legislative Branch),"Director, Wellness Center",Government,—,DC,Washington,Other,2026-07-28,2026-08-28,2026-08-03,2026-08-10,https://www.usajobs.gov/job/878301200
U.S. Coast Guard (Department of Homeland Security),Business Operations Analyst,Government,—,CA,Petaluma,Other,2026-08-01,2026-08-11,2026-08-03,2026-08-10,https://www.usajobs.gov/job/878928900
U.S. Coast Guard (Department of Homeland Security),Deputy Assistant Commandant for Workforce Management and Deputy Chief Human Capital Officer,Government,—,DC,Washington,Other,2026-07-13,2026-08-13,2026-08-03,2026-08-10,https://www.usajobs.gov/job/876319900
U.S. Coast Guard (Department of Homeland Security),Departmental Affairs Officer,Government,—,WA,Seattle,Other,2026-07-30,2026-08-10,2026-08-03,2026-08-10,https://www.usajobs.gov/job/878704500
U.S. Courts (Judicial Branch),Courtroom Manager,Government,—,HI,Honolulu,Other,2026-03-03,2026-12-31,2026-08-03,2026-08-10,https://www.usajobs.gov/job/859647500
U.S. Courts (Judicial Branch),Official Court Reporter,Government,—,TX,Sherman,Other,2026-02-02,2027-02-01,2026-08-03,2026-08-10,https://www.usajobs.gov/job/857495800
U.S. Courts (Judicial Branch),Administrative Analyst / Executive Assistant to the Clerk,Government,—,PA,Pittsburgh,Other,2026-04-03,2027-04-02,2026-08-03,2026-08-10,https://www.usajobs.gov/job/863940000
U.S. Courts (Judicial Branch),Automation Support Specialist,Government,—,NY,Brooklyn,Other,2026-04-24,2027-04-23,2026-08-03,2026-08-10,https://www.usajobs.gov/job/867541900
U.S. Courts (Judicial Branch),Courtroom Deputy I,Government,—,NV,Las Vegas,Other,2026-05-20,2027-05-19,2026-08-03,2026-08-10,https://www.usajobs.gov/job/870168600
U.S. Courts (Judicial Branch),Supervisory Administrative Assistant,Government,—,,San Juan,Other,2026-06-05,2027-06-04,2026-08-03,2026-08-10,https://www.usajobs.gov/job/871898500
U.S. Courts (Judicial Branch),Intake Deputy Clerk,Government,—,VA,Newport News,Other,2026-06-26,2027-06-25,2026-08-03,2026-08-10,https://www.usajobs.gov/job/874549800
U.S. Marine Corps (Department of the Navy),"Bridgeport, CA - Assistant Branch Head, Family Care Nf4",Government,—,CT,Bridgeport,Other,2026-05-01,2026-10-28,2026-08-03,2026-08-10,https://www.usajobs.gov/job/867667200
U.S. Marine Corps (Department of the Navy),Career Services Section Head NF5,Government,—,VA,Quantico,Other,2026-07-16,2026-08-06,2026-08-03,2026-08-06,https://www.usajobs.gov/job/876877800
U.S. Marine Corps (Department of the Navy),Enterprise Systems & Facilities Planning Manager (GoRPM) NF5,Government,—,VA,Quantico,Other,2026-07-21,2026-08-04,2026-08-03,2026-08-04,https://www.usajobs.gov/job/877350500
U.S. Marine Corps (Department of the Navy),Theater Security Cooperation Plans Specialist,Government,—,HI,Camp H.M. Smith Marine Corp Base,Other,2026-07-30,2026-08-03,2026-08-03,2026-08-03,https://www.usajobs.gov/job/878133200
U.S. Marine Corps (Department of the Navy),Horsemanship AND Animal Packing Specialist,Government,—,CT,Bridgeport,Other,2026-07-28,2026-10-26,2026-08-03,2026-08-10,https://www.usajobs.gov/job/878297100
U.S. Marine Corps (Department of the Navy),Clinical Counselor Nf4 (family Advocacy) - Tier Ii/iii (with $15k Hiring Incentive),Government,—,CA,Twentynine Palms,Other,2026-06-04,2026-12-01,2026-08-03,2026-08-10,https://www.usajobs.gov/job/871719500
U.S. Marine Corps (Department of the Navy),FAP Clinical Specialist NF4,Government,—,VA,Quantico,Other,2026-07-22,2026-08-05,2026-08-03,2026-08-05,https://www.usajobs.gov/job/875754500
U.S. Marine Corps (Department of the Navy),NEW Parent Support Home Visitor Nf4 (with $5k Hiring Incentive),Government,—,CA,Twentynine Palms,Other,2026-07-09,2027-01-05,2026-08-03,2026-08-10,https://www.usajobs.gov/job/876020700
U.S. Marine Corps (Department of the Navy),Victim Advocate Nf4* (RFT) Family Advocacy Program,Government,—,HI,Kaneohe,Other,2026-07-09,2026-08-06,2026-08-03,2026-08-06,https://www.usajobs.gov/job/876028200
U.S. Marine Corps (Department of the Navy),"MEF Prevention Specialist - III MIG, Nf-04/rft, Camp Hansen, Okinawa, Japan",Government,—,,Camp Foster,Other,2026-07-16,2026-08-15,2026-08-03,2026-08-10,https://www.usajobs.gov/job/876744200
U.S. Marine Corps (Department of the Navy),Exceptional Family Member Program Manager NF4,Government,—,VA,Norfolk County,Other,2026-07-22,2026-08-05,2026-08-03,2026-08-05,https://www.usajobs.gov/job/877625000
U.S. Marine Corps (Department of the Navy),Mental Performance Consultant,Government,—,NC,Cherry Point,Other,2026-07-23,2026-08-06,2026-08-03,2026-08-06,https://www.usajobs.gov/job/877654100
U.S. Marine Corps (Department of the Navy),New Parent Support Program Manager NF4,Government,—,VA,Quantico,Other,2026-07-23,2026-08-06,2026-08-03,2026-08-06,https://www.usajobs.gov/job/877754600
U.S. Marine Corps (Department of the Navy),BEHAVIORAL HEALTH COUNSELING SERVICES SPEC NF4  (Tier I/Tier II),Government,—,VA,Arlington,Other,2026-07-27,2026-08-10,2026-08-03,2026-08-10,https://www.usajobs.gov/job/878167700
U.S. Marine Corps (Department of the Navy),Sexual Assault Prevention Response Victim Advocate,Government,—,CA,Camp Pendleton,Other,2026-07-30,2026-08-28,2026-08-03,2026-08-10,https://www.usajobs.gov/job/878622400
U.S. Marine Corps (Department of the Navy),Sexual Assault Response Coordinator,Government,—,NC,Cherry Point,Other,2026-07-31,2026-08-06,2026-08-03,2026-08-06,https://www.usajobs.gov/job/878814500
U.S. Marine Corps (Department of the Navy),Kitchen Manager Nf3,Government,—,CA,Twentynine Palms,Other,2026-04-14,2026-10-11,2026-08-03,2026-08-10,https://www.usajobs.gov/job/865104700
U.S. Marine Corps (Department of the Navy),Experience Specialist NF2,Government,—,VA,Quantico,Other,2026-07-27,2026-08-10,2026-08-03,2026-08-10,https://www.usajobs.gov/job/871449800
U.S. Marine Corps (Department of the Navy),Director Nf5 (RFT) Recreation Division,Government,—,HI,Kaneohe,Other,2026-06-29,2026-08-10,2026-08-03,2026-08-10,https://www.usajobs.gov/job/874781000
U.S. Marine Corps (Department of the Navy),Director Food & Hospitality NF5,Government,—,VA,Quantico,Other,2026-07-13,2026-08-03,2026-08-03,2026-08-03,https://www.usajobs.gov/job/876301600
U.S. Marine Corps (Department of the Navy),Sales Team Leader Nf2 (RPT) MCX Main Exchange,Government,—,HI,Kaneohe,Other,2026-07-13,2026-08-10,2026-08-03,2026-08-10,https://www.usajobs.gov/job/876341400
U.S. Marine Corps (Department of the Navy),Food & Beverage Program Specialist NF4,Government,—,VA,Quantico,Other,2026-07-13,2026-08-03,2026-08-03,2026-08-03,https://www.usajobs.gov/job/876383800
U.S. Marine Corps (Department of the Navy),"Bridgeport, CA - Club Manager Nf3",Government,—,CT,Bridgeport,Other,2026-07-14,2027-01-10,2026-08-03,2026-08-10,https://www.usajobs.gov/job/876533500
U.S. Marine Corps (Department of the Navy),Marine Mart Manager Nf3 (RFT),Government,—,HI,Kaneohe,Other,2026-07-09,2026-08-06,2026-08-03,2026-08-06,https://www.usajobs.gov/job/877118400
U.S. Marine Corps (Department of the Navy),"Club Operations Shift Leader, Nf-02/flx, Camp Hansen (palms)",Government,—,,Camp Foster,Other,2026-07-23,2026-08-06,2026-08-03,2026-08-06,https://www.usajobs.gov/job/877674500
U.S. Marine Corps (Department of the Navy),Experience Specialist Nf-2 (local Area Marine Marts AND Fuel Stations) $150 Hiring Bonus,Government,—,CA,Oceanside,Other,2026-07-23,2026-08-06,2026-08-03,2026-08-06,https://www.usajobs.gov/job/877852000
U.S. Marine Corps (Department of the Navy),Experience Specialist Nf-2 (northern Marine Marts AND Fuel Stations Includes SOI) $500 Hiring Bonus,Government,—,CA,Oceanside,Other,2026-07-23,2026-08-06,2026-08-03,2026-08-06,https://www.usajobs.gov/job/877853400
U.S. Marine Corps (Department of the Navy),"Area General Manager Lodging (onslow Beach), Nf-1101-04",Government,—,FL,Jacksonville,Other,2026-07-24,2026-08-10,2026-08-03,2026-08-10,https://www.usajobs.gov/job/877878300
U.S. Marine Corps (Department of the Navy),"Marine & Family Programs Operations Manager, Nf-1101-03",Government,—,FL,Jacksonville,Other,2026-07-24,2026-08-03,2026-08-03,2026-08-03,https://www.usajobs.gov/job/877953000
U.S. Marine Corps (Department of the Navy),Commercial Sponsor Tech Nf3*,Government,—,CA,Marine Corps Air Station Miramar,Other,2026-07-27,2026-08-03,2026-08-03,2026-08-03,https://www.usajobs.gov/job/878185500
U.S. Marine Corps (Department of the Navy),Main Exchange Manager Nf4*,Government,—,NC,Havelock,Other,2026-07-28,2026-08-04,2026-08-03,2026-08-04,https://www.usajobs.gov/job/878252900
U.S. Marine Corps (Department of the Navy),Lodging Facility Manager Nf4* (RFT) Five Palms,Government,—,HI,Kaneohe,Other,2026-07-28,2026-08-25,2026-08-03,2026-08-10,https://www.usajobs.gov/job/878289400
U.S. Marine Corps (Department of the Navy),OPS Assoc Nf2 Engraving Parris Island,Government,—,SC,Beaufort,Other,2026-07-29,2026-08-16,2026-08-03,2026-08-10,https://www.usajobs.gov/job/878426200
U.S. Marine Corps (Department of the Navy),Experience Specialist (Cash Cage) NF2,Government,—,VA,Quantico,Other,2026-07-31,2026-08-14,2026-08-03,2026-08-10,https://www.usajobs.gov/job/878888300
U.S. Marine Corps (Department of the Navy),Sales Specialist Nf2* (RPT) MCX Main Exchange - Military Clothing,Government,—,HI,Kaneohe,Other,2026-07-31,2026-08-28,2026-08-03,2026-08-10,https://www.usajobs.gov/job/878923200
U.S. Pacific Fleet (Department of the Navy),Shipbuilding Specialist,Government,—,WA,Bremerton,Other,2026-03-04,2027-03-03,2026-08-03,2026-08-10,https://www.usajobs.gov/job/859730300
U.S. Secret Service (Department of Homeland Security),Deputy Chief Strategy Officer,Government,—,DC,Washington,Other,2026-07-31,2026-08-21,2026-08-03,2026-08-10,https://www.usajobs.gov/job/878778800
United States Army Installation Management Command (Department of the Army),Program Analyst (MWR Programs) NF-05,Government,—,NC,Fort Bragg,Other,2026-07-24,2026-08-10,2026-08-03,2026-08-10,https://www.usajobs.gov/job/877988000
United States Army Installation Management Command (Department of the Army),"Management Analyst, NF-04",Government,—,TX,Fort Sam Houston,Other,2026-07-31,2026-08-13,2026-08-03,2026-08-10,https://www.usajobs.gov/job/878788600
United States Army Installation Management Command (Department of the Army),Chief Fitness Athletics and Aquatics NF-04,Government,—,VA,Fort Myer,Other,2026-07-17,2026-08-03,2026-08-03,2026-08-03,https://www.usajobs.gov/job/877004300
United States Army Installation Management Command (Department of the Army),Community Recreation Officer NF-05,Government,—,,Wiesbaden,Other,2026-07-22,2026-08-05,2026-08-03,2026-08-05,https://www.usajobs.gov/job/877502600
United States Army Installation Management Command (Department of the Army),Geospatial Information System (GIS) Administrator,Government,—,HI,Wheeler Army Airfield,Other,2026-07-23,2026-08-06,2026-08-03,2026-08-06,https://www.usajobs.gov/job/877652400
United States Army Installation Management Command (Department of the Army),NAF Support Manager NF-04,Government,—,MD,Fort Detrick,Other,2026-07-28,2026-08-11,2026-08-03,2026-08-10,https://www.usajobs.gov/job/878244400
United States Army Installation Management Command (Department of the Army),Special Events Coordinator NF-03,Government,—,TX,Fort Bliss,Other,2026-07-28,2026-08-04,2026-08-03,2026-08-04,https://www.usajobs.gov/job/878356800
United States Army Installation Management Command (Department of the Army),Outreach Services Assistant Director NF-03,Government,—,CO,Fort Carson,Other,2026-07-29,2026-08-11,2026-08-03,2026-08-10,https://www.usajobs.gov/job/878509300
United States Army Installation Management Command (Department of the Army),Operations Assistant NF-01,Government,—,VA,Fort Lee,Other,2026-03-17,2026-12-31,2026-08-03,2026-08-10,https://www.usajobs.gov/job/861500000
United States Army Installation Management Command (Department of the Army),Banquet Manager NF-03,Government,—,GA,West Point,Other,2026-05-06,2026-09-03,2026-08-03,2026-08-10,https://www.usajobs.gov/job/868133900
United States Army Installation Management Command (Department of the Army),Catering Manager NF-04,Government,—,GA,West Point,Other,2026-05-06,2026-10-05,2026-08-03,2026-08-10,https://www.usajobs.gov/job/868149500
United States Army Installation Management Command (Department of the Army),Kitchen Manager NF-03,Government,—,WI,Fort McCoy,Other,2026-05-07,2026-08-06,2026-08-03,2026-08-06,https://www.usajobs.gov/job/868363300
United States Army Installation Management Command (Department of the Army),"Housekeeping Shift Manager, NF-03",Government,—,HI,Honolulu,Other,2026-05-14,2026-12-31,2026-08-03,2026-08-10,https://www.usajobs.gov/job/869053900
United States Army Installation Management Command (Department of the Army),Customer Services Relations Assistant NF-02,Government,—,TX,Fort Hood,Other,2026-06-02,2026-08-03,2026-08-03,2026-08-03,https://www.usajobs.gov/job/871432000
United States Army Installation Management Command (Department of the Army),Duty Manager (Security) NF-03,Government,—,HI,Honolulu,Other,2026-07-14,2026-08-14,2026-08-03,2026-08-10,https://www.usajobs.gov/job/871483800
United States Army Installation Management Command (Department of the Army),Catering Sales Coordinator NF-04,Government,—,PA,Carlisle Barracks,Other,2026-06-25,2026-08-26,2026-08-03,2026-08-10,https://www.usajobs.gov/job/874334400
United States Army Installation Management Command (Department of the Army),Assistant Food and Beverage Director NF-04,Government,—,HI,Honolulu,Other,2026-07-08,2026-08-08,2026-08-03,2026-08-08,https://www.usajobs.gov/job/875825000
United States Army Installation Management Command (Department of the Army),Assistant Business Manager NF-03,Government,—,WI,Fort McCoy,Other,2026-07-10,2026-09-08,2026-08-03,2026-08-10,https://www.usajobs.gov/job/876041000
United States Army Installation Management Command (Department of the Army),Marketing Program Assistant NF-03,Government,—,GA,Fort Stewart,Other,2026-07-17,2026-08-03,2026-08-03,2026-08-03,https://www.usajobs.gov/job/877123800
United States Army Installation Management Command (Department of the Army),Business Operations Officer NF-05,Government,—,GA,Fort Benning,Other,2026-07-21,2026-08-04,2026-08-03,2026-08-04,https://www.usajobs.gov/job/877309700
United States Army Installation Management Command (Department of the Army),General Manager (Bowling) NF-04,Government,—,NM,White Sands Missile Range,Other,2026-07-21,2026-08-11,2026-08-03,2026-08-10,https://www.usajobs.gov/job/877405500
United States Army Installation Management Command (Department of the Army),Marketing Coordinator NF-03,Government,—,VA,Fort AP Hill,Other,2026-07-23,2026-08-03,2026-08-03,2026-08-03,https://www.usajobs.gov/job/877628300
United States Army Installation Management Command (Department of the Army),Senior Duty Manager NF-03,Government,—,HI,Honolulu,Other,2026-07-22,2026-08-23,2026-08-03,2026-08-10,https://www.usajobs.gov/job/877673400
United States Army Installation Management Command (Department of the Army),Business Manager NF-04,Government,—,KY,Fort Campbell,Other,2026-07-23,2026-08-03,2026-08-03,2026-08-03,https://www.usajobs.gov/job/877786100
United States Army Installation Management Command (Department of the Army),Director of Marketing and Sponsorship NF-04,Government,—,NM,White Sands Missile Range,Other,2026-07-24,2026-08-10,2026-08-03,2026-08-10,https://www.usajobs.gov/job/877964500
United States Army Installation Management Command (Department of the Army),Business Operations and Community Recreation Officer NF-05,Government,—,KY,Fort Campbell,Other,2026-07-27,2026-08-03,2026-08-03,2026-08-03,https://www.usajobs.gov/job/878145100
United States Army Installation Management Command (Department of the Army),Night Manager NF-02,Government,—,WI,Fort McCoy,Other,2026-07-29,2026-10-28,2026-08-03,2026-08-10,https://www.usajobs.gov/job/878476300
United States Army Installation Management Command (Department of the Army),Parking Operations Assistant NF-02,Government,—,HI,Honolulu,Other,2026-07-31,2026-08-31,2026-08-03,2026-08-10,https://www.usajobs.gov/job/878922300
United States Fleet Forces Command (Department of the Navy),Program Analyst,Government,—,CA,Coronado,Other,2026-07-30,2026-08-04,2026-08-03,2026-08-04,https://www.usajobs.gov/job/878561500
United States Fleet Forces Command (Department of the Navy),Management Analyst,Government,—,MD,Fort Meade Naval Facilities,Other,2026-08-02,2026-08-11,2026-08-03,2026-08-10,https://www.usajobs.gov/job/878585500
United States Fleet Forces Command (Department of the Navy),Precision Strike Mission Planning Analyst,Government,—,HI,Honolulu,Other,2026-04-06,2026-08-04,2026-08-03,2026-08-04,https://www.usajobs.gov/job/863796500
United States Fleet Forces Command (Department of the Navy),Comsec Manager,Government,—,FL,Naval Air Station Jacksonville,Other,2026-07-30,2026-08-03,2026-08-03,2026-08-03,https://www.usajobs.gov/job/877954700
United States Space Force (Department of the Air Force),Program analyst (Cyber Operations),Government,—,CO,Peterson AFB,Other,2025-09-29,2026-09-28,2026-08-03,2026-08-10,https://www.usajobs.gov/job/846782200
United States Space Force Forces (Department of the Air Force),Administrative Support Specialist,Government,—,CA,Vandenberg AFB,Other,2026-07-31,2026-08-07,2026-08-03,2026-08-07,https://www.usajobs.gov/job/878905900
Veterans Health Administration (Department of Veterans Affairs),Program Analyst - Quality Controls,Government,—,NJ,Lakewood,Other,2026-08-03,2026-08-10,2026-08-03,2026-08-10,https://www.usajobs.gov/job/878947200
Veterans Health Administration (Department of Veterans Affairs),Program Specialist,Government,—,MA,Boston,Other,2026-07-29,2026-08-04,2026-08-03,2026-08-04,https://www.usajobs.gov/job/878240800
Veterans Health Administration (Department of Veterans Affairs),Medical Administration Specialist,Government,—,WI,Tomah,Other,2026-07-29,2026-08-05,2026-08-03,2026-08-05,https://www.usajobs.gov/job/878494500
Veterans Health Administration (Department of Veterans Affairs),Voluntary Services Specialist,Government,—,MS,Biloxi,Other,2026-07-31,2026-08-06,2026-08-03,2026-08-06,https://www.usajobs.gov/job/878690700
Veterans Health Administration (Department of Veterans Affairs),Program Specialist - Research,Government,—,CT,West Haven,Other,2026-07-31,2026-08-07,2026-08-03,2026-08-07,https://www.usajobs.gov/job/878879500
Veterans Health Administration (Department of Veterans Affairs),Budget Analyst - Technical Career Field (TCF) Trainee,Government,—,KY,Lexington,Other,2026-07-29,2026-08-04,2026-08-03,2026-08-04,https://www.usajobs.gov/job/878311200
Veterans Health Administration (Department of Veterans Affairs),Addiction Therapist,Government,—,CA,Fresno,Other,2026-03-31,2026-09-21,2026-08-03,2026-08-10,https://www.usajobs.gov/job/863235600
Veterans Health Administration (Department of Veterans Affairs),Addiction Therapist (Licensed Master's),Government,—,OR,White City,Other,2026-05-07,2026-08-03,2026-08-03,2026-08-03,https://www.usajobs.gov/job/868328500
Veterans Health Administration (Department of Veterans Affairs),Vocational Rehabilitation Counselor,Government,—,GA,Augusta,Other,2026-05-27,2026-09-30,2026-08-03,2026-08-10,https://www.usajobs.gov/job/870739100
Veterans Health Administration (Department of Veterans Affairs),Health and Wellness Coach,Government,—,TX,Amarillo,Other,2026-07-30,2026-10-30,2026-08-03,2026-08-10,https://www.usajobs.gov/job/878586700
Veterans Health Administration (Department of Veterans Affairs),Supervisory Rehabilitation Counselor,Government,—,VA,Danville,Other,2026-08-03,2026-08-10,2026-08-03,2026-08-10,https://www.usajobs.gov/job/879024500
Veterans Health Administration (Department of Veterans Affairs),VCS - Patient Services Manager/ Registered Dietitian - Danville IL,Government,—,VA,Danville,Other,2026-06-10,2026-08-14,2026-08-03,2026-08-10,https://www.usajobs.gov/job/873456300
Veterans Health Administration (Department of Veterans Affairs),Canteen Chief - West Roxbury MA,Government,—,MA,West Roxbury,Other,2026-07-15,2026-08-14,2026-08-03,2026-08-10,https://www.usajobs.gov/job/876719300
Veterans Health Administration (Department of Veterans Affairs),Canteen Chief - Kerrville TX,Government,—,TX,Kerrville,Other,2026-07-20,2026-08-14,2026-08-03,2026-08-10,https://www.usajobs.gov/job/877276400
Veterans' Employment and Training Service (Department of Labor),Research Analyst,Government,—,DC,Washington,Other,2026-07-28,2026-08-03,2026-08-03,2026-08-03,https://www.usajobs.gov/job/878102400
Washington Headquarters Services (Department of Defense),Management and Program Analyst,Government,—,VA,"Pentagon, Arlington",Other,2026-07-31,2026-08-04,2026-08-03,2026-08-04,https://www.usajobs.gov/job/878805300
National Bureau of Economic Research,Post-Doctoral Researcher,Research,—,PA,Philadelphia,Contingent / adjunct,2026-08-01,,2026-08-01,2026-08-10,"https://www.aeaweb.org/joe/listing.php?JOE_ID=2026-02_111477565&q=eNplj0Fqw0AMRe-itQvG0C58gEAhdxDKjOpMomiMNE4xwXfPBDylkJ30vvT19YBj8pJ08kO2G4wPSIoUSrozjLqIdHDl9TdbRGeycG7UuQ5lbe2FpZXJfanLMPTD10c_QAfZ0pSU5PtNCXnRYisaT__MnO4c8VwnS2TzBgNpTJEKowej20n-AhoH1oJZZW1I9qewBmfDUxXqY5WV5ZUaqd6WeYbxs-9gpmn32rZcJ42BX1M,"
