treat,age,educ,black,hispanic,married,nodegree,re74,re75,re78
1.0,37.0,11.0,1.0,0.0,1.0,1.0,0,0,9930
1.0,22.0,9.0,0.0,1.0,0.0,1.0,0,0,3596
1.0,30.0,12.0,1.0,0.0,0.0,0.0,0,0,24909
1.0,27.0,11.0,1.0,0.0,0.0,1.0,0,0,7506
1.0,33.0,8.0,1.0,0.0,0.0,1.0,0,0,290
1.0,22.0,9.0,1.0,0.0,0.0,1.0,0,0,4056
1.0,23.0,12.0,1.0,0.0,0.0,0.0,0,0,0
1.0,32.0,11.0,1.0,0.0,0.0,1.0,0,0,8472
1.0,22.0,16.0,1.0,0.0,0.0,0.0,0,0,2164
1.0,33.0,12.0,0.0,0.0,1.0,0.0,0,0,12418
1.0,19.0,9.0,1.0,0.0,0.0,1.0,0,0,8174
1.0,21.0,13.0,1.0,0.0,0.0,0.0,0,0,17095
1.0,18.0,8.0,1.0,0.0,0.0,1.0,0,0,0
1.0,27.0,10.0,1.0,0.0,1.0,1.0,0,0,18740
1.0,17.0,7.0,1.0,0.0,0.0,1.0,0,0,3024
1.0,19.0,10.0,1.0,0.0,0.0,1.0,0,0,3229
1.0,27.0,13.0,1.0,0.0,0.0,0.0,0,0,14582
1.0,23.0,10.0,1.0,0.0,0.0,1.0,0,0,7693
1.0,40.0,12.0,1.0,0.0,0.0,0.0,0,0,10804
1.0,26.0,12.0,1.0,0.0,0.0,0.0,0,0,10747
1.0,23.0,11.0,1.0,0.0,0.0,1.0,0,0,0
1.0,41.0,14.0,0.0,0.0,0.0,0.0,0,0,5150
1.0,38.0,9.0,0.0,0.0,0.0,1.0,0,0,6409
1.0,24.0,11.0,1.0,0.0,0.0,1.0,0,0,1991
1.0,18.0,10.0,1.0,0.0,0.0,1.0,0,0,11163
1.0,29.0,11.0,1.0,0.0,1.0,1.0,0,0,9643
1.0,25.0,11.0,1.0,0.0,0.0,1.0,0,0,9897
1.0,27.0,10.0,0.0,1.0,0.0,1.0,0,0,11143
1.0,17.0,10.0,1.0,0.0,0.0,1.0,0,0,16218
1.0,24.0,11.0,1.0,0.0,0.0,1.0,0,0,996
1.0,17.0,10.0,1.0,0.0,0.0,1.0,0,0,0
1.0,48.0,4.0,1.0,0.0,0.0,1.0,0,0,6552
1.0,25.0,11.0,1.0,0.0,1.0,1.0,0,0,1574
1.0,20.0,12.0,1.0,0.0,0.0,0.0,0,0,0
1.0,25.0,12.0,1.0,0.0,0.0,0.0,0,0,3192
1.0,42.0,14.0,1.0,0.0,0.0,0.0,0,0,20506
1.0,25.0,5.0,1.0,0.0,0.0,1.0,0,0,6182
1.0,23.0,12.0,1.0,0.0,1.0,0.0,0,0,5912
1.0,46.0,8.0,1.0,0.0,1.0,1.0,0,0,3094
1.0,24.0,10.0,1.0,0.0,0.0,1.0,0,0,0
1.0,21.0,12.0,1.0,0.0,0.0,0.0,0,0,1255
1.0,19.0,9.0,0.0,0.0,0.0,1.0,0,0,13189
1.0,17.0,8.0,1.0,0.0,0.0,1.0,0,0,8061
1.0,18.0,8.0,0.0,1.0,1.0,1.0,0,0,2788
1.0,20.0,11.0,1.0,0.0,0.0,1.0,0,0,3973
1.0,25.0,11.0,1.0,0.0,1.0,1.0,0,0,0
1.0,17.0,8.0,1.0,0.0,0.0,1.0,0,0,0
1.0,17.0,9.0,1.0,0.0,0.0,1.0,0,0,0
1.0,25.0,5.0,1.0,0.0,0.0,1.0,0,0,12187
1.0,23.0,12.0,1.0,0.0,0.0,0.0,0,0,4843
1.0,28.0,8.0,1.0,0.0,0.0,1.0,0,0,0
1.0,31.0,11.0,1.0,0.0,1.0,1.0,0,0,8087
1.0,18.0,11.0,1.0,0.0,0.0,1.0,0,0,0
1.0,25.0,12.0,1.0,0.0,0.0,0.0,0,0,2349
1.0,30.0,11.0,1.0,0.0,1.0,1.0,0,0,591
1.0,17.0,10.0,1.0,0.0,0.0,1.0,0,0,0
1.0,37.0,9.0,1.0,0.0,0.0,1.0,0,0,1068
1.0,41.0,4.0,1.0,0.0,1.0,1.0,0,0,7285
1.0,42.0,14.0,1.0,0.0,1.0,0.0,0,0,13168
1.0,22.0,11.0,0.0,0.0,0.0,1.0,0,0,1048
1.0,17.0,8.0,1.0,0.0,0.0,1.0,0,0,0
1.0,29.0,8.0,1.0,0.0,0.0,1.0,0,0,1924
1.0,35.0,10.0,1.0,0.0,0.0,1.0,0,0,4666
1.0,27.0,11.0,1.0,0.0,0.0,1.0,0,0,549
1.0,29.0,4.0,1.0,0.0,0.0,1.0,0,0,763
1.0,28.0,9.0,1.0,0.0,0.0,1.0,0,0,10694
1.0,27.0,11.0,1.0,0.0,0.0,1.0,0,0,0
1.0,23.0,7.0,0.0,0.0,0.0,1.0,0,0,0
1.0,45.0,5.0,1.0,0.0,1.0,1.0,0,0,8547
1.0,29.0,13.0,1.0,0.0,0.0,0.0,0,0,7480
1.0,27.0,9.0,1.0,0.0,0.0,1.0,0,0,0
1.0,46.0,13.0,1.0,0.0,0.0,0.0,0,0,647
1.0,18.0,6.0,1.0,0.0,0.0,1.0,0,0,0
1.0,25.0,12.0,1.0,0.0,0.0,0.0,0,0,11966
1.0,28.0,15.0,1.0,0.0,0.0,0.0,0,0,9599
1.0,25.0,11.0,0.0,0.0,0.0,1.0,0,0,18783
1.0,22.0,12.0,1.0,0.0,0.0,0.0,0,0,18678
1.0,21.0,9.0,1.0,0.0,0.0,1.0,0,0,0
1.0,40.0,11.0,1.0,0.0,0.0,1.0,0,0,23006
1.0,22.0,11.0,1.0,0.0,0.0,1.0,0,0,6457
1.0,25.0,12.0,1.0,0.0,0.0,0.0,0,0,0
1.0,18.0,12.0,1.0,0.0,0.0,0.0,0,0,2321
1.0,38.0,12.0,0.0,0.0,0.0,0.0,0,0,4942
1.0,27.0,13.0,1.0,0.0,0.0,0.0,0,0,0
1.0,27.0,8.0,1.0,0.0,0.0,1.0,0,0,0
1.0,38.0,11.0,1.0,0.0,0.0,1.0,0,0,0
1.0,23.0,8.0,0.0,1.0,0.0,1.0,0,0,3881
1.0,26.0,11.0,1.0,0.0,0.0,1.0,0,0,17231
1.0,21.0,12.0,0.0,0.0,0.0,0.0,0,0,8049
1.0,25.0,8.0,1.0,0.0,0.0,1.0,0,0,0
1.0,31.0,11.0,1.0,0.0,1.0,1.0,0,0,14510
1.0,17.0,10.0,1.0,0.0,0.0,1.0,0,0,0
1.0,25.0,11.0,1.0,0.0,0.0,1.0,0,0,0
1.0,21.0,12.0,1.0,0.0,0.0,0.0,0,0,9984
1.0,44.0,11.0,1.0,0.0,0.0,1.0,0,0,0
1.0,25.0,12.0,0.0,0.0,0.0,0.0,0,0,5588
1.0,18.0,9.0,1.0,0.0,0.0,1.0,0,0,4483
1.0,42.0,12.0,1.0,0.0,0.0,0.0,0,0,2456
1.0,25.0,10.0,1.0,0.0,0.0,1.0,0,0,0
1.0,31.0,9.0,0.0,1.0,0.0,1.0,0,0,26818
1.0,24.0,10.0,1.0,0.0,0.0,1.0,0,0,0
1.0,26.0,10.0,1.0,0.0,0.0,1.0,0,0,9266
1.0,25.0,11.0,1.0,0.0,0.0,1.0,0,0,485
1.0,18.0,11.0,1.0,0.0,0.0,1.0,0,0,4815
1.0,19.0,11.0,1.0,0.0,0.0,1.0,0,0,7458
1.0,43.0,9.0,1.0,0.0,0.0,1.0,0,0,0
1.0,27.0,13.0,1.0,0.0,0.0,0.0,0,0,34099
1.0,17.0,9.0,1.0,0.0,0.0,1.0,0,0,1953
1.0,30.0,11.0,1.0,0.0,0.0,1.0,0,0,0
1.0,26.0,10.0,1.0,0.0,1.0,1.0,2028,0,0
1.0,20.0,9.0,1.0,0.0,0.0,1.0,6084,0,8882
1.0,17.0,9.0,0.0,1.0,0.0,1.0,445,74,6211
1.0,20.0,12.0,1.0,0.0,0.0,0.0,989,165,0
1.0,18.0,11.0,1.0,0.0,0.0,1.0,858,215,930
1.0,27.0,12.0,1.0,0.0,1.0,0.0,3671,334,0
1.0,21.0,12.0,0.0,0.0,0.0,0.0,3671,334,12558
1.0,27.0,12.0,1.0,0.0,0.0,0.0,2143,358,22163
1.0,20.0,12.0,1.0,0.0,0.0,0.0,0,378,1653
1.0,19.0,10.0,1.0,0.0,0.0,1.0,0,385,8125
1.0,23.0,12.0,1.0,0.0,0.0,0.0,5506,501,671
1.0,29.0,14.0,1.0,0.0,0.0,0.0,0,680,17815
1.0,18.0,10.0,1.0,0.0,0.0,1.0,0,799,9737
1.0,19.0,9.0,1.0,0.0,0.0,1.0,0,799,17685
1.0,27.0,13.0,0.0,0.0,1.0,0.0,9382,854,0
1.0,18.0,11.0,0.0,0.0,0.0,1.0,3678,920,4322
1.0,27.0,9.0,1.0,0.0,1.0,1.0,0,934,1773
1.0,22.0,12.0,1.0,0.0,0.0,0.0,5606,936,0
1.0,23.0,10.0,1.0,0.0,1.0,1.0,0,936,11233
1.0,23.0,12.0,0.0,1.0,0.0,0.0,9386,1117,559
1.0,20.0,11.0,1.0,0.0,0.0,1.0,3637,1221,1085
1.0,17.0,9.0,1.0,0.0,0.0,1.0,1717,1253,5445
1.0,28.0,11.0,1.0,0.0,0.0,1.0,0,1284,60308
1.0,26.0,11.0,1.0,0.0,1.0,1.0,0,1393,1460
1.0,20.0,11.0,1.0,0.0,0.0,1.0,16319,1485,6943
1.0,24.0,11.0,1.0,0.0,1.0,1.0,824,1666,4033
1.0,31.0,9.0,1.0,0.0,0.0,1.0,0,1699,10363
1.0,23.0,8.0,0.0,0.0,1.0,1.0,0,1713,4232
1.0,18.0,10.0,1.0,0.0,0.0,1.0,2143,1784,11141
1.0,29.0,12.0,1.0,0.0,0.0,0.0,10882,1817,0
1.0,26.0,11.0,0.0,0.0,0.0,1.0,0,2226,13386
1.0,24.0,9.0,1.0,0.0,0.0,1.0,9155,2289,4850
1.0,25.0,12.0,1.0,0.0,0.0,0.0,14427,2409,0
1.0,24.0,10.0,1.0,0.0,0.0,1.0,4250,2422,1661
1.0,46.0,8.0,1.0,0.0,0.0,1.0,3166,2595,0
1.0,31.0,12.0,0.0,0.0,0.0,0.0,0,2611,2485
1.0,19.0,11.0,1.0,0.0,0.0,1.0,2305,2615,4147
1.0,19.0,8.0,1.0,0.0,0.0,1.0,0,2657,9971
1.0,27.0,11.0,1.0,0.0,0.0,1.0,2207,2666,0
1.0,26.0,11.0,1.0,0.0,1.0,1.0,0,2755,26372
1.0,20.0,10.0,1.0,0.0,0.0,1.0,5006,2777,5615
1.0,28.0,10.0,1.0,0.0,0.0,1.0,0,2837,3197
1.0,24.0,12.0,1.0,0.0,0.0,0.0,13766,2843,6168
1.0,19.0,8.0,1.0,0.0,0.0,1.0,2636,2937,7536
1.0,23.0,12.0,1.0,0.0,0.0,0.0,6269,3040,8484
1.0,42.0,9.0,1.0,0.0,1.0,1.0,0,3059,1294
1.0,25.0,13.0,1.0,0.0,0.0,0.0,12363,3091,0
1.0,18.0,9.0,1.0,0.0,0.0,1.0,0,3287,5010
1.0,21.0,12.0,1.0,0.0,0.0,0.0,6474,3332,9371
1.0,27.0,10.0,1.0,0.0,0.0,1.0,1001,3550,0
1.0,21.0,8.0,1.0,0.0,0.0,1.0,989,3696,4280
1.0,22.0,9.0,1.0,0.0,0.0,1.0,2193,3837,3463
1.0,31.0,4.0,1.0,0.0,0.0,1.0,8518,4023,7383
1.0,24.0,10.0,1.0,0.0,1.0,1.0,11703,4078,0
1.0,29.0,10.0,1.0,0.0,0.0,1.0,0,4399,0
1.0,29.0,12.0,1.0,0.0,0.0,0.0,9748,4879,10977
1.0,19.0,10.0,0.0,0.0,0.0,1.0,0,5324,13830
1.0,19.0,11.0,0.0,1.0,1.0,1.0,5424,5464,6788
1.0,31.0,9.0,1.0,0.0,0.0,1.0,10717,5518,9559
1.0,22.0,10.0,1.0,0.0,1.0,1.0,1468,5589,13228
1.0,21.0,9.0,1.0,0.0,0.0,1.0,6416,5749,744
1.0,17.0,10.0,1.0,0.0,0.0,1.0,1291,5794,5523
1.0,26.0,12.0,1.0,0.0,1.0,0.0,8409,5795,1425
1.0,20.0,9.0,0.0,1.0,0.0,1.0,12261,5875,1359
1.0,19.0,10.0,1.0,0.0,0.0,1.0,4122,6057,0
1.0,26.0,10.0,1.0,0.0,0.0,1.0,25930,6789,673
1.0,28.0,11.0,1.0,0.0,0.0,1.0,1929,6872,0
1.0,22.0,12.0,0.0,1.0,1.0,0.0,492,7056,10093
1.0,33.0,11.0,1.0,0.0,0.0,1.0,0,7868,6281
1.0,22.0,12.0,0.0,0.0,0.0,0.0,6760,8456,12591
1.0,29.0,10.0,0.0,1.0,0.0,1.0,0,8854,5112
1.0,33.0,12.0,1.0,0.0,1.0,0.0,20280,10941,15953
1.0,25.0,14.0,1.0,0.0,1.0,0.0,35040,11537,36647
1.0,35.0,9.0,1.0,0.0,1.0,1.0,13602,13831,12804
1.0,35.0,8.0,1.0,0.0,1.0,1.0,13732,17976,3787
1.0,33.0,11.0,1.0,0.0,1.0,1.0,14661,25142,4182
0.0,45.0,11.0,0.0,0.0,1.0,1.0,21517,25244,25565
0.0,21.0,14.0,0.0,0.0,0.0,0.0,3176,5853,13496
0.0,38.0,12.0,0.0,0.0,1.0,0.0,23039,25131,25565
0.0,48.0,6.0,0.0,0.0,1.0,1.0,24994,25244,25565
0.0,18.0,8.0,0.0,0.0,1.0,1.0,1669,10728,9861
0.0,22.0,11.0,0.0,0.0,1.0,1.0,16366,18449,25565
0.0,48.0,10.0,0.0,0.0,1.0,1.0,16805,16355,18059
0.0,18.0,11.0,0.0,0.0,0.0,1.0,1144,3620,15739
0.0,48.0,9.0,0.0,0.0,1.0,1.0,25862,25244,25565
0.0,45.0,12.0,0.0,0.0,1.0,0.0,25862,0,3925
0.0,34.0,14.0,0.0,0.0,1.0,0.0,25862,23747,25565
0.0,16.0,10.0,0.0,0.0,0.0,1.0,1027,1225,6848
0.0,53.0,10.0,0.0,0.0,1.0,1.0,25862,25244,25565
0.0,19.0,12.0,0.0,0.0,0.0,0.0,868,4386,8778
0.0,27.0,12.0,0.0,0.0,1.0,0.0,25862,19047,19215
0.0,32.0,10.0,0.0,0.0,1.0,1.0,20427,23374,9180
0.0,27.0,12.0,0.0,0.0,1.0,0.0,20984,14822,25565
0.0,46.0,7.0,0.0,0.0,1.0,1.0,19171,1318,0
0.0,24.0,13.0,0.0,0.0,0.0,0.0,20831,25244,23904
0.0,22.0,13.0,0.0,0.0,0.0,0.0,11037,10352,6557
0.0,49.0,10.0,0.0,0.0,1.0,1.0,392,0,0
0.0,17.0,10.0,0.0,0.0,0.0,1.0,0,0,4755
0.0,29.0,14.0,0.0,0.0,1.0,0.0,21499,22587,20923
0.0,28.0,16.0,0.0,0.0,1.0,0.0,16501,0,10267
0.0,46.0,12.0,0.0,0.0,1.0,0.0,24814,24968,19339
0.0,26.0,17.0,1.0,0.0,1.0,0.0,0,0,4754
0.0,49.0,12.0,0.0,0.0,0.0,0.0,25862,25244,25565
0.0,51.0,10.0,0.0,0.0,1.0,1.0,25862,25244,25565
0.0,51.0,10.0,0.0,0.0,1.0,1.0,22923,21726,10349
0.0,27.0,11.0,0.0,0.0,1.0,1.0,17022,18123,18491
0.0,23.0,13.0,0.0,0.0,0.0,0.0,19099,21015,0
0.0,27.0,10.0,0.0,0.0,1.0,1.0,7953,9755,13106
0.0,38.0,10.0,0.0,0.0,1.0,1.0,25862,25244,25565
0.0,32.0,8.0,0.0,0.0,0.0,1.0,7187,6150,8414
0.0,34.0,14.0,0.0,0.0,1.0,0.0,25862,25244,25565
0.0,26.0,18.0,0.0,0.0,1.0,0.0,20972,21883,25565
0.0,21.0,13.0,0.0,0.0,0.0,0.0,8638,8176,6753
0.0,39.0,8.0,0.0,1.0,0.0,1.0,13499,16383,16462
0.0,17.0,8.0,1.0,0.0,0.0,1.0,0,451,0
0.0,22.0,11.0,0.0,1.0,1.0,1.0,17467,17780,14439
0.0,21.0,12.0,0.0,1.0,0.0,0.0,0,0,0
0.0,44.0,9.0,0.0,1.0,1.0,1.0,15390,14887,12635
0.0,26.0,10.0,0.0,1.0,1.0,1.0,17126,17447,13518
0.0,54.0,4.0,0.0,1.0,1.0,1.0,13350,13180,13741
0.0,42.0,12.0,0.0,1.0,1.0,0.0,21664,22014,19942
0.0,25.0,12.0,0.0,0.0,0.0,0.0,8105,11870,6171
0.0,20.0,13.0,0.0,0.0,0.0,0.0,317,215,0
0.0,44.0,11.0,0.0,0.0,1.0,1.0,25862,25244,25565
0.0,33.0,12.0,0.0,0.0,1.0,0.0,25862,25244,25565
0.0,40.0,12.0,0.0,0.0,1.0,0.0,25862,14494,25565
0.0,25.0,16.0,0.0,0.0,1.0,0.0,21048,22916,23574
0.0,33.0,12.0,0.0,0.0,0.0,0.0,12694,13046,11265
0.0,52.0,13.0,1.0,0.0,0.0,0.0,19828,19668,18438
0.0,54.0,14.0,0.0,0.0,1.0,0.0,24687,25244,25565
0.0,27.0,15.0,0.0,0.0,0.0,0.0,19201,19303,18207
0.0,51.0,10.0,0.0,0.0,1.0,1.0,7488,7888,6149
0.0,42.0,12.0,0.0,0.0,1.0,0.0,6503,15241,15469
0.0,50.0,10.0,0.0,0.0,1.0,1.0,25862,25244,25565
0.0,47.0,10.0,0.0,0.0,1.0,1.0,15282,13965,9044
0.0,28.0,12.0,0.0,0.0,1.0,0.0,24224,11019,20056
0.0,33.0,12.0,0.0,0.0,1.0,0.0,25862,25244,25565
0.0,33.0,13.0,0.0,0.0,1.0,0.0,21146,18732,22255
0.0,55.0,16.0,0.0,0.0,1.0,0.0,25862,24628,25565
0.0,38.0,12.0,0.0,0.0,1.0,0.0,25862,25244,25565
0.0,39.0,16.0,0.0,0.0,1.0,0.0,25862,25244,25565
0.0,27.0,17.0,0.0,0.0,1.0,0.0,25862,25244,25565
0.0,16.0,9.0,0.0,0.0,0.0,1.0,378,467,4306
0.0,35.0,12.0,0.0,0.0,1.0,0.0,6646,3332,0
0.0,35.0,12.0,0.0,0.0,1.0,0.0,22422,21094,23590
0.0,45.0,12.0,0.0,0.0,1.0,0.0,25862,25244,0
0.0,51.0,11.0,0.0,0.0,1.0,1.0,18270,21638,20267
0.0,27.0,16.0,0.0,0.0,0.0,0.0,11317,1762,5533
0.0,28.0,14.0,0.0,0.0,1.0,0.0,0,0,18720
0.0,35.0,18.0,0.0,0.0,1.0,0.0,25862,25244,25565
0.0,39.0,10.0,0.0,0.0,1.0,1.0,18535,0,21496
0.0,33.0,12.0,0.0,0.0,0.0,0.0,25862,25244,25565
0.0,52.0,16.0,0.0,0.0,1.0,0.0,25862,25242,12429
0.0,22.0,13.0,0.0,0.0,0.0,0.0,5024,6819,13944
0.0,25.0,12.0,0.0,0.0,1.0,0.0,20071,11118,19004
0.0,28.0,16.0,0.0,0.0,1.0,0.0,25014,22710,0
0.0,27.0,16.0,0.0,0.0,1.0,0.0,16889,16201,17295
0.0,30.0,13.0,0.0,0.0,0.0,0.0,8362,7990,8590
0.0,28.0,15.0,0.0,0.0,0.0,0.0,9673,8085,14349
0.0,24.0,12.0,0.0,0.0,1.0,0.0,19083,18270,22262
0.0,29.0,11.0,1.0,0.0,0.0,1.0,14743,14955,13715
0.0,49.0,7.0,1.0,0.0,0.0,1.0,16444,16029,15965
0.0,22.0,12.0,0.0,0.0,1.0,0.0,13352,14358,17051
0.0,30.0,16.0,0.0,0.0,1.0,0.0,25862,25244,25565
0.0,45.0,12.0,0.0,0.0,1.0,0.0,24185,25244,0
0.0,44.0,12.0,0.0,0.0,1.0,0.0,24669,24418,25565
0.0,21.0,12.0,0.0,0.0,0.0,0.0,11466,1953,25565
0.0,26.0,13.0,0.0,0.0,1.0,0.0,11662,4143,18650
0.0,25.0,16.0,0.0,0.0,1.0,0.0,18823,20112,20987
0.0,45.0,8.0,0.0,0.0,1.0,1.0,16883,15316,17010
0.0,19.0,9.0,0.0,0.0,0.0,1.0,3311,10525,1693
0.0,55.0,9.0,0.0,0.0,1.0,1.0,12610,12350,12202
0.0,22.0,12.0,0.0,0.0,1.0,0.0,12424,13035,17483
0.0,37.0,18.0,0.0,0.0,1.0,0.0,0,16736,25565
0.0,38.0,12.0,0.0,0.0,1.0,0.0,25862,25244,25299
0.0,29.0,13.0,0.0,0.0,1.0,0.0,17963,11591,2639
0.0,43.0,8.0,0.0,0.0,1.0,1.0,21044,25244,1302
0.0,51.0,10.0,0.0,0.0,1.0,1.0,25862,19817,4
0.0,25.0,14.0,0.0,0.0,1.0,0.0,11769,11625,13904
0.0,52.0,12.0,0.0,0.0,1.0,0.0,20776,20809,10394
0.0,26.0,14.0,0.0,0.0,1.0,0.0,22886,24524,25565
0.0,37.0,18.0,0.0,0.0,1.0,0.0,25862,25244,25565
0.0,36.0,12.0,0.0,0.0,1.0,0.0,25862,25244,25565
0.0,27.0,14.0,0.0,0.0,1.0,0.0,6395,18514,21259
0.0,21.0,11.0,0.0,0.0,1.0,1.0,20817,25244,25565
0.0,44.0,12.0,0.0,0.0,1.0,0.0,22686,0,19082
0.0,49.0,17.0,0.0,0.0,1.0,0.0,25862,25244,25565
0.0,32.0,0.0,0.0,0.0,0.0,1.0,4559,3976,7247
0.0,23.0,12.0,0.0,0.0,1.0,0.0,16593,17622,22872
0.0,46.0,12.0,0.0,0.0,1.0,0.0,18637,18215,20486
0.0,17.0,10.0,0.0,0.0,0.0,1.0,0,1536,19809
0.0,26.0,12.0,0.0,0.0,1.0,0.0,19068,24850,22546
0.0,27.0,12.0,0.0,0.0,1.0,0.0,19638,8178,25565
0.0,30.0,15.0,0.0,0.0,1.0,0.0,23872,25244,25565
0.0,23.0,12.0,0.0,0.0,0.0,0.0,23827,24943,25523
0.0,22.0,12.0,0.0,0.0,1.0,0.0,13540,21767,25565
0.0,30.0,18.0,0.0,0.0,1.0,0.0,23127,23580,25565
0.0,32.0,14.0,0.0,0.0,1.0,0.0,20145,15941,25565
0.0,27.0,14.0,0.0,0.0,0.0,0.0,15576,24706,25565
0.0,18.0,12.0,0.0,0.0,0.0,0.0,4730,3328,12602
0.0,33.0,18.0,0.0,0.0,0.0,0.0,0,0,25565
0.0,22.0,11.0,0.0,0.0,0.0,1.0,5325,1062,0
0.0,23.0,16.0,0.0,0.0,0.0,0.0,2359,0,3270
0.0,51.0,10.0,0.0,0.0,1.0,1.0,19030,17533,0
0.0,21.0,15.0,0.0,0.0,0.0,0.0,2471,5117,10891
0.0,18.0,12.0,0.0,0.0,0.0,0.0,9066,9338,7972
0.0,53.0,10.0,0.0,0.0,1.0,1.0,0,0,0
0.0,21.0,12.0,0.0,0.0,0.0,0.0,4056,1867,0
0.0,32.0,16.0,0.0,0.0,1.0,0.0,22526,22712,25565
0.0,41.0,12.0,0.0,0.0,1.0,0.0,25862,24746,25565
0.0,48.0,12.0,0.0,0.0,0.0,0.0,25862,25244,25565
0.0,25.0,18.0,0.0,0.0,0.0,0.0,2351,211,25565
0.0,23.0,16.0,0.0,0.0,0.0,0.0,913,8676,14266
0.0,30.0,12.0,0.0,0.0,1.0,0.0,0,0,0
0.0,22.0,12.0,0.0,0.0,1.0,0.0,1806,7115,0
0.0,44.0,10.0,0.0,0.0,1.0,1.0,5940,2739,2168
0.0,17.0,11.0,0.0,0.0,0.0,1.0,2447,3267,7943
0.0,23.0,12.0,0.0,0.0,0.0,0.0,331,0,594
0.0,47.0,8.0,0.0,0.0,1.0,1.0,25169,22651,24402
0.0,54.0,12.0,0.0,0.0,1.0,0.0,0,0,0
0.0,49.0,8.0,0.0,0.0,1.0,1.0,11409,3710,19137
0.0,36.0,18.0,0.0,0.0,1.0,0.0,23742,25244,25565
0.0,33.0,14.0,0.0,0.0,1.0,0.0,24951,23278,25565
0.0,43.0,15.0,0.0,0.0,1.0,0.0,19387,25208,22580
0.0,37.0,10.0,0.0,0.0,0.0,1.0,17236,18397,0
0.0,48.0,12.0,0.0,0.0,0.0,0.0,16536,16605,16713
0.0,54.0,12.0,0.0,0.0,0.0,0.0,0,0,0
0.0,28.0,16.0,0.0,0.0,0.0,0.0,92,0,627
0.0,35.0,3.0,0.0,0.0,1.0,1.0,19620,20361,15348
0.0,55.0,12.0,0.0,0.0,1.0,0.0,14696,3135,0
0.0,53.0,7.0,0.0,0.0,1.0,1.0,22308,21521,10159
0.0,25.0,12.0,0.0,0.0,1.0,0.0,19889,17756,14423
0.0,30.0,8.0,0.0,0.0,1.0,1.0,18691,15544,22985
0.0,44.0,5.0,0.0,0.0,0.0,1.0,12765,9442,6224
0.0,44.0,6.0,0.0,0.0,1.0,1.0,25862,15218,25565
0.0,20.0,10.0,0.0,0.0,0.0,1.0,3815,5235,5021
0.0,49.0,9.0,0.0,0.0,1.0,1.0,17148,12747,12683
0.0,55.0,8.0,0.0,0.0,1.0,1.0,5619,5450,23559
0.0,51.0,16.0,0.0,0.0,1.0,0.0,25862,25244,25565
0.0,24.0,16.0,0.0,0.0,0.0,0.0,9692,16013,7327
0.0,54.0,10.0,0.0,0.0,1.0,1.0,25055,25244,22154
0.0,32.0,16.0,1.0,0.0,0.0,0.0,17136,1031,0
0.0,19.0,4.0,0.0,1.0,1.0,1.0,2298,1787,11608
0.0,36.0,18.0,0.0,0.0,0.0,0.0,0,0,0
0.0,55.0,10.0,0.0,0.0,1.0,1.0,0,0,0
0.0,25.0,12.0,0.0,0.0,1.0,0.0,8680,17667,17465
0.0,26.0,18.0,0.0,0.0,1.0,0.0,0,8415,22868
0.0,19.0,13.0,0.0,0.0,0.0,0.0,5061,5183,16382
0.0,52.0,11.0,0.0,0.0,1.0,1.0,25862,25244,23290
0.0,19.0,12.0,0.0,0.0,0.0,0.0,4336,4687,21408
0.0,17.0,11.0,0.0,0.0,0.0,1.0,43,0,14912
0.0,23.0,10.0,0.0,0.0,1.0,1.0,10596,1463,11862
0.0,44.0,12.0,0.0,0.0,1.0,0.0,25862,25244,25565
0.0,28.0,12.0,0.0,0.0,1.0,0.0,13096,4999,9376
0.0,49.0,8.0,0.0,0.0,1.0,1.0,17912,23684,9465
0.0,54.0,10.0,0.0,0.0,1.0,1.0,14522,8739,8487
0.0,22.0,11.0,0.0,0.0,0.0,1.0,5656,0,3895
0.0,33.0,13.0,0.0,0.0,1.0,0.0,25862,25244,25565
0.0,40.0,12.0,0.0,0.0,0.0,0.0,20468,6205,22680
0.0,47.0,12.0,0.0,0.0,1.0,0.0,25862,20522,24505
0.0,21.0,12.0,0.0,0.0,0.0,0.0,9792,2170,14999
0.0,17.0,10.0,0.0,0.0,0.0,1.0,0,0,1385
0.0,16.0,9.0,0.0,0.0,0.0,1.0,0,1346,6706
0.0,40.0,12.0,0.0,0.0,1.0,0.0,15435,12928,13062
0.0,36.0,12.0,0.0,0.0,1.0,0.0,25241,25244,25565
0.0,51.0,12.0,0.0,0.0,1.0,0.0,25862,25244,25565
0.0,46.0,9.0,0.0,0.0,1.0,1.0,25063,25167,25098
0.0,33.0,18.0,0.0,0.0,1.0,0.0,23421,25244,18506
0.0,28.0,13.0,0.0,0.0,1.0,0.0,24771,21333,14324
0.0,27.0,11.0,0.0,0.0,1.0,1.0,14267,12829,18693
0.0,33.0,12.0,0.0,0.0,0.0,0.0,25862,25244,21944
0.0,26.0,12.0,0.0,0.0,1.0,0.0,16822,19978,20016
0.0,24.0,12.0,0.0,0.0,1.0,0.0,16103,8923,16471
0.0,28.0,8.0,0.0,0.0,1.0,1.0,16450,18301,23494
0.0,36.0,12.0,0.0,0.0,1.0,0.0,23913,23274,25378
0.0,42.0,12.0,0.0,0.0,1.0,0.0,21474,22060,23426
0.0,16.0,10.0,0.0,0.0,0.0,1.0,0,0,1399
0.0,53.0,14.0,0.0,0.0,1.0,0.0,22996,16304,0
0.0,52.0,10.0,0.0,0.0,1.0,1.0,17330,16193,20248
0.0,22.0,12.0,0.0,0.0,0.0,0.0,0,0,0
0.0,55.0,14.0,0.0,0.0,1.0,0.0,25862,25244,25565
0.0,26.0,14.0,0.0,0.0,1.0,0.0,9928,13397,10758
0.0,38.0,12.0,0.0,0.0,1.0,0.0,2400,0,0
0.0,43.0,12.0,0.0,0.0,1.0,0.0,14328,3454,18782
0.0,55.0,7.0,0.0,0.0,1.0,1.0,18660,16768,19438
0.0,49.0,10.0,0.0,0.0,1.0,1.0,24083,22759,25232
0.0,20.0,12.0,0.0,0.0,0.0,0.0,9579,15728,18667
0.0,18.0,10.0,0.0,0.0,0.0,1.0,0,0,6478
0.0,31.0,16.0,0.0,0.0,1.0,0.0,25862,25244,25565
0.0,54.0,18.0,0.0,0.0,1.0,0.0,25862,25244,25565
0.0,28.0,12.0,0.0,0.0,1.0,0.0,20676,4073,17289
0.0,24.0,12.0,0.0,0.0,1.0,0.0,18979,20959,17657
0.0,21.0,8.0,0.0,0.0,0.0,1.0,18433,6778,9376
0.0,39.0,8.0,0.0,0.0,1.0,1.0,24164,20938,25565
0.0,28.0,12.0,0.0,0.0,1.0,0.0,23570,21926,25565
0.0,40.0,12.0,0.0,0.0,1.0,0.0,25862,25244,23654
0.0,38.0,7.0,0.0,0.0,1.0,1.0,22306,18866,22192
0.0,16.0,10.0,0.0,0.0,0.0,1.0,0,521,9926
0.0,43.0,12.0,0.0,0.0,1.0,0.0,0,0,0
0.0,49.0,12.0,0.0,0.0,1.0,0.0,24812,23203,21154
0.0,28.0,14.0,0.0,0.0,0.0,0.0,19316,18627,20003
0.0,22.0,12.0,0.0,0.0,0.0,0.0,15341,14904,25565
0.0,39.0,12.0,0.0,0.0,1.0,0.0,7455,8513,9862
0.0,27.0,16.0,0.0,0.0,1.0,0.0,21062,24825,12515
0.0,21.0,12.0,0.0,0.0,0.0,0.0,15658,8116,15937
0.0,48.0,11.0,0.0,0.0,1.0,1.0,25862,25244,23725
0.0,30.0,12.0,0.0,0.0,1.0,0.0,25862,25244,25565
0.0,20.0,12.0,0.0,0.0,1.0,0.0,11511,8185,10026
0.0,20.0,13.0,0.0,0.0,0.0,0.0,0,630,13858
0.0,18.0,12.0,0.0,0.0,0.0,0.0,658,1432,0
0.0,23.0,12.0,0.0,1.0,0.0,0.0,5817,18106,8877
0.0,33.0,12.0,0.0,0.0,1.0,0.0,18303,13875,12640
0.0,31.0,12.0,0.0,0.0,1.0,0.0,21611,21538,25565
0.0,28.0,12.0,1.0,0.0,0.0,0.0,4700,0,731
0.0,30.0,14.0,0.0,0.0,0.0,0.0,0,0,0
0.0,23.0,13.0,1.0,0.0,0.0,0.0,172,272,582
0.0,38.0,12.0,0.0,0.0,1.0,0.0,10384,11637,15959
0.0,37.0,12.0,1.0,0.0,1.0,0.0,18827,21573,18148
0.0,16.0,10.0,0.0,0.0,0.0,1.0,658,630,5128
0.0,18.0,10.0,0.0,0.0,0.0,1.0,0,2474,0
0.0,47.0,9.0,0.0,0.0,1.0,1.0,19979,19203,23970
0.0,17.0,9.0,0.0,0.0,0.0,1.0,0,3992,10248
0.0,35.0,12.0,1.0,0.0,1.0,0.0,17242,15717,18050
0.0,19.0,7.0,0.0,1.0,0.0,1.0,1250,0,8200
0.0,36.0,9.0,1.0,0.0,1.0,1.0,18905,18938,10997
0.0,41.0,8.0,0.0,0.0,1.0,1.0,0,0,0
0.0,54.0,12.0,0.0,0.0,1.0,0.0,0,0,0
0.0,51.0,18.0,0.0,0.0,1.0,0.0,25862,25244,25565
0.0,55.0,15.0,0.0,0.0,1.0,0.0,25862,25244,25565
0.0,29.0,16.0,0.0,0.0,1.0,0.0,1658,5129,8809
0.0,46.0,16.0,0.0,0.0,1.0,0.0,25862,25244,25565
0.0,30.0,14.0,0.0,0.0,1.0,0.0,25862,25244,25565
0.0,28.0,14.0,1.0,0.0,1.0,0.0,23039,22576,23094
0.0,48.0,12.0,1.0,0.0,1.0,0.0,24197,22110,21900
0.0,26.0,11.0,1.0,0.0,0.0,1.0,20835,19445,21891
0.0,32.0,12.0,0.0,0.0,1.0,0.0,25862,25244,23587
0.0,50.0,12.0,0.0,0.0,1.0,0.0,0,0,0
0.0,20.0,11.0,0.0,0.0,0.0,1.0,11207,12425,13013
0.0,21.0,12.0,0.0,0.0,0.0,0.0,11648,14833,20666
0.0,20.0,9.0,0.0,0.0,0.0,1.0,4299,8798,8962
0.0,32.0,4.0,0.0,1.0,0.0,1.0,14820,15458,12033
0.0,46.0,12.0,0.0,0.0,1.0,0.0,0,0,0
0.0,18.0,12.0,0.0,0.0,0.0,0.0,2361,1753,2749
0.0,51.0,12.0,0.0,0.0,1.0,0.0,22355,21794,3251
0.0,32.0,15.0,0.0,0.0,1.0,0.0,25862,25244,25565
0.0,26.0,16.0,0.0,0.0,1.0,0.0,8376,10608,4047
0.0,24.0,15.0,0.0,0.0,0.0,0.0,1058,0,9437
0.0,46.0,8.0,0.0,0.0,1.0,1.0,24001,23990,3923
0.0,21.0,16.0,0.0,0.0,0.0,0.0,0,0,20669
0.0,32.0,16.0,0.0,0.0,1.0,0.0,25034,25244,25565
0.0,30.0,18.0,0.0,0.0,0.0,0.0,25862,9657,7726
0.0,25.0,18.0,0.0,0.0,1.0,0.0,5364,8773,25565
0.0,51.0,12.0,0.0,0.0,1.0,0.0,20755,19199,22566
0.0,21.0,9.0,0.0,1.0,1.0,1.0,7249,9969,16627
0.0,34.0,18.0,0.0,0.0,1.0,0.0,25862,25244,25565
0.0,29.0,5.0,0.0,0.0,1.0,1.0,25862,25244,25565
0.0,52.0,12.0,0.0,0.0,1.0,0.0,9052,4979,0
0.0,21.0,14.0,0.0,0.0,0.0,0.0,8490,10167,0
0.0,17.0,10.0,0.0,0.0,0.0,1.0,3521,4336,0
0.0,50.0,8.0,0.0,1.0,0.0,1.0,14892,13349,10792
0.0,21.0,11.0,1.0,0.0,0.0,1.0,1891,1370,16685
0.0,49.0,12.0,0.0,1.0,1.0,0.0,21366,21024,25046
0.0,23.0,18.0,0.0,1.0,0.0,0.0,0,0,0
0.0,17.0,12.0,0.0,1.0,0.0,0.0,946,1379,0
0.0,52.0,3.0,1.0,0.0,1.0,1.0,12688,12656,9378
0.0,47.0,4.0,0.0,1.0,1.0,1.0,8889,12298,17077
0.0,24.0,4.0,0.0,1.0,1.0,1.0,8427,17035,25279
0.0,29.0,12.0,0.0,0.0,0.0,0.0,0,0,0
0.0,49.0,12.0,0.0,0.0,1.0,0.0,6297,4254,10170
0.0,55.0,12.0,0.0,0.0,1.0,0.0,25862,25244,564
0.0,28.0,12.0,0.0,0.0,0.0,0.0,25525,25244,25565
0.0,19.0,13.0,0.0,0.0,0.0,0.0,3872,4916,1688
0.0,35.0,16.0,0.0,0.0,0.0,0.0,25804,25244,25565
0.0,31.0,12.0,0.0,0.0,1.0,0.0,20572,18917,15102
0.0,44.0,12.0,0.0,0.0,1.0,0.0,25862,25244,25565
0.0,54.0,11.0,0.0,0.0,1.0,1.0,24313,24692,0
0.0,37.0,12.0,0.0,0.0,1.0,0.0,25862,25244,25565
0.0,46.0,12.0,0.0,0.0,1.0,0.0,11979,10461,8331
0.0,29.0,12.0,1.0,0.0,1.0,0.0,18108,14136,16047
0.0,55.0,12.0,0.0,0.0,1.0,0.0,16109,14002,14683
0.0,22.0,12.0,0.0,0.0,0.0,0.0,15956,17423,22739
0.0,18.0,11.0,0.0,0.0,0.0,1.0,0,310,16760
0.0,32.0,13.0,0.0,0.0,1.0,0.0,25862,25244,25565
0.0,51.0,12.0,0.0,0.0,1.0,0.0,102,0,0
0.0,49.0,12.0,0.0,0.0,1.0,0.0,25862,14965,24521
0.0,27.0,16.0,0.0,0.0,1.0,0.0,25862,25244,25565
0.0,19.0,13.0,0.0,0.0,0.0,0.0,10147,10547,5906
0.0,38.0,3.0,0.0,0.0,1.0,1.0,25862,25244,25565
0.0,40.0,12.0,0.0,0.0,1.0,0.0,23360,22221,25565
0.0,21.0,12.0,0.0,0.0,0.0,0.0,6344,6719,25012
0.0,29.0,12.0,0.0,0.0,1.0,0.0,25862,25244,25565
0.0,39.0,12.0,0.0,0.0,1.0,0.0,25862,25244,0
0.0,39.0,12.0,1.0,0.0,1.0,0.0,25862,25244,25565
0.0,34.0,14.0,0.0,0.0,1.0,0.0,9581,14881,25565
0.0,26.0,17.0,0.0,0.0,1.0,0.0,25862,21504,0
0.0,40.0,18.0,0.0,0.0,1.0,0.0,25862,25244,25565
0.0,31.0,14.0,0.0,0.0,0.0,0.0,2189,4938,2358
0.0,28.0,17.0,0.0,0.0,1.0,0.0,25862,25244,25565
0.0,17.0,11.0,0.0,0.0,0.0,1.0,0,1033,6345
0.0,35.0,12.0,1.0,0.0,1.0,0.0,21689,21543,21034
0.0,34.0,15.0,0.0,1.0,1.0,0.0,18633,24520,0
0.0,44.0,8.0,0.0,0.0,1.0,1.0,25862,17681,20613
0.0,54.0,8.0,0.0,0.0,1.0,1.0,25276,22241,25565
0.0,30.0,10.0,0.0,1.0,1.0,1.0,25860,25244,25565
0.0,39.0,14.0,1.0,0.0,0.0,0.0,0,0,0
0.0,29.0,12.0,0.0,0.0,1.0,0.0,20901,20728,24746
0.0,25.0,10.0,0.0,0.0,1.0,1.0,8656,5147,10666
0.0,42.0,5.0,0.0,1.0,1.0,1.0,20868,18741,22305
0.0,48.0,6.0,0.0,1.0,1.0,1.0,14657,18251,17764
0.0,25.0,6.0,0.0,1.0,1.0,1.0,17055,14987,0
0.0,49.0,11.0,0.0,0.0,1.0,1.0,25862,25244,25565
0.0,38.0,12.0,0.0,0.0,0.0,0.0,10674,9965,10388
0.0,38.0,15.0,0.0,0.0,1.0,0.0,25862,25244,25565
0.0,31.0,12.0,0.0,0.0,1.0,0.0,25862,25244,25565
0.0,41.0,12.0,0.0,0.0,1.0,0.0,25862,25244,25565
0.0,25.0,13.0,0.0,0.0,1.0,0.0,17204,11639,25565
0.0,48.0,18.0,0.0,0.0,1.0,0.0,7026,7435,0
0.0,21.0,14.0,0.0,0.0,0.0,0.0,6448,15266,11804
0.0,20.0,14.0,0.0,0.0,0.0,0.0,266,1047,10700
0.0,54.0,14.0,0.0,0.0,0.0,0.0,11323,6229,1324
0.0,41.0,8.0,0.0,0.0,1.0,1.0,25133,19549,25565
0.0,49.0,7.0,0.0,0.0,0.0,1.0,11926,2365,1908
0.0,46.0,6.0,0.0,1.0,1.0,1.0,10345,11288,13004
0.0,18.0,11.0,0.0,1.0,0.0,1.0,0,387,16559
0.0,30.0,10.0,0.0,0.0,1.0,1.0,25862,22429,22367
0.0,39.0,12.0,0.0,0.0,1.0,0.0,7161,15705,16880
0.0,17.0,10.0,0.0,0.0,0.0,1.0,647,0,9438
0.0,28.0,12.0,0.0,0.0,1.0,0.0,16068,12421,21403
0.0,29.0,12.0,0.0,0.0,1.0,0.0,12861,13211,8612
0.0,39.0,12.0,0.0,0.0,1.0,0.0,25862,25104,24563
0.0,38.0,7.0,0.0,0.0,1.0,1.0,14830,15805,16763
0.0,29.0,12.0,0.0,0.0,1.0,0.0,12304,11995,12549
0.0,39.0,14.0,0.0,0.0,1.0,0.0,22949,20875,21966
0.0,18.0,11.0,0.0,0.0,0.0,1.0,327,0,965
0.0,46.0,12.0,0.0,0.0,1.0,0.0,0,0,0
0.0,17.0,10.0,0.0,0.0,0.0,1.0,102,0,474
0.0,47.0,8.0,0.0,0.0,1.0,1.0,18368,16381,25565
0.0,24.0,17.0,0.0,0.0,0.0,0.0,989,4687,1028
0.0,30.0,12.0,0.0,0.0,1.0,0.0,25862,25244,25565
0.0,42.0,7.0,0.0,0.0,1.0,1.0,10972,5806,9242
0.0,27.0,16.0,0.0,0.0,1.0,0.0,23570,20694,25565
0.0,50.0,12.0,0.0,0.0,1.0,0.0,25862,0,25565
0.0,39.0,14.0,0.0,0.0,1.0,0.0,20508,22005,23499
0.0,32.0,12.0,0.0,0.0,1.0,0.0,23411,0,0
0.0,39.0,18.0,0.0,0.0,0.0,0.0,0,0,0
0.0,35.0,18.0,0.0,0.0,0.0,0.0,11828,9147,7313
0.0,37.0,8.0,0.0,0.0,1.0,1.0,13162,13454,13403
0.0,52.0,13.0,0.0,0.0,1.0,0.0,3137,4091,0
0.0,40.0,15.0,0.0,0.0,1.0,0.0,0,0,0
0.0,29.0,16.0,0.0,0.0,0.0,0.0,462,1470,3935
0.0,17.0,10.0,0.0,0.0,0.0,1.0,0,1228,5380
0.0,43.0,9.0,0.0,0.0,1.0,1.0,25862,25244,0
0.0,51.0,16.0,0.0,0.0,1.0,0.0,0,0,0
0.0,20.0,12.0,1.0,0.0,0.0,0.0,8060,13152,16512
0.0,52.0,8.0,0.0,0.0,1.0,1.0,10866,13345,13198
0.0,43.0,12.0,0.0,0.0,1.0,0.0,16303,14752,11965
0.0,55.0,11.0,0.0,0.0,1.0,1.0,19383,21131,21251
0.0,31.0,13.0,0.0,0.0,1.0,0.0,13019,10566,10446
0.0,29.0,13.0,0.0,0.0,0.0,0.0,16005,10339,12599
0.0,26.0,12.0,0.0,0.0,0.0,0.0,12923,7290,11324
0.0,43.0,12.0,0.0,0.0,1.0,0.0,19567,19461,24143
0.0,18.0,12.0,0.0,0.0,0.0,0.0,0,408,21609
0.0,38.0,12.0,0.0,0.0,1.0,0.0,21434,23378,21711
0.0,54.0,14.0,0.0,0.0,1.0,0.0,19203,19438,20215
0.0,26.0,18.0,0.0,0.0,0.0,0.0,404,10665,11684
0.0,41.0,12.0,0.0,0.0,1.0,0.0,23188,24692,25278
0.0,43.0,12.0,0.0,0.0,1.0,0.0,76,0,0
0.0,24.0,14.0,0.0,0.0,1.0,0.0,13217,14344,14545
0.0,45.0,12.0,0.0,0.0,1.0,0.0,10560,11607,12723
0.0,45.0,14.0,0.0,0.0,1.0,0.0,25862,25244,25565
0.0,32.0,12.0,0.0,0.0,1.0,0.0,19679,19708,23389
0.0,42.0,12.0,0.0,0.0,0.0,0.0,10188,15603,0
0.0,34.0,10.0,0.0,0.0,0.0,1.0,8119,4687,20659
0.0,30.0,12.0,0.0,0.0,1.0,0.0,9965,9097,8253
0.0,26.0,5.0,0.0,0.0,1.0,1.0,1573,0,3700
0.0,28.0,12.0,0.0,0.0,1.0,0.0,0,5715,1871
0.0,27.0,7.0,0.0,0.0,1.0,1.0,22720,18823,25565
0.0,37.0,12.0,0.0,0.0,1.0,0.0,22620,21077,19964
0.0,33.0,12.0,0.0,0.0,1.0,0.0,17318,25244,25565
0.0,16.0,10.0,0.0,0.0,0.0,1.0,139,761,5830
0.0,46.0,12.0,0.0,0.0,1.0,0.0,18256,11934,14139
0.0,41.0,12.0,0.0,0.0,1.0,0.0,17063,16267,17842
0.0,46.0,12.0,0.0,0.0,1.0,0.0,25862,25244,25565
0.0,50.0,18.0,0.0,0.0,1.0,0.0,19642,20252,25565
0.0,49.0,9.0,0.0,0.0,1.0,1.0,18147,16614,13434
0.0,34.0,12.0,0.0,0.0,1.0,0.0,25862,25244,25565
0.0,55.0,12.0,0.0,0.0,1.0,0.0,5770,8817,22741
0.0,16.0,10.0,0.0,0.0,0.0,1.0,0,0,7322
0.0,39.0,12.0,0.0,0.0,1.0,0.0,24424,21163,25565
0.0,32.0,12.0,0.0,0.0,1.0,0.0,16997,13834,0
0.0,46.0,6.0,0.0,0.0,1.0,1.0,0,0,0
0.0,33.0,12.0,0.0,0.0,1.0,0.0,3009,12955,399
0.0,38.0,10.0,0.0,0.0,1.0,1.0,25862,25142,22915
0.0,51.0,12.0,1.0,0.0,0.0,0.0,839,0,0
0.0,31.0,13.0,0.0,0.0,1.0,0.0,9669,10162,0
0.0,47.0,12.0,0.0,0.0,1.0,0.0,0,0,0
0.0,19.0,12.0,0.0,0.0,0.0,0.0,876,2347,962
0.0,23.0,12.0,0.0,0.0,1.0,0.0,0,1663,3583
0.0,45.0,12.0,0.0,0.0,1.0,0.0,8987,10667,8096
0.0,26.0,16.0,0.0,0.0,1.0,0.0,16391,16978,18272
0.0,36.0,10.0,0.0,0.0,1.0,1.0,3638,3484,4588
0.0,28.0,12.0,0.0,0.0,1.0,0.0,14600,9079,17331
0.0,40.0,12.0,0.0,0.0,1.0,0.0,21436,22703,21287
0.0,32.0,12.0,0.0,0.0,1.0,0.0,13729,15230,16531
0.0,39.0,12.0,0.0,0.0,1.0,0.0,23966,24187,25477
0.0,42.0,12.0,0.0,0.0,1.0,0.0,13666,12310,25565
0.0,52.0,12.0,0.0,0.0,1.0,0.0,25862,24651,24883
0.0,48.0,12.0,0.0,0.0,1.0,0.0,0,0,0
0.0,20.0,12.0,0.0,0.0,0.0,0.0,13021,15191,19763
0.0,28.0,10.0,0.0,0.0,1.0,1.0,20465,3615,15928
0.0,25.0,13.0,0.0,0.0,1.0,0.0,24248,25244,25565
0.0,52.0,8.0,0.0,0.0,0.0,1.0,18125,17884,1886
0.0,21.0,14.0,0.0,0.0,0.0,0.0,7414,8409,20842
0.0,34.0,12.0,0.0,0.0,1.0,0.0,21299,19010,18572
0.0,27.0,14.0,0.0,0.0,1.0,0.0,12490,12980,18574
0.0,44.0,12.0,0.0,0.0,1.0,0.0,23844,5031,0
0.0,16.0,10.0,0.0,0.0,0.0,1.0,0,0,8733
0.0,44.0,13.0,0.0,0.0,1.0,0.0,8033,3881,3105
0.0,37.0,13.0,0.0,0.0,1.0,0.0,3903,883,2366
0.0,31.0,15.0,0.0,0.0,1.0,0.0,14561,5466,19073
0.0,23.0,12.0,0.0,0.0,1.0,0.0,11693,757,15896
0.0,27.0,12.0,0.0,0.0,1.0,0.0,14013,15785,23075
0.0,45.0,6.0,0.0,0.0,0.0,1.0,18096,16526,16404
0.0,48.0,12.0,0.0,0.0,1.0,0.0,0,0,0
0.0,24.0,12.0,0.0,0.0,1.0,0.0,15010,15418,18557
0.0,20.0,13.0,0.0,0.0,1.0,0.0,2539,6647,3088
0.0,31.0,12.0,0.0,0.0,1.0,0.0,0,0,0
0.0,29.0,12.0,0.0,0.0,1.0,0.0,13223,12251,14647
0.0,24.0,10.0,0.0,0.0,1.0,1.0,5523,0,5041
0.0,45.0,8.0,0.0,0.0,1.0,1.0,10353,4506,9088
0.0,16.0,9.0,0.0,0.0,0.0,1.0,468,0,3384
0.0,26.0,12.0,0.0,0.0,1.0,0.0,20110,23442,22646
0.0,25.0,12.0,0.0,0.0,1.0,0.0,16266,15381,16493
0.0,51.0,18.0,0.0,0.0,1.0,0.0,25862,25244,25565
0.0,38.0,10.0,0.0,0.0,1.0,1.0,22741,25244,24152
0.0,32.0,12.0,0.0,0.0,1.0,0.0,19199,19194,0
0.0,47.0,12.0,0.0,0.0,0.0,0.0,11620,25244,25565
0.0,46.0,10.0,0.0,0.0,1.0,1.0,25862,25244,25565
0.0,23.0,12.0,0.0,0.0,1.0,0.0,10835,23500,6462
0.0,22.0,12.0,0.0,0.0,0.0,0.0,12680,9482,9950
0.0,24.0,10.0,0.0,0.0,1.0,1.0,19516,3210,20044
0.0,35.0,12.0,0.0,0.0,0.0,0.0,23302,21260,25272
0.0,32.0,14.0,0.0,0.0,1.0,0.0,25862,25244,25560
0.0,37.0,12.0,0.0,0.0,1.0,0.0,25862,23539,25565
0.0,29.0,17.0,0.0,0.0,1.0,0.0,4287,3022,15698
0.0,49.0,8.0,0.0,0.0,1.0,1.0,25862,25244,0
0.0,43.0,12.0,0.0,0.0,1.0,0.0,12720,14016,25565
0.0,54.0,12.0,0.0,0.0,1.0,0.0,25862,15273,24931
0.0,23.0,14.0,0.0,0.0,1.0,0.0,13256,11209,6566
0.0,18.0,12.0,0.0,0.0,0.0,0.0,5163,4633,5580
0.0,47.0,8.0,0.0,0.0,1.0,1.0,17149,17638,21103
0.0,19.0,10.0,0.0,0.0,0.0,1.0,3495,30,22655
0.0,31.0,14.0,0.0,0.0,1.0,0.0,0,0,22200
0.0,27.0,14.0,0.0,0.0,1.0,0.0,14142,9340,19252
0.0,22.0,13.0,0.0,0.0,0.0,0.0,7400,3944,14523
0.0,39.0,12.0,0.0,0.0,1.0,0.0,25862,25244,25565
0.0,30.0,12.0,0.0,0.0,1.0,0.0,25862,25244,23876
0.0,38.0,17.0,0.0,0.0,1.0,0.0,15404,16424,14046
0.0,29.0,14.0,0.0,0.0,1.0,0.0,0,0,0
0.0,26.0,11.0,0.0,0.0,1.0,1.0,14818,17300,15317
0.0,26.0,17.0,0.0,0.0,1.0,0.0,9530,19788,25565
0.0,18.0,11.0,0.0,0.0,0.0,1.0,3813,5401,20489
0.0,30.0,14.0,0.0,0.0,1.0,0.0,11953,2315,21876
0.0,33.0,8.0,0.0,0.0,1.0,1.0,25862,22383,25565
0.0,52.0,12.0,0.0,0.0,1.0,0.0,4634,12668,21520
0.0,25.0,12.0,0.0,0.0,0.0,0.0,4679,8361,7474
0.0,23.0,12.0,0.0,0.0,0.0,0.0,7494,0,4715
0.0,21.0,13.0,0.0,0.0,0.0,0.0,10306,14725,25565
0.0,44.0,12.0,0.0,0.0,1.0,0.0,18917,16183,21121
0.0,32.0,13.0,0.0,0.0,0.0,0.0,16887,20392,6561
0.0,34.0,18.0,0.0,0.0,0.0,0.0,0,525,0
0.0,27.0,14.0,0.0,0.0,0.0,0.0,22878,24046,25565
0.0,26.0,14.0,0.0,0.0,0.0,0.0,21813,17533,24433
0.0,26.0,12.0,0.0,0.0,0.0,0.0,23258,16154,21613
0.0,40.0,11.0,0.0,0.0,1.0,1.0,0,5509,10948
0.0,27.0,13.0,0.0,0.0,1.0,0.0,12845,0,25565
0.0,34.0,12.0,0.0,0.0,1.0,0.0,23552,22714,23274
0.0,46.0,12.0,0.0,0.0,1.0,0.0,6074,537,0
0.0,49.0,12.0,0.0,0.0,1.0,0.0,25862,25244,25565
0.0,55.0,10.0,0.0,0.0,1.0,1.0,25862,22060,1537
0.0,33.0,12.0,0.0,0.0,1.0,0.0,25862,25244,25565
0.0,45.0,12.0,0.0,0.0,1.0,0.0,25862,25244,25565
0.0,29.0,12.0,0.0,0.0,1.0,0.0,4038,9687,7211
0.0,28.0,17.0,0.0,0.0,1.0,0.0,0,0,0
0.0,24.0,13.0,0.0,0.0,0.0,0.0,11301,14792,25565
0.0,21.0,12.0,0.0,0.0,0.0,0.0,8646,10640,16701
0.0,23.0,12.0,0.0,0.0,1.0,0.0,6636,10203,17981
0.0,49.0,12.0,0.0,0.0,1.0,0.0,25862,20565,25565
0.0,45.0,10.0,1.0,0.0,1.0,1.0,17459,15171,25565
0.0,48.0,7.0,0.0,0.0,1.0,1.0,13327,4637,0
0.0,50.0,7.0,0.0,0.0,1.0,1.0,25476,22674,24109
0.0,52.0,8.0,0.0,0.0,1.0,1.0,25862,13179,22617
0.0,45.0,13.0,0.0,0.0,1.0,0.0,25862,19658,14501
0.0,50.0,16.0,0.0,0.0,1.0,0.0,20355,18243,20481
0.0,19.0,12.0,0.0,0.0,0.0,0.0,2357,4621,3060
0.0,17.0,14.0,0.0,0.0,0.0,0.0,0,1226,4618
0.0,39.0,12.0,0.0,0.0,1.0,0.0,25862,25244,25565
0.0,22.0,16.0,0.0,0.0,1.0,0.0,5639,8794,25565
0.0,20.0,13.0,0.0,0.0,1.0,0.0,12385,13988,24576
0.0,25.0,14.0,0.0,0.0,1.0,0.0,22077,8855,0
0.0,23.0,12.0,0.0,0.0,1.0,0.0,14475,17230,25565
0.0,23.0,16.0,0.0,0.0,0.0,0.0,3007,134,20676
0.0,25.0,17.0,0.0,0.0,1.0,0.0,4197,2043,4107
0.0,23.0,12.0,0.0,0.0,0.0,0.0,4673,2589,1918
0.0,29.0,13.0,0.0,0.0,1.0,0.0,25416,25244,25565
0.0,43.0,16.0,0.0,0.0,1.0,0.0,25862,21249,25565
0.0,19.0,12.0,0.0,0.0,1.0,0.0,7676,11902,25565
0.0,19.0,12.0,1.0,0.0,0.0,0.0,2404,12137,8074
0.0,45.0,9.0,0.0,0.0,1.0,1.0,12690,15930,25565
0.0,17.0,10.0,0.0,0.0,0.0,1.0,0,0,4194
0.0,31.0,12.0,0.0,0.0,1.0,0.0,10627,17053,0
0.0,45.0,8.0,1.0,0.0,0.0,1.0,3299,0,31
0.0,46.0,12.0,0.0,0.0,1.0,0.0,25862,25244,25565
0.0,36.0,14.0,0.0,0.0,1.0,0.0,25862,25244,25565
0.0,25.0,16.0,0.0,0.0,1.0,0.0,20210,25244,22887
0.0,27.0,18.0,0.0,0.0,0.0,0.0,0,11095,25565
0.0,53.0,12.0,0.0,0.0,1.0,0.0,25862,25244,0
0.0,26.0,16.0,0.0,0.0,1.0,0.0,25862,25244,25565
0.0,40.0,10.0,0.0,0.0,1.0,1.0,25862,25244,19002
0.0,35.0,6.0,0.0,0.0,1.0,1.0,20927,19192,20137
0.0,28.0,12.0,0.0,0.0,1.0,0.0,25862,23405,19737
0.0,23.0,10.0,0.0,0.0,1.0,1.0,10106,10826,8062
0.0,22.0,12.0,0.0,0.0,1.0,0.0,14722,15846,25565
0.0,37.0,12.0,1.0,0.0,1.0,0.0,25862,23122,25565
0.0,46.0,12.0,0.0,0.0,1.0,0.0,25862,25244,25565
0.0,21.0,15.0,0.0,0.0,1.0,0.0,8615,4223,0
0.0,26.0,13.0,0.0,0.0,0.0,0.0,16658,6497,20799
0.0,38.0,12.0,1.0,0.0,1.0,0.0,25839,22923,25565
0.0,36.0,12.0,1.0,0.0,1.0,0.0,25862,25244,25565
0.0,26.0,14.0,0.0,0.0,0.0,0.0,21701,21609,0
0.0,21.0,12.0,0.0,0.0,0.0,0.0,4616,609,11222
0.0,51.0,12.0,1.0,0.0,1.0,0.0,6178,2351,10131
0.0,20.0,13.0,1.0,0.0,0.0,0.0,2690,0,3521
0.0,21.0,12.0,1.0,0.0,1.0,0.0,0,272,5991
0.0,26.0,11.0,1.0,0.0,1.0,1.0,19019,18159,20406
0.0,21.0,11.0,1.0,0.0,1.0,1.0,25862,25202,20270
0.0,36.0,12.0,0.0,0.0,1.0,0.0,25862,25244,25565
0.0,39.0,12.0,0.0,0.0,0.0,0.0,25862,25244,3855
0.0,24.0,12.0,0.0,0.0,1.0,0.0,0,0,0
0.0,45.0,11.0,0.0,0.0,1.0,1.0,12098,12103,0
0.0,27.0,12.0,1.0,0.0,1.0,0.0,19501,16605,14331
0.0,33.0,12.0,0.0,1.0,0.0,0.0,25862,25244,25565
0.0,26.0,9.0,0.0,1.0,1.0,1.0,521,2632,16295
0.0,27.0,12.0,0.0,0.0,1.0,0.0,4222,752,0
0.0,31.0,10.0,0.0,1.0,1.0,1.0,23482,17919,21327
0.0,39.0,10.0,0.0,0.0,1.0,1.0,3797,19344,869
0.0,37.0,8.0,0.0,0.0,1.0,1.0,10807,11866,8918
0.0,54.0,8.0,0.0,0.0,1.0,1.0,22878,20138,17919
0.0,27.0,12.0,0.0,0.0,1.0,0.0,3362,0,9747
0.0,29.0,10.0,0.0,0.0,1.0,1.0,13217,14777,25565
0.0,27.0,18.0,0.0,0.0,1.0,0.0,20737,23219,25565
0.0,35.0,10.0,0.0,0.0,1.0,1.0,19203,13166,25565
0.0,33.0,14.0,1.0,0.0,1.0,0.0,0,0,0
0.0,17.0,11.0,0.0,0.0,0.0,1.0,0,0,0
0.0,20.0,13.0,0.0,0.0,1.0,0.0,33,1312,12299
0.0,39.0,8.0,1.0,0.0,1.0,1.0,25862,25244,25565
0.0,51.0,8.0,0.0,0.0,1.0,1.0,25862,16582,25565
0.0,28.0,8.0,0.0,0.0,1.0,1.0,1203,0,19516
0.0,47.0,4.0,0.0,0.0,1.0,1.0,22247,16374,15860
0.0,29.0,15.0,1.0,0.0,1.0,0.0,0,0,0
0.0,36.0,8.0,1.0,0.0,1.0,1.0,16291,19309,0
0.0,35.0,15.0,0.0,0.0,0.0,0.0,22874,20818,22996
0.0,49.0,9.0,0.0,0.0,1.0,1.0,25862,25244,25565
0.0,33.0,17.0,0.0,0.0,1.0,0.0,23823,8264,25565
0.0,25.0,15.0,0.0,0.0,0.0,0.0,20376,18154,23689
0.0,34.0,12.0,0.0,0.0,0.0,0.0,16364,10577,25526
0.0,43.0,11.0,0.0,0.0,1.0,1.0,17249,14883,11942
0.0,49.0,12.0,0.0,0.0,1.0,0.0,25862,25244,25565
0.0,19.0,12.0,0.0,0.0,0.0,0.0,0,2451,10186
0.0,16.0,10.0,0.0,0.0,0.0,1.0,0,0,13456
0.0,45.0,17.0,0.0,0.0,1.0,0.0,25862,25244,25565
0.0,23.0,16.0,0.0,0.0,0.0,0.0,3154,6835,23313
0.0,24.0,12.0,0.0,0.0,1.0,0.0,17671,19817,25565
0.0,30.0,12.0,0.0,0.0,1.0,0.0,13264,4388,25565
0.0,45.0,12.0,0.0,0.0,1.0,0.0,25862,25244,25565
0.0,17.0,9.0,0.0,0.0,0.0,1.0,0,1051,13948
0.0,27.0,16.0,0.0,0.0,1.0,0.0,25862,25244,25565
0.0,19.0,11.0,0.0,0.0,0.0,1.0,5494,263,9741
0.0,48.0,10.0,1.0,0.0,0.0,1.0,19173,12314,25565
0.0,32.0,12.0,0.0,0.0,1.0,0.0,25862,25244,0
0.0,40.0,12.0,0.0,0.0,1.0,0.0,25862,22807,25565
0.0,24.0,12.0,0.0,0.0,1.0,0.0,15821,17363,0
0.0,30.0,12.0,1.0,0.0,1.0,0.0,15382,14962,5343
0.0,19.0,12.0,0.0,0.0,0.0,0.0,8053,7236,20322
0.0,22.0,11.0,0.0,0.0,1.0,1.0,10600,865,25565
0.0,28.0,10.0,0.0,0.0,1.0,1.0,25788,25244,25565
0.0,35.0,10.0,0.0,0.0,1.0,1.0,21174,22463,19988
0.0,23.0,14.0,1.0,0.0,1.0,0.0,19467,18798,20177
0.0,25.0,10.0,0.0,0.0,1.0,1.0,4336,5181,12419
0.0,55.0,16.0,0.0,0.0,0.0,0.0,18864,18689,14601
0.0,31.0,12.0,0.0,0.0,1.0,0.0,4716,6750,6685
0.0,26.0,18.0,0.0,0.0,1.0,0.0,8478,19319,25037
0.0,24.0,15.0,0.0,0.0,1.0,0.0,11168,24015,25565
0.0,48.0,13.0,0.0,0.0,1.0,0.0,0,0,0
0.0,30.0,12.0,0.0,0.0,1.0,0.0,25862,13820,0
0.0,31.0,15.0,0.0,0.0,1.0,0.0,19360,10450,25565
0.0,19.0,12.0,0.0,0.0,1.0,0.0,7100,19654,25565
0.0,27.0,14.0,0.0,0.0,1.0,0.0,25862,24848,25565
0.0,54.0,8.0,0.0,0.0,1.0,1.0,23327,22667,22021
0.0,43.0,12.0,0.0,0.0,1.0,0.0,22565,19674,23218
0.0,18.0,13.0,0.0,0.0,0.0,0.0,3276,2682,14773
0.0,23.0,9.0,0.0,0.0,0.0,1.0,6630,7142,9088
0.0,40.0,14.0,0.0,0.0,0.0,0.0,23919,24572,25565
0.0,30.0,12.0,0.0,0.0,1.0,0.0,24303,19446,25565
0.0,33.0,12.0,0.0,0.0,1.0,0.0,0,421,0
0.0,29.0,12.0,0.0,0.0,1.0,0.0,25862,25244,25565
0.0,24.0,14.0,0.0,0.0,1.0,0.0,0,3908,915
0.0,24.0,14.0,0.0,0.0,0.0,0.0,12970,16661,25565
0.0,30.0,14.0,0.0,0.0,1.0,0.0,0,0,0
0.0,26.0,15.0,0.0,0.0,1.0,0.0,25862,25244,25565
0.0,41.0,12.0,0.0,0.0,1.0,0.0,25655,25244,25565
0.0,48.0,14.0,0.0,0.0,1.0,0.0,25862,25244,25565
0.0,34.0,10.0,0.0,0.0,1.0,1.0,25862,25244,25565
0.0,28.0,12.0,0.0,0.0,1.0,0.0,0,288,0
0.0,30.0,14.0,0.0,0.0,1.0,0.0,21515,21470,22141
0.0,29.0,12.0,0.0,0.0,0.0,0.0,17226,20000,22042
0.0,25.0,16.0,0.0,0.0,0.0,0.0,14144,5729,17090
0.0,28.0,12.0,0.0,0.0,1.0,0.0,25862,25244,25565
0.0,31.0,12.0,0.0,0.0,1.0,0.0,19793,3672,17651
0.0,55.0,12.0,0.0,0.0,1.0,0.0,25670,24091,24909
0.0,46.0,16.0,0.0,0.0,1.0,0.0,25014,24578,25337
0.0,44.0,12.0,0.0,0.0,1.0,0.0,23284,23897,22018
0.0,35.0,12.0,1.0,0.0,1.0,0.0,13153,12855,19241
0.0,39.0,12.0,0.0,0.0,1.0,0.0,21875,22375,23307
0.0,29.0,13.0,0.0,0.0,1.0,0.0,18829,13427,25565
0.0,31.0,12.0,0.0,0.0,1.0,0.0,25862,25244,25565
0.0,35.0,17.0,0.0,0.0,0.0,0.0,8989,5059,0
0.0,33.0,12.0,0.0,0.0,0.0,0.0,8076,8810,8130
0.0,19.0,12.0,0.0,0.0,0.0,0.0,1644,1934,0
0.0,27.0,12.0,0.0,0.0,1.0,0.0,8705,3983,6054
0.0,24.0,16.0,0.0,0.0,0.0,0.0,2882,3507,8955
0.0,22.0,12.0,0.0,0.0,0.0,0.0,19103,17830,25565
0.0,27.0,12.0,0.0,0.0,1.0,0.0,16217,19545,23116
0.0,43.0,16.0,0.0,0.0,1.0,0.0,0,17545,0
0.0,38.0,14.0,0.0,0.0,1.0,0.0,25271,21333,7247
0.0,19.0,13.0,0.0,1.0,0.0,0.0,0,2834,8605
0.0,29.0,12.0,0.0,0.0,1.0,0.0,25862,25244,25565
0.0,37.0,13.0,0.0,0.0,1.0,0.0,25862,25244,25565
0.0,16.0,10.0,0.0,0.0,0.0,1.0,0,306,19089
0.0,54.0,12.0,0.0,0.0,1.0,0.0,10145,9897,0
0.0,38.0,8.0,0.0,0.0,1.0,1.0,11242,5174,0
0.0,35.0,12.0,0.0,0.0,1.0,0.0,23315,20206,21699
0.0,20.0,9.0,0.0,0.0,0.0,1.0,3047,1715,2837
0.0,55.0,8.0,0.0,0.0,0.0,1.0,2902,9535,0
0.0,28.0,12.0,0.0,0.0,1.0,0.0,19154,10717,0
0.0,25.0,13.0,0.0,0.0,1.0,0.0,10182,0,1195
0.0,30.0,12.0,0.0,0.0,1.0,0.0,0,0,0
0.0,38.0,9.0,0.0,0.0,1.0,1.0,25427,23765,25565
0.0,23.0,10.0,0.0,0.0,1.0,1.0,18160,17098,25565
0.0,34.0,9.0,0.0,0.0,1.0,1.0,14945,2102,20727
0.0,53.0,0.0,0.0,0.0,0.0,1.0,2061,1398,1167
0.0,42.0,11.0,0.0,0.0,1.0,1.0,19832,18836,19757
0.0,26.0,12.0,0.0,0.0,0.0,0.0,25862,25244,25565
0.0,32.0,12.0,0.0,0.0,1.0,0.0,23515,19380,21652
0.0,51.0,12.0,0.0,0.0,1.0,0.0,0,0,0
0.0,23.0,14.0,0.0,0.0,0.0,0.0,22001,19035,20452
0.0,33.0,12.0,0.0,0.0,1.0,0.0,0,0,0
0.0,35.0,9.0,0.0,0.0,1.0,1.0,0,0,11337
0.0,46.0,12.0,1.0,0.0,0.0,0.0,25862,25244,25565
0.0,47.0,15.0,0.0,0.0,1.0,0.0,14209,18743,0
0.0,25.0,17.0,0.0,0.0,0.0,0.0,3440,0,0
0.0,41.0,14.0,0.0,0.0,0.0,0.0,20484,8690,0
0.0,20.0,9.0,0.0,0.0,1.0,1.0,5229,0,15893
0.0,22.0,11.0,0.0,0.0,1.0,1.0,18480,20274,25565
0.0,29.0,16.0,0.0,0.0,1.0,0.0,19273,14838,18111
0.0,51.0,12.0,0.0,0.0,1.0,0.0,24702,22567,24801
0.0,44.0,13.0,0.0,0.0,1.0,0.0,25862,25244,25565
0.0,20.0,12.0,0.0,0.0,0.0,0.0,11967,2116,0
0.0,18.0,11.0,0.0,0.0,0.0,1.0,656,0,11720
0.0,33.0,12.0,0.0,0.0,1.0,0.0,25862,25244,25565
0.0,27.0,12.0,0.0,0.0,1.0,0.0,25862,21110,25565
0.0,52.0,16.0,0.0,0.0,0.0,0.0,25862,25244,25565
0.0,24.0,18.0,0.0,0.0,0.0,0.0,0,15433,341
0.0,41.0,13.0,0.0,0.0,1.0,0.0,19030,18301,19537
0.0,28.0,8.0,0.0,0.0,1.0,1.0,23793,10638,25565
0.0,17.0,12.0,0.0,0.0,0.0,0.0,423,5061,3592
0.0,38.0,12.0,0.0,0.0,1.0,0.0,19322,25244,25565
0.0,45.0,14.0,0.0,0.0,1.0,0.0,25862,25244,16002
0.0,40.0,12.0,0.0,0.0,0.0,0.0,8272,20601,20842
0.0,28.0,13.0,0.0,0.0,1.0,0.0,24363,25065,25565
0.0,26.0,12.0,0.0,0.0,0.0,0.0,25862,25244,8686
0.0,27.0,12.0,0.0,0.0,1.0,0.0,18327,18186,19357
0.0,28.0,8.0,0.0,0.0,1.0,1.0,20999,18856,24993
0.0,28.0,16.0,0.0,0.0,1.0,0.0,21918,24556,20666
0.0,53.0,12.0,0.0,0.0,1.0,0.0,21327,20816,19800
0.0,54.0,12.0,0.0,0.0,1.0,0.0,24522,23763,24028
0.0,33.0,12.0,0.0,0.0,1.0,0.0,25284,24689,25565
0.0,36.0,12.0,0.0,0.0,1.0,0.0,0,0,2366
0.0,31.0,12.0,0.0,0.0,1.0,0.0,25862,25244,25565
0.0,30.0,12.0,0.0,0.0,1.0,0.0,20606,18614,19541
0.0,41.0,11.0,0.0,0.0,1.0,1.0,0,3400,10000
0.0,37.0,11.0,0.0,0.0,1.0,1.0,19659,17332,9326
0.0,18.0,9.0,0.0,0.0,0.0,1.0,3268,1575,7439
0.0,24.0,11.0,0.0,0.0,1.0,1.0,12841,9367,20517
0.0,21.0,9.0,1.0,0.0,0.0,1.0,1031,471,1224
0.0,55.0,12.0,0.0,0.0,1.0,0.0,0,1719,825
0.0,37.0,12.0,0.0,0.0,1.0,0.0,23307,24270,9950
0.0,53.0,5.0,0.0,0.0,1.0,1.0,25862,25244,25565
0.0,28.0,13.0,0.0,0.0,1.0,0.0,22183,25244,25565
0.0,20.0,12.0,0.0,0.0,0.0,0.0,3905,376,1939
0.0,35.0,18.0,0.0,0.0,1.0,0.0,25862,25244,25565
0.0,43.0,18.0,0.0,0.0,1.0,0.0,25862,25244,25565
0.0,18.0,11.0,0.0,0.0,0.0,1.0,0,0,0
0.0,29.0,16.0,0.0,0.0,1.0,0.0,25862,25244,25565
0.0,26.0,11.0,0.0,0.0,1.0,1.0,25862,25244,25565
0.0,46.0,8.0,0.0,0.0,1.0,1.0,3137,7202,11180
0.0,27.0,13.0,0.0,0.0,1.0,0.0,14115,12742,15654
0.0,26.0,16.0,0.0,0.0,1.0,0.0,2939,1217,14570
0.0,28.0,17.0,0.0,0.0,1.0,0.0,17340,15345,20447
0.0,35.0,14.0,0.0,0.0,1.0,0.0,25862,15246,25565
0.0,29.0,16.0,0.0,0.0,1.0,0.0,22714,25244,0
0.0,49.0,11.0,0.0,0.0,1.0,1.0,25862,10525,25565
0.0,17.0,11.0,0.0,0.0,0.0,1.0,0,0,1609
0.0,34.0,16.0,0.0,0.0,1.0,0.0,0,0,0
0.0,22.0,12.0,0.0,0.0,1.0,0.0,22682,20356,19834
0.0,16.0,9.0,0.0,0.0,0.0,1.0,0,0,8720
0.0,21.0,12.0,0.0,0.0,1.0,0.0,15384,13037,18523
0.0,32.0,9.0,0.0,0.0,1.0,1.0,13382,8551,0
0.0,55.0,12.0,0.0,0.0,1.0,0.0,25860,5296,5646
0.0,16.0,10.0,0.0,0.0,0.0,1.0,0,0,14232
0.0,39.0,12.0,0.0,0.0,1.0,0.0,23417,15710,0
0.0,29.0,12.0,0.0,0.0,1.0,0.0,15304,6932,24291
0.0,25.0,14.0,0.0,0.0,1.0,0.0,25862,22895,25565
0.0,25.0,12.0,0.0,0.0,1.0,0.0,17743,11929,17801
0.0,29.0,11.0,0.0,0.0,0.0,1.0,16260,5217,13576
0.0,30.0,12.0,0.0,0.0,1.0,0.0,15843,3804,25565
0.0,24.0,11.0,0.0,0.0,1.0,1.0,17473,17805,19466
0.0,25.0,9.0,0.0,0.0,1.0,1.0,10104,9555,15195
0.0,51.0,11.0,0.0,0.0,1.0,1.0,0,0,0
0.0,17.0,11.0,0.0,0.0,0.0,1.0,835,510,5788
0.0,43.0,13.0,0.0,0.0,1.0,0.0,15525,430,6632
0.0,41.0,12.0,0.0,0.0,1.0,0.0,8634,10747,47
0.0,18.0,11.0,0.0,0.0,0.0,1.0,0,0,0
0.0,23.0,12.0,0.0,0.0,1.0,0.0,18662,11121,6471
0.0,36.0,12.0,0.0,0.0,1.0,0.0,13862,4297,10705
0.0,22.0,12.0,0.0,0.0,1.0,0.0,14177,12892,9571
0.0,18.0,12.0,0.0,0.0,1.0,0.0,0,2709,8521
0.0,27.0,14.0,0.0,0.0,1.0,0.0,14575,11698,9019
0.0,50.0,10.0,0.0,0.0,1.0,1.0,17175,15012,18581
0.0,29.0,12.0,0.0,0.0,1.0,0.0,15927,4390,10755
0.0,52.0,12.0,0.0,0.0,1.0,0.0,25862,23371,22096
0.0,22.0,12.0,0.0,0.0,0.0,0.0,11426,13184,6297
0.0,32.0,12.0,0.0,0.0,1.0,0.0,10339,13268,4424
0.0,42.0,12.0,0.0,0.0,1.0,0.0,421,0,0
0.0,18.0,11.0,0.0,0.0,0.0,1.0,2065,1767,4093
0.0,22.0,12.0,0.0,0.0,1.0,0.0,15280,20315,0
0.0,35.0,12.0,0.0,0.0,1.0,0.0,24246,25244,0
0.0,21.0,12.0,0.0,0.0,0.0,0.0,9261,5111,16174
0.0,29.0,13.0,0.0,0.0,1.0,0.0,6718,8816,6195
0.0,34.0,12.0,0.0,0.0,0.0,0.0,10247,0,0
0.0,22.0,16.0,0.0,0.0,0.0,0.0,3895,13959,13962
0.0,20.0,12.0,0.0,0.0,1.0,0.0,2712,13871,17486
0.0,28.0,8.0,0.0,0.0,1.0,1.0,0,0,1590
0.0,47.0,13.0,0.0,0.0,1.0,0.0,16186,15019,287
0.0,25.0,7.0,0.0,0.0,1.0,1.0,3619,7947,13119
0.0,29.0,12.0,0.0,0.0,1.0,0.0,19887,14484,20168
0.0,29.0,17.0,0.0,0.0,1.0,0.0,15290,15216,18748
0.0,29.0,18.0,0.0,0.0,1.0,0.0,18507,20839,25565
0.0,44.0,10.0,0.0,0.0,1.0,1.0,23016,20320,11200
0.0,19.0,13.0,0.0,0.0,1.0,0.0,1080,3029,16208
0.0,23.0,14.0,0.0,0.0,0.0,0.0,3899,4986,8649
0.0,19.0,13.0,0.0,0.0,0.0,0.0,2367,1710,0
0.0,17.0,10.0,0.0,0.0,0.0,1.0,2034,557,8262
0.0,51.0,12.0,0.0,0.0,1.0,0.0,2486,3325,2486
0.0,19.0,12.0,0.0,0.0,0.0,0.0,0,0,10807
0.0,19.0,11.0,0.0,0.0,0.0,1.0,846,1031,3526
0.0,54.0,12.0,0.0,0.0,0.0,0.0,23092,21464,20898
0.0,29.0,16.0,0.0,0.0,0.0,0.0,3889,17601,3937
0.0,29.0,12.0,0.0,0.0,1.0,0.0,23991,15672,21429
0.0,37.0,8.0,0.0,0.0,1.0,1.0,4783,4920,5951
0.0,42.0,12.0,0.0,0.0,1.0,0.0,25862,25224,22859
0.0,48.0,14.0,0.0,0.0,1.0,0.0,21411,16772,25565
0.0,21.0,12.0,0.0,0.0,0.0,0.0,2042,281,9175
0.0,25.0,12.0,0.0,0.0,1.0,0.0,17949,17448,21479
0.0,39.0,13.0,0.0,0.0,1.0,0.0,6131,9258,1525
0.0,19.0,12.0,0.0,0.0,1.0,0.0,8519,14516,3208
0.0,26.0,12.0,0.0,0.0,1.0,0.0,15137,17422,21700
0.0,20.0,11.0,0.0,0.0,1.0,1.0,4545,10244,25565
0.0,52.0,12.0,0.0,0.0,1.0,0.0,25862,25244,25565
0.0,30.0,10.0,0.0,0.0,1.0,1.0,17083,25244,25565
0.0,27.0,12.0,0.0,0.0,1.0,0.0,25862,23817,25565
0.0,29.0,14.0,0.0,0.0,1.0,0.0,21572,4923,25565
0.0,24.0,16.0,0.0,0.0,1.0,0.0,7142,19113,21528
0.0,22.0,12.0,0.0,0.0,1.0,0.0,10799,12402,12435
0.0,40.0,12.0,0.0,0.0,1.0,0.0,25862,25244,25565
0.0,45.0,12.0,0.0,0.0,1.0,0.0,25862,25244,25565
0.0,27.0,16.0,0.0,0.0,1.0,0.0,18744,20053,0
0.0,20.0,12.0,0.0,0.0,0.0,0.0,1691,0,1631
0.0,22.0,12.0,0.0,0.0,0.0,0.0,11854,16140,16777
0.0,50.0,12.0,0.0,0.0,1.0,0.0,25862,0,25019
0.0,29.0,9.0,0.0,0.0,1.0,1.0,16440,16761,18831
0.0,25.0,9.0,0.0,0.0,1.0,1.0,23378,1901,1899
0.0,27.0,12.0,0.0,0.0,1.0,0.0,21560,21910,21632
0.0,51.0,18.0,0.0,0.0,1.0,0.0,8889,24438,11489
0.0,32.0,16.0,0.0,0.0,0.0,0.0,10968,14351,23107
0.0,26.0,12.0,0.0,0.0,0.0,0.0,19073,21609,24040
0.0,19.0,12.0,0.0,0.0,1.0,0.0,11019,12135,20874
0.0,33.0,12.0,0.0,0.0,1.0,0.0,18023,18521,18148
0.0,30.0,18.0,0.0,0.0,1.0,0.0,25862,25244,25565
0.0,21.0,14.0,0.0,0.0,0.0,0.0,3337,3847,5620
0.0,37.0,12.0,0.0,0.0,1.0,0.0,17436,17078,17338
0.0,51.0,8.0,0.0,0.0,1.0,1.0,5513,4771,5825
0.0,52.0,12.0,0.0,0.0,1.0,0.0,25862,18621,8020
0.0,28.0,17.0,1.0,0.0,0.0,0.0,3135,3242,0
0.0,18.0,12.0,0.0,0.0,0.0,0.0,0,0,15024
0.0,17.0,11.0,0.0,0.0,0.0,1.0,725,2521,2720
0.0,40.0,18.0,0.0,0.0,1.0,0.0,13813,0,25565
0.0,22.0,12.0,0.0,0.0,0.0,0.0,7898,25244,24628
0.0,36.0,12.0,0.0,0.0,1.0,0.0,25862,25244,25565
0.0,36.0,12.0,0.0,0.0,1.0,0.0,25862,25244,25565
0.0,30.0,13.0,0.0,0.0,1.0,0.0,25862,25244,25565
0.0,27.0,12.0,0.0,0.0,1.0,0.0,20465,22259,0
0.0,24.0,16.0,0.0,0.0,0.0,0.0,2569,2442,15847
0.0,26.0,16.0,0.0,0.0,1.0,0.0,16101,17635,25565
0.0,47.0,12.0,0.0,0.0,1.0,0.0,23437,20963,20904
0.0,30.0,12.0,0.0,0.0,1.0,0.0,25862,25244,25565
0.0,21.0,14.0,0.0,0.0,1.0,0.0,15792,19015,24096
0.0,35.0,12.0,0.0,0.0,1.0,0.0,22534,457,7288
0.0,47.0,11.0,0.0,0.0,1.0,1.0,25862,25244,25565
0.0,28.0,14.0,0.0,0.0,0.0,0.0,1221,14040,10776
0.0,30.0,12.0,0.0,0.0,1.0,0.0,15261,13814,25565
0.0,49.0,14.0,0.0,0.0,1.0,0.0,25862,25244,0
0.0,38.0,14.0,0.0,0.0,1.0,0.0,25762,25244,25565
0.0,28.0,16.0,0.0,0.0,1.0,0.0,20948,21394,25565
0.0,32.0,12.0,1.0,0.0,1.0,0.0,25862,22864,25565
0.0,33.0,12.0,0.0,0.0,1.0,0.0,25862,25244,25565
0.0,36.0,12.0,0.0,0.0,1.0,0.0,25862,25244,23732
0.0,41.0,14.0,0.0,0.0,1.0,0.0,25862,25244,16624
0.0,36.0,12.0,0.0,0.0,1.0,0.0,25862,25244,25565
0.0,23.0,10.0,0.0,0.0,0.0,1.0,15331,15986,15546
0.0,22.0,12.0,0.0,0.0,1.0,0.0,23341,22705,25565
0.0,22.0,16.0,0.0,0.0,0.0,0.0,4493,11497,25565
0.0,30.0,16.0,0.0,0.0,1.0,0.0,25862,25244,25565
0.0,23.0,10.0,0.0,0.0,1.0,1.0,25862,25244,25565
0.0,29.0,12.0,0.0,0.0,1.0,0.0,25862,25244,0
0.0,37.0,12.0,0.0,0.0,1.0,0.0,25862,25244,25565
0.0,36.0,12.0,1.0,0.0,1.0,0.0,25862,25244,25565
0.0,27.0,14.0,1.0,0.0,1.0,0.0,0,0,0
0.0,55.0,8.0,1.0,0.0,1.0,1.0,20921,25244,0
0.0,26.0,12.0,0.0,0.0,1.0,0.0,25862,24108,25565
0.0,23.0,15.0,0.0,0.0,0.0,0.0,0,607,14798
0.0,31.0,12.0,0.0,0.0,1.0,0.0,25862,25244,0
0.0,40.0,12.0,0.0,0.0,1.0,0.0,15772,17098,20984
0.0,17.0,10.0,0.0,0.0,0.0,1.0,0,571,10182
0.0,16.0,8.0,0.0,0.0,1.0,1.0,0,0,4915
0.0,48.0,12.0,0.0,0.0,1.0,0.0,25862,25244,0
0.0,52.0,18.0,0.0,0.0,1.0,0.0,25862,25244,24702
0.0,25.0,12.0,0.0,0.0,0.0,0.0,11086,8880,21950
0.0,20.0,12.0,0.0,0.0,0.0,0.0,10392,7095,17408
0.0,37.0,12.0,0.0,0.0,1.0,0.0,25862,25244,25565
0.0,24.0,14.0,0.0,0.0,1.0,0.0,19079,24774,24176
0.0,48.0,12.0,0.0,0.0,1.0,0.0,13848,19740,11161
0.0,18.0,12.0,0.0,0.0,0.0,0.0,0,5894,9313
0.0,16.0,9.0,0.0,0.0,0.0,1.0,0,1670,10643
0.0,28.0,15.0,0.0,0.0,1.0,0.0,10874,11637,12735
0.0,28.0,12.0,0.0,0.0,0.0,0.0,4542,2318,7228
0.0,20.0,12.0,0.0,0.0,0.0,0.0,619,3428,8673
0.0,34.0,12.0,0.0,0.0,1.0,0.0,25862,25244,25565
0.0,46.0,13.0,0.0,0.0,1.0,0.0,17130,16852,19339
0.0,28.0,10.0,0.0,0.0,1.0,1.0,15572,14557,10480
0.0,27.0,12.0,0.0,0.0,1.0,0.0,24348,15452,19992
0.0,35.0,9.0,0.0,0.0,1.0,1.0,15901,15347,16747
0.0,51.0,12.0,0.0,0.0,1.0,0.0,21466,23222,22164
0.0,16.0,9.0,1.0,0.0,0.0,1.0,0,0,0
0.0,16.0,8.0,0.0,0.0,0.0,1.0,0,0,2559
0.0,31.0,12.0,1.0,0.0,1.0,0.0,0,43,11024
0.0,42.0,12.0,0.0,0.0,1.0,0.0,25862,25244,25565
0.0,42.0,17.0,0.0,0.0,1.0,0.0,3758,7047,11281
0.0,30.0,12.0,0.0,0.0,1.0,0.0,24791,19484,3954
0.0,28.0,15.0,0.0,0.0,1.0,0.0,0,0,1411
0.0,23.0,12.0,0.0,0.0,0.0,0.0,8850,8235,7881
0.0,24.0,16.0,0.0,0.0,0.0,0.0,9124,15887,18178
0.0,26.0,18.0,0.0,0.0,1.0,0.0,0,627,22665
0.0,28.0,12.0,0.0,0.0,0.0,0.0,25862,25244,25565
0.0,32.0,12.0,0.0,0.0,1.0,0.0,25862,25244,25565
0.0,30.0,8.0,0.0,0.0,1.0,1.0,17543,14978,25565
0.0,53.0,12.0,0.0,0.0,0.0,0.0,24256,25244,20187
0.0,34.0,16.0,0.0,0.0,1.0,0.0,25862,25244,5397
0.0,24.0,16.0,0.0,0.0,1.0,0.0,17825,18435,21575
0.0,22.0,12.0,0.0,0.0,1.0,0.0,13848,10604,15958
0.0,27.0,16.0,0.0,0.0,0.0,0.0,25862,25244,25565
0.0,26.0,16.0,0.0,0.0,0.0,0.0,14399,2942,25565
0.0,26.0,12.0,0.0,0.0,1.0,0.0,10768,14818,2867
0.0,33.0,11.0,0.0,0.0,1.0,1.0,2725,2236,10733
0.0,19.0,12.0,0.0,0.0,0.0,0.0,3158,4402,17445
0.0,27.0,12.0,0.0,0.0,1.0,0.0,16379,18883,13982
0.0,52.0,12.0,0.0,0.0,1.0,0.0,20445,1790,0
0.0,48.0,12.0,0.0,0.0,1.0,0.0,25862,25244,25565
0.0,22.0,15.0,0.0,0.0,0.0,0.0,355,3018,8342
0.0,20.0,14.0,0.0,0.0,0.0,0.0,6667,5246,1673
0.0,19.0,13.0,0.0,0.0,0.0,0.0,1581,154,4878
0.0,51.0,12.0,0.0,0.0,1.0,0.0,5423,10391,12108
0.0,19.0,12.0,0.0,0.0,0.0,0.0,1899,3199,3187
0.0,23.0,12.0,0.0,0.0,0.0,0.0,22974,24243,25565
0.0,55.0,12.0,0.0,0.0,1.0,0.0,15453,15442,17427
0.0,42.0,12.0,0.0,0.0,1.0,0.0,19475,25244,25565
0.0,25.0,15.0,0.0,1.0,0.0,0.0,3098,3044,13740
0.0,21.0,14.0,1.0,0.0,0.0,0.0,5586,5364,7882
0.0,21.0,13.0,0.0,0.0,1.0,0.0,3903,11191,15918
0.0,41.0,13.0,0.0,0.0,1.0,0.0,19260,13338,2873
0.0,21.0,14.0,0.0,0.0,0.0,0.0,4804,4662,18562
0.0,50.0,12.0,0.0,0.0,1.0,0.0,25862,22784,25565
0.0,19.0,12.0,0.0,0.0,0.0,0.0,4542,5616,10214
0.0,23.0,15.0,0.0,0.0,1.0,0.0,11111,13730,17508
0.0,44.0,12.0,0.0,0.0,1.0,0.0,25049,25244,8127
0.0,20.0,13.0,0.0,0.0,0.0,0.0,7096,5953,12559
0.0,50.0,16.0,0.0,0.0,1.0,0.0,25862,25244,25565
0.0,55.0,12.0,0.0,0.0,1.0,0.0,25862,18396,25565
0.0,26.0,17.0,0.0,0.0,1.0,0.0,21912,24268,25565
0.0,24.0,12.0,0.0,0.0,0.0,0.0,23537,16185,20146
0.0,27.0,12.0,0.0,0.0,1.0,0.0,0,0,2314
0.0,16.0,11.0,0.0,0.0,0.0,1.0,0,0,5377
0.0,28.0,18.0,0.0,0.0,0.0,0.0,0,0,8878
0.0,21.0,15.0,0.0,0.0,0.0,0.0,2629,0,1717
0.0,50.0,8.0,0.0,0.0,1.0,1.0,15039,16183,17694
0.0,29.0,12.0,0.0,0.0,1.0,0.0,0,0,0
0.0,23.0,12.0,0.0,0.0,1.0,0.0,18546,20272,18495
0.0,42.0,13.0,0.0,0.0,1.0,0.0,8705,1171,4036
0.0,27.0,12.0,0.0,0.0,1.0,0.0,23556,23373,25565
0.0,26.0,12.0,0.0,0.0,1.0,0.0,2345,7566,2839
0.0,31.0,12.0,0.0,0.0,1.0,0.0,11985,11385,11578
0.0,23.0,15.0,0.0,0.0,0.0,0.0,5611,1377,62
0.0,22.0,12.0,0.0,0.0,1.0,0.0,11532,15732,19414
0.0,50.0,18.0,0.0,0.0,1.0,0.0,25837,25244,25565
0.0,38.0,16.0,0.0,0.0,1.0,0.0,25862,25244,25565
0.0,31.0,12.0,0.0,0.0,1.0,0.0,21497,19880,25565
0.0,39.0,9.0,0.0,0.0,1.0,1.0,9632,10131,13960
0.0,27.0,12.0,0.0,0.0,1.0,0.0,21025,20986,25565
0.0,41.0,12.0,0.0,0.0,1.0,0.0,19740,12532,12994
0.0,44.0,12.0,0.0,0.0,1.0,0.0,0,0,20085
0.0,18.0,12.0,0.0,0.0,0.0,0.0,6460,7940,978
0.0,47.0,10.0,0.0,0.0,1.0,1.0,25862,25244,24660
0.0,16.0,10.0,0.0,0.0,0.0,1.0,0,0,7430
0.0,29.0,12.0,0.0,0.0,1.0,0.0,18143,17647,19581
0.0,27.0,15.0,0.0,0.0,1.0,0.0,14281,24902,25565
0.0,33.0,12.0,0.0,0.0,1.0,0.0,24105,24010,24217
0.0,46.0,12.0,0.0,0.0,1.0,0.0,25862,25244,25565
0.0,18.0,11.0,0.0,0.0,0.0,1.0,1661,2209,19240
0.0,40.0,12.0,0.0,0.0,1.0,0.0,13160,13687,21996
0.0,55.0,8.0,0.0,0.0,1.0,1.0,0,8841,0
0.0,16.0,10.0,0.0,0.0,0.0,1.0,3137,2349,2452
0.0,26.0,10.0,0.0,0.0,1.0,1.0,11407,7720,0
0.0,44.0,9.0,0.0,0.0,1.0,1.0,15574,22254,25565
0.0,22.0,14.0,0.0,0.0,0.0,0.0,2502,9415,16081
0.0,53.0,12.0,0.0,0.0,1.0,0.0,17247,9566,9793
0.0,17.0,10.0,0.0,0.0,0.0,1.0,0,0,10351
0.0,34.0,12.0,0.0,0.0,1.0,0.0,7641,7752,9989
0.0,28.0,10.0,0.0,0.0,0.0,1.0,6834,8035,8515
0.0,24.0,9.0,0.0,0.0,1.0,1.0,3439,0,819
0.0,41.0,10.0,0.0,1.0,1.0,1.0,19275,23380,20492
0.0,16.0,10.0,1.0,0.0,0.0,1.0,0,922,4838
0.0,37.0,18.0,0.0,0.0,1.0,0.0,25862,25244,25565
0.0,28.0,14.0,0.0,0.0,1.0,0.0,11325,10212,20790
0.0,28.0,16.0,0.0,0.0,1.0,0.0,22835,24101,24238
0.0,49.0,12.0,0.0,0.0,1.0,0.0,25862,25244,19711
0.0,17.0,11.0,0.0,0.0,0.0,1.0,3427,1849,8283
0.0,33.0,12.0,0.0,0.0,1.0,0.0,25862,25244,25565
0.0,41.0,8.0,0.0,0.0,1.0,1.0,3519,8221,13437
0.0,40.0,12.0,0.0,0.0,1.0,0.0,0,0,1262
0.0,28.0,12.0,0.0,0.0,1.0,0.0,8219,2866,2366
0.0,51.0,8.0,0.0,0.0,1.0,1.0,0,0,0
0.0,31.0,8.0,0.0,0.0,1.0,1.0,0,0,0
0.0,16.0,8.0,0.0,0.0,0.0,1.0,0,0,5645
0.0,29.0,12.0,0.0,0.0,1.0,0.0,25862,25244,24637
0.0,48.0,18.0,0.0,0.0,0.0,0.0,4122,3591,4098
0.0,52.0,12.0,0.0,0.0,0.0,0.0,3137,2866,2366
0.0,33.0,10.0,0.0,0.0,1.0,1.0,11107,18200,12969
0.0,53.0,8.0,0.0,0.0,1.0,1.0,13493,12257,15234
0.0,29.0,14.0,0.0,0.0,1.0,0.0,19097,17968,7734
0.0,55.0,8.0,0.0,0.0,1.0,1.0,1191,25244,12754
0.0,21.0,12.0,0.0,0.0,0.0,0.0,5815,3169,14830
0.0,32.0,7.0,0.0,0.0,0.0,1.0,8846,8617,6376
0.0,34.0,14.0,0.0,0.0,1.0,0.0,14890,14287,13456
0.0,39.0,12.0,0.0,0.0,1.0,0.0,25862,25244,25565
0.0,17.0,10.0,0.0,0.0,0.0,1.0,0,0,10250
0.0,38.0,12.0,0.0,0.0,1.0,0.0,22541,21917,22853
0.0,19.0,12.0,0.0,0.0,1.0,0.0,10037,14949,25565
0.0,49.0,18.0,0.0,0.0,1.0,0.0,25862,25244,25565
0.0,17.0,11.0,0.0,0.0,0.0,1.0,0,98,3363
0.0,27.0,16.0,0.0,0.0,0.0,0.0,2302,19477,24585
0.0,30.0,16.0,0.0,0.0,0.0,0.0,19742,22771,25565
0.0,35.0,12.0,0.0,0.0,1.0,0.0,25862,25244,25565
0.0,41.0,8.0,0.0,0.0,1.0,1.0,24896,15044,15054
0.0,21.0,12.0,0.0,0.0,0.0,0.0,7383,9186,14232
0.0,51.0,12.0,0.0,0.0,1.0,0.0,23909,23262,25565
0.0,49.0,18.0,0.0,0.0,1.0,0.0,25862,25244,25565
0.0,39.0,12.0,0.0,0.0,1.0,0.0,25039,25244,25565
0.0,17.0,11.0,0.0,0.0,0.0,1.0,3770,5315,4695
0.0,34.0,13.0,0.0,0.0,1.0,0.0,24164,25244,24855
0.0,38.0,12.0,0.0,0.0,1.0,0.0,0,0,14794
0.0,53.0,12.0,0.0,0.0,1.0,0.0,19383,1203,25565
0.0,27.0,12.0,0.0,0.0,1.0,0.0,13876,14296,15101
0.0,20.0,14.0,0.0,0.0,1.0,0.0,0,2385,14408
0.0,21.0,12.0,0.0,0.0,1.0,0.0,12259,14881,19861
0.0,47.0,8.0,0.0,0.0,1.0,1.0,14183,14571,14740
0.0,25.0,18.0,0.0,0.0,0.0,0.0,2598,6216,1948
0.0,24.0,17.0,0.0,0.0,1.0,0.0,10784,4907,20511
0.0,26.0,16.0,0.0,0.0,0.0,0.0,6234,8332,14912
0.0,19.0,12.0,1.0,0.0,0.0,0.0,1816,9338,3
0.0,28.0,12.0,1.0,0.0,1.0,0.0,16568,15076,13505
0.0,18.0,11.0,0.0,0.0,0.0,1.0,3934,3919,0
0.0,23.0,17.0,0.0,0.0,1.0,0.0,5582,9619,20285
0.0,28.0,10.0,1.0,0.0,1.0,1.0,20594,18890,17990
0.0,43.0,12.0,0.0,1.0,1.0,0.0,2020,1713,1558
0.0,48.0,12.0,0.0,1.0,1.0,0.0,25862,25244,0
0.0,24.0,14.0,0.0,1.0,0.0,0.0,10141,10386,106
0.0,25.0,14.0,0.0,1.0,1.0,0.0,13531,11501,16251
0.0,40.0,8.0,0.0,0.0,0.0,1.0,0,7902,2047
0.0,43.0,12.0,0.0,0.0,1.0,0.0,19610,19251,23050
0.0,19.0,12.0,0.0,0.0,0.0,0.0,8950,10094,0
0.0,27.0,15.0,0.0,1.0,1.0,0.0,10496,13186,0
0.0,26.0,12.0,0.0,0.0,1.0,0.0,13823,15590,16558
0.0,24.0,13.0,1.0,0.0,1.0,0.0,5619,13474,20792
0.0,55.0,12.0,0.0,1.0,1.0,0.0,14892,14607,13809
0.0,22.0,12.0,0.0,1.0,0.0,0.0,8100,20313,20803
0.0,27.0,12.0,0.0,0.0,1.0,0.0,20414,19828,7239
0.0,28.0,12.0,0.0,0.0,1.0,0.0,19485,20077,24578
0.0,52.0,12.0,0.0,0.0,0.0,0.0,5459,1832,630
0.0,49.0,11.0,0.0,0.0,1.0,1.0,14073,16698,25565
0.0,31.0,12.0,0.0,0.0,1.0,0.0,7014,13836,24443
0.0,49.0,12.0,1.0,0.0,1.0,0.0,0,0,0
0.0,52.0,15.0,1.0,0.0,1.0,0.0,14269,12350,12208
0.0,32.0,14.0,0.0,0.0,0.0,0.0,0,5566,16116
0.0,30.0,17.0,0.0,0.0,0.0,0.0,0,874,0
0.0,25.0,18.0,1.0,0.0,1.0,0.0,24271,25244,25565
0.0,25.0,12.0,1.0,0.0,1.0,0.0,6908,13177,3917
0.0,29.0,16.0,0.0,0.0,0.0,0.0,2292,8862,0
0.0,29.0,16.0,0.0,0.0,0.0,0.0,25862,21536,25565
0.0,33.0,18.0,0.0,0.0,0.0,0.0,25862,9904,25565
0.0,34.0,11.0,0.0,0.0,1.0,1.0,24438,22554,23372
0.0,46.0,12.0,1.0,0.0,1.0,0.0,23460,23598,25565
0.0,19.0,11.0,1.0,0.0,0.0,1.0,5607,3054,95
0.0,36.0,12.0,1.0,0.0,1.0,0.0,1199,0,0
0.0,42.0,12.0,0.0,0.0,1.0,0.0,25862,25244,25565
0.0,20.0,13.0,0.0,0.0,0.0,0.0,2059,3004,16088
0.0,19.0,12.0,0.0,0.0,0.0,0.0,1677,3312,11600
0.0,37.0,12.0,0.0,0.0,1.0,0.0,19624,19264,25245
0.0,21.0,12.0,0.0,0.0,1.0,0.0,0,0,7591
0.0,29.0,12.0,0.0,0.0,1.0,0.0,17289,16040,16484
0.0,53.0,10.0,0.0,0.0,1.0,1.0,7463,6184,0
0.0,36.0,10.0,0.0,0.0,1.0,1.0,22923,10205,25565
0.0,31.0,12.0,0.0,0.0,1.0,0.0,3527,17470,18368
0.0,33.0,14.0,0.0,0.0,1.0,0.0,25862,25244,25565
0.0,25.0,13.0,0.0,0.0,1.0,0.0,21334,25244,25565
0.0,32.0,9.0,0.0,0.0,1.0,1.0,20547,23050,25565
0.0,27.0,12.0,0.0,0.0,1.0,0.0,13973,13415,15296
0.0,26.0,17.0,0.0,0.0,0.0,0.0,18840,20220,25565
0.0,53.0,3.0,1.0,0.0,1.0,1.0,21005,20096,21465
0.0,22.0,14.0,1.0,0.0,0.0,0.0,12300,4589,23837
0.0,52.0,3.0,1.0,0.0,1.0,1.0,25862,25244,25565
0.0,37.0,13.0,0.0,0.0,1.0,0.0,16274,18388,20286
0.0,34.0,16.0,0.0,0.0,1.0,0.0,25862,22546,25565
0.0,53.0,12.0,0.0,0.0,1.0,0.0,2978,0,0
0.0,28.0,16.0,0.0,0.0,1.0,0.0,18527,18623,22289
0.0,29.0,9.0,0.0,0.0,1.0,1.0,17704,18331,19374
0.0,25.0,18.0,0.0,0.0,0.0,0.0,0,7707,25565
0.0,34.0,15.0,0.0,0.0,1.0,0.0,24446,24012,17121
0.0,28.0,12.0,0.0,0.0,1.0,0.0,19642,21280,25565
0.0,36.0,18.0,0.0,0.0,1.0,0.0,22414,12980,2045
0.0,47.0,11.0,0.0,0.0,0.0,1.0,8060,4232,3359
0.0,28.0,9.0,0.0,1.0,1.0,1.0,20014,16328,24051
0.0,53.0,10.0,0.0,0.0,1.0,1.0,20604,18138,7395
0.0,53.0,12.0,0.0,0.0,0.0,0.0,17104,5776,19966
0.0,55.0,17.0,0.0,0.0,0.0,0.0,25862,25244,25565
0.0,18.0,8.0,0.0,0.0,0.0,1.0,1873,2469,0
0.0,43.0,12.0,0.0,0.0,1.0,0.0,25862,21824,25565
0.0,24.0,12.0,0.0,0.0,1.0,0.0,147,4922,11507
0.0,20.0,9.0,0.0,0.0,0.0,1.0,7690,11907,21418
0.0,43.0,6.0,0.0,0.0,1.0,1.0,22202,18845,25565
0.0,28.0,11.0,0.0,0.0,1.0,1.0,12902,14776,0
0.0,49.0,12.0,0.0,0.0,1.0,0.0,0,0,0
0.0,34.0,8.0,0.0,0.0,1.0,1.0,14538,15535,7343
0.0,36.0,12.0,0.0,0.0,1.0,0.0,25815,25244,25565
0.0,41.0,7.0,0.0,0.0,1.0,1.0,19573,566,0
0.0,32.0,10.0,1.0,0.0,1.0,1.0,25862,25244,25565
0.0,25.0,16.0,0.0,0.0,1.0,0.0,21732,19364,25565
0.0,30.0,16.0,0.0,0.0,1.0,0.0,25862,15347,15216
0.0,50.0,14.0,0.0,0.0,1.0,0.0,25862,25244,25565
0.0,28.0,12.0,0.0,0.0,0.0,0.0,11064,8595,7334
0.0,41.0,12.0,0.0,0.0,1.0,0.0,0,0,0
0.0,30.0,8.0,0.0,0.0,1.0,1.0,3051,5330,13665
0.0,16.0,9.0,0.0,0.0,0.0,1.0,0,2293,5595
0.0,47.0,12.0,0.0,0.0,1.0,0.0,25862,25244,25565
0.0,29.0,12.0,0.0,0.0,1.0,0.0,24405,20277,0
0.0,30.0,14.0,0.0,0.0,1.0,0.0,357,0,25565
0.0,44.0,16.0,0.0,0.0,1.0,0.0,0,0,4500
0.0,16.0,10.0,0.0,0.0,0.0,1.0,0,2839,12522
0.0,31.0,15.0,0.0,0.0,1.0,0.0,0,0,0
0.0,28.0,13.0,0.0,0.0,1.0,0.0,5155,6735,4630
0.0,29.0,16.0,0.0,0.0,1.0,0.0,24205,23989,25565
0.0,16.0,7.0,0.0,1.0,0.0,1.0,290,0,7516
0.0,26.0,6.0,0.0,1.0,1.0,1.0,18127,17744,23403
0.0,32.0,8.0,0.0,1.0,1.0,1.0,17582,17089,20602
0.0,36.0,8.0,0.0,1.0,1.0,1.0,23000,22920,25297
0.0,49.0,8.0,0.0,0.0,0.0,1.0,13392,13263,10770
0.0,50.0,17.0,0.0,0.0,0.0,0.0,25862,9458,25565
0.0,52.0,8.0,0.0,0.0,1.0,1.0,25862,25244,25565
0.0,28.0,12.0,1.0,0.0,1.0,0.0,12961,15284,10346
0.0,47.0,12.0,1.0,0.0,1.0,0.0,0,0,0
0.0,35.0,12.0,1.0,0.0,1.0,0.0,25862,24998,25565
0.0,46.0,16.0,1.0,0.0,1.0,0.0,5208,462,1360
0.0,39.0,13.0,0.0,0.0,1.0,0.0,21477,25244,25565
0.0,43.0,12.0,0.0,0.0,1.0,0.0,25862,25242,25565
0.0,33.0,13.0,0.0,0.0,1.0,0.0,25860,25244,25565
0.0,29.0,14.0,0.0,0.0,0.0,0.0,10515,3645,15430
0.0,27.0,12.0,0.0,0.0,0.0,0.0,14205,13714,23341
0.0,32.0,14.0,0.0,1.0,0.0,0.0,6481,10450,9806
0.0,26.0,17.0,0.0,0.0,1.0,0.0,7055,8500,9849
0.0,38.0,5.0,0.0,1.0,1.0,1.0,21977,22961,21576
0.0,47.0,11.0,0.0,0.0,0.0,1.0,19863,22802,15967
0.0,20.0,8.0,0.0,0.0,1.0,1.0,210,13139,4884
0.0,28.0,13.0,1.0,0.0,0.0,0.0,0,0,96
0.0,29.0,12.0,0.0,0.0,1.0,0.0,14060,12088,17940
0.0,38.0,6.0,1.0,0.0,0.0,1.0,7996,9311,9515
0.0,31.0,14.0,1.0,0.0,0.0,0.0,7962,8219,8379
0.0,23.0,12.0,1.0,0.0,0.0,0.0,2482,0,12539
0.0,54.0,7.0,1.0,0.0,1.0,1.0,16726,14111,15705
0.0,38.0,10.0,0.0,0.0,1.0,1.0,17884,18077,20428
0.0,20.0,12.0,0.0,0.0,0.0,0.0,17285,15350,18460
0.0,21.0,12.0,0.0,0.0,1.0,0.0,7279,7616,14528
0.0,23.0,12.0,0.0,0.0,1.0,0.0,18415,19212,19969
0.0,24.0,12.0,0.0,0.0,0.0,0.0,25862,25244,25565
0.0,34.0,9.0,0.0,0.0,1.0,1.0,16993,14754,20428
0.0,32.0,14.0,0.0,0.0,1.0,0.0,1183,528,479
0.0,18.0,8.0,0.0,0.0,1.0,1.0,8907,9172,2883
0.0,27.0,17.0,0.0,0.0,1.0,0.0,0,0,0
0.0,43.0,12.0,0.0,0.0,1.0,0.0,25862,25244,25565
0.0,21.0,10.0,1.0,0.0,0.0,1.0,8039,13769,16313
0.0,23.0,12.0,1.0,0.0,1.0,0.0,10558,525,3734
0.0,42.0,12.0,0.0,0.0,1.0,0.0,25862,23401,25565
0.0,46.0,14.0,0.0,0.0,1.0,0.0,19777,25244,25565
0.0,51.0,8.0,0.0,0.0,1.0,1.0,20694,23142,25565
0.0,41.0,10.0,0.0,0.0,1.0,1.0,22355,23144,25565
0.0,22.0,16.0,0.0,0.0,1.0,0.0,578,1312,0
0.0,26.0,12.0,0.0,0.0,1.0,0.0,1422,557,0
0.0,27.0,12.0,0.0,0.0,1.0,0.0,18991,18791,18739
0.0,24.0,12.0,0.0,0.0,1.0,0.0,22886,19617,25565
0.0,42.0,12.0,0.0,0.0,1.0,0.0,25862,25244,25565
0.0,24.0,12.0,0.0,0.0,1.0,0.0,22230,17246,25565
0.0,31.0,6.0,0.0,0.0,0.0,1.0,2667,1321,0
0.0,29.0,16.0,0.0,0.0,0.0,0.0,0,0,19224
0.0,29.0,12.0,0.0,0.0,1.0,0.0,2151,25244,0
0.0,26.0,12.0,0.0,0.0,1.0,0.0,8033,9406,4710
0.0,36.0,4.0,0.0,0.0,1.0,1.0,17535,17187,20147
0.0,29.0,12.0,0.0,0.0,1.0,0.0,25862,25244,25565
0.0,51.0,12.0,0.0,0.0,1.0,0.0,2616,3808,2079
0.0,21.0,13.0,0.0,1.0,0.0,0.0,5641,7661,7090
0.0,50.0,10.0,0.0,1.0,1.0,1.0,0,0,0
0.0,20.0,11.0,0.0,1.0,0.0,1.0,2239,3002,9917
0.0,20.0,11.0,0.0,1.0,1.0,1.0,8823,9621,13286
0.0,28.0,13.0,0.0,1.0,1.0,0.0,5368,9023,4840
0.0,46.0,14.0,0.0,0.0,1.0,0.0,25862,25244,25565
0.0,23.0,13.0,0.0,0.0,1.0,0.0,11538,13170,18393
0.0,41.0,16.0,0.0,0.0,0.0,0.0,0,0,288
0.0,29.0,17.0,0.0,0.0,1.0,0.0,12639,19101,21089
0.0,27.0,14.0,0.0,0.0,1.0,0.0,25862,20188,24567
0.0,29.0,18.0,0.0,0.0,1.0,0.0,22253,25244,25565
0.0,52.0,16.0,0.0,0.0,1.0,0.0,15911,13778,737
0.0,37.0,12.0,0.0,0.0,1.0,0.0,17271,16494,16350
0.0,28.0,18.0,0.0,0.0,1.0,0.0,4144,0,5002
0.0,30.0,14.0,0.0,0.0,1.0,0.0,16501,18661,15748
0.0,27.0,15.0,0.0,0.0,1.0,0.0,17820,14890,19377
0.0,25.0,12.0,0.0,0.0,1.0,0.0,7143,10205,9194
0.0,19.0,10.0,0.0,0.0,1.0,1.0,9453,10849,11707
0.0,33.0,12.0,0.0,0.0,1.0,0.0,7026,9115,9187
0.0,30.0,12.0,0.0,0.0,1.0,0.0,11867,6320,7798
0.0,22.0,12.0,0.0,0.0,1.0,0.0,637,517,0
0.0,25.0,11.0,0.0,0.0,1.0,1.0,0,0,0
0.0,30.0,12.0,0.0,0.0,1.0,0.0,14459,72,25565
0.0,24.0,16.0,0.0,0.0,1.0,0.0,0,5432,16089
0.0,21.0,12.0,1.0,0.0,0.0,0.0,9567,7054,585
0.0,38.0,16.0,0.0,0.0,1.0,0.0,0,0,0
0.0,20.0,14.0,0.0,0.0,0.0,0.0,2866,1984,10458
0.0,45.0,14.0,0.0,0.0,1.0,0.0,9144,14765,14643
0.0,28.0,16.0,0.0,0.0,1.0,0.0,11793,18317,22225
0.0,34.0,12.0,0.0,0.0,1.0,0.0,21856,22261,25151
0.0,30.0,18.0,0.0,0.0,1.0,0.0,12114,25244,0
0.0,49.0,8.0,0.0,0.0,1.0,1.0,23850,21568,24929
0.0,23.0,14.0,0.0,0.0,0.0,0.0,2966,2118,1968
0.0,24.0,17.0,0.0,0.0,0.0,0.0,0,0,10682
0.0,21.0,13.0,0.0,0.0,1.0,0.0,1628,6619,8272
0.0,25.0,18.0,0.0,0.0,1.0,0.0,0,7213,6465
0.0,16.0,9.0,1.0,0.0,0.0,1.0,0,961,0
0.0,24.0,10.0,0.0,0.0,1.0,1.0,15198,15132,7056
0.0,37.0,12.0,0.0,0.0,0.0,0.0,23766,25244,23246
0.0,27.0,12.0,0.0,0.0,1.0,0.0,23548,20861,22235
0.0,19.0,12.0,0.0,0.0,0.0,0.0,1820,2136,11485
0.0,39.0,12.0,0.0,0.0,1.0,0.0,18705,20727,25565
0.0,55.0,10.0,0.0,0.0,1.0,1.0,25862,25244,25565
0.0,30.0,12.0,0.0,0.0,1.0,0.0,25862,25244,25565
0.0,20.0,14.0,0.0,0.0,0.0,0.0,3930,5217,11519
0.0,17.0,11.0,0.0,0.0,0.0,1.0,429,2539,14483
0.0,49.0,8.0,0.0,0.0,1.0,1.0,21125,25244,25565
0.0,27.0,7.0,0.0,0.0,1.0,1.0,9448,8422,25565
0.0,53.0,12.0,0.0,0.0,0.0,0.0,15376,16858,16543
0.0,35.0,12.0,0.0,0.0,1.0,0.0,25862,19418,0
0.0,33.0,9.0,0.0,0.0,1.0,1.0,16916,14745,0
0.0,28.0,11.0,0.0,0.0,0.0,1.0,4892,0,424
0.0,27.0,10.0,0.0,0.0,0.0,1.0,6444,0,1102
0.0,26.0,9.0,0.0,0.0,1.0,1.0,8554,9303,8042
0.0,16.0,9.0,0.0,1.0,0.0,1.0,0,0,0
0.0,19.0,8.0,0.0,1.0,0.0,1.0,368,301,18510
0.0,17.0,8.0,0.0,1.0,0.0,1.0,392,301,18891
0.0,47.0,2.0,0.0,1.0,1.0,1.0,5094,4655,183
0.0,22.0,12.0,0.0,1.0,0.0,0.0,6605,11091,10078
0.0,29.0,12.0,1.0,0.0,1.0,0.0,11740,10930,14833
0.0,38.0,12.0,0.0,0.0,1.0,0.0,23958,23937,25565
0.0,40.0,7.0,0.0,0.0,0.0,1.0,25862,25244,20097
0.0,45.0,12.0,0.0,0.0,1.0,0.0,21754,20859,17725
0.0,47.0,4.0,0.0,0.0,1.0,1.0,13874,13691,14152
0.0,30.0,10.0,0.0,0.0,1.0,1.0,15292,11789,10685
0.0,30.0,17.0,0.0,0.0,0.0,0.0,0,0,0
0.0,22.0,12.0,0.0,0.0,1.0,0.0,21783,23761,25565
0.0,28.0,18.0,0.0,0.0,1.0,0.0,135,0,0
0.0,45.0,6.0,0.0,1.0,1.0,1.0,0,0,0
0.0,17.0,10.0,0.0,1.0,0.0,1.0,0,636,6650
0.0,17.0,11.0,0.0,0.0,0.0,1.0,0,3309,0
0.0,26.0,14.0,0.0,0.0,0.0,0.0,1579,0,0
0.0,24.0,10.0,0.0,0.0,1.0,1.0,8631,5092,18647
0.0,22.0,12.0,0.0,0.0,0.0,0.0,6997,8724,2725
0.0,20.0,7.0,0.0,0.0,0.0,1.0,1902,2793,6099
0.0,18.0,11.0,0.0,0.0,0.0,1.0,2400,5310,1064
0.0,19.0,11.0,1.0,0.0,0.0,1.0,811,859,8222
0.0,47.0,12.0,0.0,0.0,1.0,0.0,1565,0,0
0.0,54.0,10.0,0.0,0.0,1.0,1.0,25862,20415,25565
0.0,36.0,17.0,0.0,1.0,1.0,0.0,25862,25244,25565
0.0,27.0,13.0,0.0,0.0,0.0,0.0,25862,14596,25565
0.0,45.0,14.0,0.0,0.0,0.0,0.0,24550,17055,25565
0.0,30.0,16.0,0.0,0.0,1.0,0.0,25862,25242,25565
0.0,30.0,15.0,0.0,0.0,0.0,0.0,25102,23348,24984
0.0,24.0,13.0,0.0,0.0,1.0,0.0,14054,19079,4732
0.0,48.0,8.0,0.0,0.0,1.0,1.0,16050,2116,11600
0.0,32.0,13.0,0.0,0.0,1.0,0.0,0,0,0
0.0,54.0,12.0,0.0,0.0,1.0,0.0,21058,21303,22509
0.0,18.0,11.0,0.0,0.0,0.0,1.0,950,11911,0
0.0,29.0,12.0,0.0,0.0,0.0,0.0,12980,0,0
0.0,28.0,12.0,0.0,0.0,0.0,0.0,8640,10706,10049
0.0,16.0,10.0,0.0,0.0,0.0,1.0,0,0,13536
0.0,27.0,16.0,0.0,0.0,0.0,0.0,476,213,0
0.0,37.0,15.0,0.0,0.0,0.0,0.0,25862,25244,25565
0.0,45.0,16.0,0.0,0.0,1.0,0.0,25704,5564,15702
0.0,39.0,12.0,0.0,0.0,1.0,0.0,25862,25244,25565
0.0,18.0,11.0,0.0,0.0,0.0,1.0,1060,2301,4200
0.0,52.0,12.0,0.0,0.0,1.0,0.0,2645,0,0
0.0,34.0,12.0,0.0,0.0,1.0,0.0,0,0,0
0.0,34.0,5.0,0.0,0.0,1.0,1.0,25862,25244,25565
0.0,53.0,12.0,0.0,0.0,1.0,0.0,20533,18263,18073
0.0,27.0,16.0,0.0,0.0,0.0,0.0,14336,11134,0
0.0,37.0,8.0,1.0,0.0,1.0,1.0,13917,18302,11613
0.0,41.0,7.0,1.0,0.0,0.0,1.0,1607,351,0
0.0,32.0,10.0,0.0,0.0,1.0,1.0,9581,322,0
0.0,44.0,10.0,0.0,0.0,1.0,1.0,18713,17651,18770
0.0,43.0,12.0,0.0,0.0,1.0,0.0,25862,25244,0
0.0,31.0,12.0,0.0,0.0,1.0,0.0,20392,21752,21894
0.0,23.0,14.0,0.0,0.0,1.0,0.0,10206,11549,15464
0.0,36.0,12.0,0.0,0.0,1.0,0.0,21736,25244,25565
0.0,38.0,12.0,0.0,0.0,1.0,0.0,8885,7450,8488
0.0,31.0,12.0,0.0,0.0,1.0,0.0,16977,14362,19296
0.0,48.0,12.0,0.0,0.0,1.0,0.0,21756,25244,0
0.0,40.0,12.0,0.0,0.0,1.0,0.0,15429,17508,14669
0.0,17.0,10.0,0.0,0.0,0.0,1.0,0,1119,2215
0.0,45.0,12.0,0.0,0.0,1.0,0.0,19640,16621,20839
0.0,17.0,10.0,0.0,0.0,0.0,1.0,0,1443,9110
0.0,53.0,12.0,0.0,0.0,1.0,0.0,0,0,0
0.0,54.0,17.0,0.0,0.0,0.0,0.0,25862,25244,0
0.0,25.0,12.0,0.0,0.0,0.0,0.0,13531,13245,25565
0.0,25.0,5.0,0.0,0.0,1.0,1.0,492,0,0
0.0,18.0,10.0,1.0,0.0,0.0,1.0,0,0,2282
0.0,52.0,15.0,0.0,0.0,1.0,0.0,7974,10276,7996
0.0,28.0,11.0,0.0,0.0,1.0,1.0,457,3776,501
0.0,17.0,11.0,0.0,0.0,0.0,1.0,0,115,2223
0.0,51.0,12.0,0.0,0.0,1.0,0.0,20870,22275,25565
0.0,32.0,12.0,0.0,1.0,1.0,0.0,20361,21303,25209
0.0,29.0,12.0,0.0,0.0,1.0,0.0,7277,3591,7313
0.0,50.0,11.0,0.0,0.0,1.0,1.0,13497,25244,25565
0.0,42.0,12.0,0.0,0.0,0.0,0.0,8960,2247,0
0.0,23.0,12.0,0.0,0.0,1.0,0.0,10053,9806,0
0.0,32.0,12.0,0.0,0.0,1.0,0.0,9289,20907,16097
0.0,28.0,12.0,0.0,0.0,0.0,0.0,940,6803,0
0.0,26.0,11.0,0.0,1.0,1.0,1.0,9783,0,542
0.0,23.0,12.0,0.0,1.0,1.0,0.0,9481,25244,0
0.0,20.0,12.0,0.0,0.0,0.0,0.0,0,863,4316
0.0,28.0,12.0,0.0,0.0,1.0,0.0,2388,3083,12883
0.0,35.0,12.0,0.0,1.0,1.0,0.0,12929,12373,17354
0.0,47.0,8.0,1.0,0.0,0.0,1.0,16967,0,10365
0.0,44.0,6.0,1.0,0.0,1.0,1.0,12878,11972,19989
0.0,37.0,15.0,1.0,0.0,1.0,0.0,22294,7367,12203
0.0,55.0,12.0,0.0,0.0,1.0,0.0,9614,9809,8917
0.0,35.0,12.0,0.0,0.0,1.0,0.0,0,0,0
0.0,26.0,7.0,0.0,1.0,1.0,1.0,9275,10438,11996
0.0,26.0,5.0,0.0,1.0,1.0,1.0,4847,1459,770
0.0,20.0,13.0,0.0,1.0,0.0,0.0,0,5156,8549
0.0,18.0,9.0,0.0,1.0,0.0,1.0,627,7020,763
0.0,17.0,10.0,0.0,1.0,0.0,1.0,697,2696,13583
0.0,46.0,9.0,0.0,0.0,1.0,1.0,3776,8006,0
0.0,45.0,12.0,0.0,0.0,1.0,0.0,0,20934,11631
0.0,37.0,12.0,0.0,0.0,1.0,0.0,11217,12219,12147
0.0,17.0,10.0,0.0,0.0,0.0,1.0,219,106,7415
0.0,24.0,13.0,0.0,0.0,0.0,0.0,15664,12074,14904
0.0,32.0,12.0,0.0,0.0,1.0,0.0,1338,2227,799
0.0,31.0,6.0,1.0,0.0,1.0,1.0,13983,12380,14072
0.0,18.0,11.0,1.0,0.0,0.0,1.0,588,841,7934
0.0,17.0,7.0,1.0,0.0,0.0,1.0,1054,2286,1614
0.0,32.0,12.0,0.0,0.0,1.0,0.0,20376,25244,25565
0.0,38.0,10.0,0.0,0.0,1.0,1.0,19401,25244,19584
0.0,18.0,12.0,0.0,0.0,0.0,0.0,470,5219,14129
0.0,52.0,11.0,0.0,0.0,1.0,1.0,25862,25244,25565
0.0,18.0,12.0,0.0,0.0,0.0,0.0,662,1131,4736
0.0,20.0,12.0,0.0,0.0,0.0,0.0,12575,14946,12336
0.0,48.0,9.0,0.0,0.0,1.0,1.0,6995,10352,0
0.0,49.0,12.0,0.0,0.0,1.0,0.0,92,594,396
0.0,20.0,12.0,0.0,0.0,0.0,0.0,0,15334,8207
0.0,51.0,15.0,0.0,0.0,1.0,0.0,5594,12396,2524
0.0,43.0,13.0,0.0,0.0,0.0,0.0,25862,20467,25565
0.0,16.0,9.0,0.0,0.0,0.0,1.0,1232,415,2395
0.0,36.0,4.0,0.0,0.0,1.0,1.0,9855,9435,10131
0.0,51.0,14.0,1.0,0.0,1.0,0.0,14526,14661,25565
0.0,21.0,12.0,1.0,0.0,0.0,0.0,6940,11662,14219
0.0,21.0,13.0,0.0,0.0,1.0,0.0,12075,13354,21864
0.0,40.0,17.0,0.0,0.0,1.0,0.0,23139,24671,9150
0.0,45.0,11.0,0.0,0.0,1.0,1.0,10435,13186,8444
0.0,41.0,7.0,0.0,0.0,1.0,1.0,8397,0,0
0.0,18.0,12.0,0.0,0.0,0.0,0.0,4187,7034,7968
0.0,17.0,11.0,0.0,0.0,0.0,1.0,0,3425,7378
0.0,22.0,13.0,0.0,0.0,0.0,0.0,9205,16843,18115
0.0,26.0,12.0,0.0,0.0,0.0,0.0,190,0,0
0.0,25.0,16.0,0.0,0.0,0.0,0.0,9851,11682,12376
0.0,29.0,10.0,0.0,0.0,0.0,1.0,13609,14464,21335
0.0,36.0,12.0,0.0,0.0,1.0,0.0,15173,19303,25565
0.0,50.0,10.0,1.0,0.0,1.0,1.0,25862,24144,20161
0.0,29.0,8.0,0.0,0.0,1.0,1.0,9757,10951,0
0.0,25.0,16.0,0.0,0.0,1.0,0.0,22406,21215,24152
0.0,27.0,16.0,0.0,0.0,1.0,0.0,15557,15544,20310
0.0,47.0,6.0,0.0,0.0,1.0,1.0,19162,18793,7176
0.0,24.0,12.0,0.0,0.0,0.0,0.0,16538,15989,11764
0.0,49.0,12.0,0.0,0.0,1.0,0.0,25862,23308,24635
0.0,20.0,12.0,0.0,0.0,0.0,0.0,10139,7756,16344
0.0,32.0,18.0,0.0,0.0,1.0,0.0,19307,23831,25565
0.0,23.0,12.0,0.0,0.0,1.0,0.0,10447,13358,10159
0.0,41.0,12.0,0.0,0.0,0.0,0.0,19798,19327,15784
0.0,29.0,14.0,0.0,0.0,0.0,0.0,15363,17841,18110
0.0,30.0,12.0,0.0,0.0,1.0,0.0,19117,17841,19346
0.0,45.0,12.0,0.0,0.0,1.0,0.0,25539,25244,15865
0.0,17.0,11.0,0.0,0.0,0.0,1.0,0,0,12413
0.0,26.0,16.0,0.0,0.0,0.0,0.0,10933,11514,12472
0.0,46.0,10.0,0.0,0.0,1.0,1.0,10846,11163,12440
0.0,32.0,12.0,0.0,1.0,1.0,0.0,25135,24678,19117
0.0,31.0,12.0,0.0,0.0,1.0,0.0,25862,25244,25565
0.0,23.0,15.0,0.0,0.0,1.0,0.0,2819,5255,437
0.0,20.0,14.0,0.0,0.0,1.0,0.0,10419,10235,17177
0.0,28.0,17.0,0.0,0.0,0.0,0.0,7933,4451,100
0.0,26.0,16.0,0.0,0.0,1.0,0.0,15664,16478,23834
0.0,37.0,8.0,1.0,0.0,1.0,1.0,9730,9709,9910
0.0,40.0,12.0,0.0,0.0,1.0,0.0,24101,25158,25565
0.0,23.0,13.0,0.0,0.0,1.0,0.0,11352,9718,15829
0.0,19.0,13.0,0.0,0.0,0.0,0.0,0,0,0
0.0,31.0,14.0,0.0,0.0,1.0,0.0,25862,25244,24241
0.0,23.0,12.0,0.0,0.0,0.0,0.0,13258,18356,23762
0.0,36.0,8.0,0.0,0.0,1.0,1.0,15008,14324,16635
0.0,29.0,12.0,0.0,0.0,1.0,0.0,18446,16294,19608
0.0,35.0,12.0,0.0,0.0,1.0,0.0,25862,25244,25565
0.0,55.0,5.0,0.0,0.0,1.0,1.0,14244,14425,14179
0.0,29.0,8.0,0.0,0.0,1.0,1.0,9787,6338,5151
0.0,36.0,8.0,0.0,0.0,1.0,1.0,16771,16804,16923
0.0,54.0,12.0,0.0,0.0,1.0,0.0,0,0,0
0.0,50.0,11.0,0.0,0.0,1.0,1.0,24687,10654,0
0.0,27.0,17.0,0.0,0.0,1.0,0.0,2843,152,16518
0.0,21.0,13.0,0.0,0.0,1.0,0.0,7502,6173,25565
0.0,20.0,12.0,0.0,0.0,0.0,0.0,16542,14869,16342
0.0,23.0,15.0,0.0,0.0,1.0,0.0,1252,4564,4680
0.0,33.0,5.0,0.0,0.0,1.0,1.0,25862,25244,12927
0.0,35.0,10.0,0.0,1.0,1.0,1.0,13104,13128,16729
0.0,53.0,9.0,0.0,0.0,1.0,1.0,25862,19457,25565
0.0,23.0,14.0,0.0,0.0,0.0,0.0,12933,13316,18808
0.0,18.0,11.0,0.0,0.0,0.0,1.0,498,0,16861
0.0,23.0,11.0,0.0,0.0,1.0,1.0,14348,22819,25565
0.0,55.0,12.0,0.0,0.0,1.0,0.0,20572,21031,21397
0.0,28.0,12.0,0.0,0.0,1.0,0.0,21458,21384,24660
0.0,38.0,6.0,0.0,0.0,1.0,1.0,21852,16775,21872
0.0,27.0,12.0,1.0,0.0,1.0,0.0,22498,18986,16285
0.0,28.0,13.0,0.0,0.0,0.0,0.0,8991,1280,6372
0.0,31.0,12.0,0.0,0.0,1.0,0.0,14720,14768,15467
0.0,49.0,9.0,0.0,0.0,1.0,1.0,16135,25244,20156
0.0,29.0,15.0,0.0,0.0,0.0,0.0,16957,2130,21529
0.0,34.0,12.0,0.0,0.0,1.0,0.0,25862,25244,25565
0.0,35.0,12.0,0.0,0.0,1.0,0.0,25202,23817,13243
0.0,23.0,7.0,1.0,0.0,1.0,1.0,4931,5192,6605
0.0,47.0,12.0,0.0,0.0,1.0,0.0,0,0,0
0.0,19.0,12.0,1.0,0.0,0.0,0.0,4920,6818,7949
0.0,51.0,7.0,0.0,0.0,1.0,1.0,11997,9856,0
0.0,23.0,12.0,1.0,0.0,0.0,0.0,12075,11565,25529
0.0,36.0,5.0,0.0,0.0,1.0,1.0,12827,13435,15008
0.0,43.0,12.0,0.0,0.0,1.0,0.0,25353,25244,25565
0.0,19.0,12.0,0.0,0.0,0.0,0.0,4980,3733,8792
0.0,33.0,16.0,0.0,0.0,1.0,0.0,25862,25244,25565
0.0,53.0,12.0,0.0,0.0,1.0,0.0,0,0,0
0.0,26.0,16.0,0.0,0.0,0.0,0.0,11679,8354,0
0.0,25.0,11.0,1.0,0.0,1.0,1.0,12467,6504,13744
0.0,39.0,1.0,1.0,0.0,0.0,1.0,8249,5842,8407
0.0,50.0,14.0,0.0,0.0,1.0,0.0,25862,17293,0
0.0,51.0,14.0,0.0,0.0,1.0,0.0,4032,20775,724
0.0,20.0,11.0,0.0,0.0,0.0,1.0,7469,8699,7808
0.0,43.0,12.0,0.0,0.0,1.0,0.0,25862,25244,25565
0.0,35.0,12.0,0.0,0.0,1.0,0.0,25457,25244,0
0.0,26.0,14.0,0.0,0.0,0.0,0.0,3207,410,5233
0.0,20.0,12.0,0.0,0.0,0.0,0.0,11734,6300,1102
0.0,40.0,10.0,1.0,0.0,1.0,1.0,10494,3018,12326
0.0,40.0,11.0,1.0,0.0,1.0,1.0,0,0,0
0.0,27.0,7.0,0.0,0.0,1.0,1.0,8384,4112,9800
0.0,44.0,18.0,0.0,0.0,1.0,0.0,25862,25244,25565
0.0,44.0,9.0,0.0,0.0,1.0,1.0,0,4243,13072
0.0,51.0,11.0,0.0,0.0,1.0,1.0,21803,21165,23412
0.0,36.0,5.0,0.0,0.0,0.0,1.0,3815,2873,2752
0.0,40.0,12.0,0.0,0.0,1.0,0.0,25862,25244,25565
0.0,50.0,5.0,0.0,0.0,1.0,1.0,13897,13703,14279
0.0,41.0,12.0,0.0,0.0,1.0,0.0,25862,25244,25565
0.0,23.0,12.0,0.0,0.0,1.0,0.0,0,16505,25565
0.0,40.0,12.0,0.0,0.0,1.0,0.0,619,0,10094
0.0,22.0,11.0,0.0,0.0,0.0,1.0,0,0,683
0.0,30.0,12.0,0.0,0.0,1.0,0.0,20999,17876,21244
0.0,26.0,13.0,0.0,0.0,1.0,0.0,0,0,0
0.0,24.0,12.0,1.0,0.0,1.0,0.0,9632,3228,10813
0.0,32.0,12.0,1.0,0.0,1.0,0.0,16973,15859,25565
0.0,39.0,11.0,1.0,0.0,0.0,1.0,20053,18485,5626
0.0,41.0,12.0,0.0,0.0,1.0,0.0,24113,23484,25565
0.0,18.0,10.0,0.0,0.0,0.0,1.0,82,2310,8584
0.0,16.0,9.0,0.0,0.0,0.0,1.0,0,832,7697
0.0,25.0,16.0,0.0,0.0,1.0,0.0,14436,12135,12197
0.0,23.0,14.0,0.0,0.0,1.0,0.0,4937,1679,8454
0.0,22.0,12.0,0.0,0.0,1.0,0.0,18129,17833,19372
0.0,20.0,12.0,0.0,0.0,0.0,0.0,15549,16976,17269
0.0,20.0,12.0,0.0,0.0,0.0,0.0,9477,245,10266
0.0,27.0,12.0,1.0,0.0,1.0,0.0,21180,19450,22253
0.0,27.0,15.0,0.0,0.0,1.0,0.0,7365,5185,15714
0.0,55.0,8.0,0.0,0.0,0.0,1.0,8576,4442,11315
0.0,38.0,18.0,0.0,0.0,1.0,0.0,25862,2866,25142
0.0,34.0,16.0,1.0,0.0,1.0,0.0,25862,25244,25565
0.0,28.0,18.0,0.0,0.0,1.0,0.0,25862,25244,25565
0.0,33.0,16.0,0.0,0.0,1.0,0.0,24461,22572,24684
0.0,35.0,17.0,0.0,0.0,1.0,0.0,20151,18852,19174
0.0,28.0,18.0,0.0,0.0,0.0,0.0,5347,18003,19363
0.0,41.0,18.0,0.0,0.0,1.0,0.0,13877,13590,18087
0.0,52.0,9.0,0.0,0.0,1.0,1.0,14961,14484,17214
0.0,42.0,13.0,0.0,0.0,1.0,0.0,1626,0,0
0.0,26.0,12.0,0.0,0.0,1.0,0.0,539,575,638
0.0,22.0,11.0,0.0,0.0,1.0,1.0,13339,4626,18616
0.0,19.0,12.0,0.0,0.0,0.0,0.0,8450,8456,2610
0.0,25.0,16.0,0.0,0.0,1.0,0.0,17808,22146,23932
0.0,35.0,16.0,0.0,0.0,0.0,0.0,25862,25244,25565
0.0,34.0,18.0,0.0,0.0,0.0,0.0,25862,25244,25565
0.0,33.0,12.0,0.0,0.0,1.0,0.0,23137,22248,20536
0.0,43.0,16.0,1.0,0.0,1.0,0.0,11287,16380,19286
0.0,40.0,9.0,1.0,0.0,1.0,1.0,5055,7138,10362
0.0,35.0,12.0,0.0,0.0,0.0,0.0,15506,15579,7316
0.0,26.0,6.0,1.0,0.0,0.0,1.0,11865,13118,16932
0.0,51.0,12.0,0.0,0.0,1.0,0.0,23090,23500,25565
0.0,53.0,12.0,0.0,0.0,1.0,0.0,17304,22877,24428
0.0,20.0,13.0,0.0,0.0,0.0,0.0,102,43,3242
0.0,24.0,12.0,0.0,0.0,1.0,0.0,15382,18859,24174
0.0,33.0,9.0,0.0,0.0,1.0,1.0,20372,19876,17031
0.0,22.0,13.0,0.0,0.0,1.0,0.0,13842,14836,16243
0.0,47.0,9.0,0.0,0.0,1.0,1.0,0,0,4984
0.0,21.0,9.0,0.0,0.0,1.0,1.0,11156,8441,1213
0.0,35.0,16.0,0.0,0.0,1.0,0.0,0,0,0
0.0,37.0,12.0,0.0,0.0,1.0,0.0,17751,7401,23471
0.0,41.0,14.0,0.0,0.0,1.0,0.0,25862,25244,25565
0.0,16.0,10.0,0.0,0.0,0.0,1.0,0,0,3514
0.0,25.0,17.0,0.0,0.0,1.0,0.0,18813,17833,20063
0.0,45.0,1.0,0.0,1.0,1.0,1.0,5094,4297,4433
0.0,28.0,16.0,0.0,0.0,1.0,0.0,19526,21221,20274
0.0,44.0,12.0,0.0,0.0,1.0,0.0,25862,21713,24530
0.0,18.0,11.0,0.0,0.0,0.0,1.0,4013,2954,9199
0.0,23.0,12.0,0.0,0.0,1.0,0.0,11748,11524,20008
0.0,26.0,16.0,0.0,0.0,1.0,0.0,13207,13918,14356
0.0,42.0,12.0,0.0,0.0,1.0,0.0,18656,11676,17715
0.0,37.0,7.0,0.0,0.0,1.0,1.0,9804,10686,9497
0.0,39.0,8.0,0.0,0.0,1.0,1.0,11146,0,0
0.0,42.0,12.0,0.0,0.0,1.0,0.0,21434,25244,24835
0.0,18.0,12.0,0.0,0.0,0.0,0.0,1156,1663,8422
0.0,42.0,5.0,1.0,0.0,1.0,1.0,13691,13843,13490
0.0,40.0,9.0,1.0,0.0,1.0,1.0,18045,21799,19046
0.0,35.0,12.0,1.0,0.0,1.0,0.0,0,0,0
0.0,46.0,12.0,0.0,0.0,1.0,0.0,987,15698,2419
0.0,16.0,9.0,0.0,0.0,0.0,1.0,0,2843,2882
0.0,18.0,11.0,1.0,0.0,0.0,1.0,2069,1624,20243
0.0,27.0,14.0,0.0,0.0,1.0,0.0,6832,0,0
0.0,41.0,12.0,0.0,0.0,1.0,0.0,25862,25244,25565
0.0,29.0,14.0,0.0,0.0,0.0,0.0,13252,13785,13670
0.0,28.0,12.0,0.0,0.0,1.0,0.0,14693,15979,17582
0.0,20.0,12.0,1.0,0.0,0.0,0.0,11665,12740,16285
0.0,39.0,12.0,0.0,0.0,1.0,0.0,25862,25244,25565
0.0,34.0,8.0,1.0,0.0,0.0,1.0,9177,2904,263
0.0,24.0,16.0,0.0,0.0,1.0,0.0,11191,13229,17541
0.0,24.0,12.0,0.0,0.0,1.0,0.0,11426,10438,0
0.0,29.0,12.0,0.0,0.0,1.0,0.0,13915,11410,17349
0.0,50.0,11.0,0.0,0.0,1.0,1.0,0,0,0
0.0,40.0,12.0,0.0,0.0,1.0,0.0,2353,1010,888
0.0,27.0,12.0,0.0,0.0,1.0,0.0,25733,20286,19058
0.0,45.0,10.0,1.0,0.0,1.0,1.0,11401,12257,13586
0.0,21.0,15.0,1.0,0.0,0.0,0.0,3609,2172,13920
0.0,20.0,12.0,1.0,0.0,0.0,0.0,13899,13780,15232
0.0,27.0,12.0,1.0,0.0,1.0,0.0,22596,25244,25135
0.0,39.0,13.0,0.0,0.0,1.0,0.0,0,0,8711
0.0,43.0,11.0,0.0,0.0,1.0,1.0,6522,9324,16047
0.0,30.0,16.0,0.0,0.0,1.0,0.0,21952,20875,21387
0.0,28.0,9.0,0.0,0.0,1.0,1.0,14540,13042,0
0.0,48.0,12.0,0.0,0.0,1.0,0.0,25862,25244,25565
0.0,33.0,7.0,1.0,0.0,1.0,1.0,19724,18412,21819
0.0,33.0,12.0,0.0,1.0,1.0,0.0,20952,20121,829
0.0,30.0,15.0,0.0,0.0,1.0,0.0,22379,20062,22682
0.0,42.0,15.0,0.0,1.0,1.0,0.0,25862,21634,25565
0.0,26.0,7.0,0.0,0.0,1.0,1.0,237,5740,3996
0.0,34.0,12.0,0.0,0.0,1.0,0.0,25500,19276,25565
0.0,20.0,9.0,0.0,0.0,1.0,1.0,1558,0,6526
0.0,27.0,7.0,0.0,0.0,1.0,1.0,14585,15406,6597
0.0,46.0,12.0,0.0,0.0,1.0,0.0,9794,21484,17733
0.0,30.0,12.0,0.0,0.0,1.0,0.0,13166,12174,14621
0.0,50.0,10.0,0.0,0.0,1.0,1.0,22933,21190,0
0.0,37.0,11.0,0.0,0.0,1.0,1.0,18466,14093,3682
0.0,29.0,7.0,0.0,0.0,1.0,1.0,9150,3409,6087
0.0,23.0,16.0,0.0,0.0,1.0,0.0,2990,15601,0
0.0,31.0,15.0,0.0,0.0,1.0,0.0,13613,15937,16887
0.0,29.0,16.0,0.0,0.0,1.0,0.0,18727,19699,18692
0.0,36.0,13.0,0.0,1.0,1.0,0.0,14373,14475,16508
0.0,34.0,11.0,0.0,0.0,1.0,1.0,0,5444,0
0.0,20.0,14.0,0.0,0.0,0.0,0.0,0,6399,25240
0.0,35.0,12.0,0.0,0.0,1.0,0.0,21105,22136,21958
0.0,34.0,12.0,0.0,1.0,1.0,0.0,17020,21643,12097
0.0,54.0,0.0,0.0,1.0,1.0,1.0,0,0,9036
0.0,27.0,12.0,0.0,0.0,1.0,0.0,25862,18489,25565
0.0,42.0,3.0,0.0,0.0,1.0,1.0,5453,3223,3493
0.0,18.0,7.0,0.0,0.0,0.0,1.0,0,2327,2524
0.0,16.0,8.0,0.0,0.0,0.0,1.0,0,0,0
0.0,34.0,12.0,0.0,0.0,1.0,0.0,10417,0,0
0.0,17.0,11.0,0.0,0.0,0.0,1.0,478,0,12666
0.0,20.0,12.0,0.0,0.0,1.0,0.0,6495,0,2366
0.0,48.0,12.0,0.0,0.0,1.0,0.0,19861,17481,18491
0.0,51.0,11.0,0.0,0.0,1.0,1.0,15282,13965,13447
0.0,29.0,12.0,0.0,0.0,1.0,0.0,12735,18317,7610
0.0,42.0,12.0,0.0,0.0,1.0,0.0,18521,9242,25114
0.0,37.0,12.0,1.0,0.0,0.0,0.0,4330,1040,22878
0.0,24.0,13.0,0.0,0.0,1.0,0.0,12385,15255,25565
0.0,46.0,5.0,0.0,0.0,1.0,1.0,17600,17065,21217
0.0,16.0,10.0,0.0,0.0,0.0,1.0,0,0,5244
0.0,29.0,12.0,0.0,0.0,1.0,0.0,4998,7344,12612
0.0,27.0,13.0,0.0,0.0,1.0,0.0,25862,25244,0
0.0,26.0,14.0,0.0,0.0,1.0,0.0,25862,25244,22823
0.0,42.0,12.0,0.0,1.0,1.0,0.0,0,0,0
0.0,23.0,12.0,0.0,1.0,0.0,0.0,12633,12949,0
0.0,23.0,15.0,0.0,0.0,0.0,0.0,8975,8150,22225
0.0,26.0,16.0,1.0,0.0,1.0,0.0,5604,12249,13286
0.0,34.0,9.0,1.0,0.0,1.0,1.0,18535,9091,14965
0.0,32.0,17.0,0.0,0.0,1.0,0.0,25862,25244,25565
0.0,26.0,13.0,0.0,0.0,1.0,0.0,13378,14745,16208
0.0,48.0,8.0,0.0,0.0,1.0,1.0,7251,8529,6316
0.0,18.0,11.0,0.0,0.0,0.0,1.0,1227,632,3405
0.0,16.0,5.0,1.0,0.0,0.0,1.0,0,3486,3465
0.0,26.0,12.0,0.0,0.0,1.0,0.0,22298,17713,8758
0.0,24.0,12.0,0.0,0.0,1.0,0.0,24795,24245,25565
0.0,28.0,16.0,0.0,0.0,1.0,0.0,22441,16614,0
0.0,51.0,7.0,0.0,0.0,1.0,1.0,9158,10672,12917
0.0,24.0,10.0,0.0,0.0,0.0,1.0,15284,16202,13218
0.0,23.0,14.0,0.0,0.0,0.0,0.0,17077,12486,18946
0.0,38.0,8.0,0.0,0.0,1.0,1.0,25561,24959,25565
0.0,49.0,3.0,0.0,1.0,1.0,1.0,5363,5366,3750
0.0,43.0,16.0,0.0,0.0,1.0,0.0,25275,18575,25565
0.0,27.0,12.0,0.0,0.0,1.0,0.0,15578,18148,18910
0.0,39.0,12.0,0.0,0.0,1.0,0.0,21734,20589,25565
0.0,33.0,12.0,0.0,0.0,1.0,0.0,25862,25244,25565
0.0,18.0,11.0,0.0,0.0,0.0,1.0,2002,5070,16292
0.0,31.0,12.0,0.0,0.0,1.0,0.0,25862,25244,25565
0.0,23.0,12.0,1.0,0.0,1.0,0.0,13241,6592,6923
0.0,26.0,6.0,0.0,0.0,1.0,1.0,11585,14931,10216
0.0,22.0,12.0,0.0,0.0,1.0,0.0,10147,9766,10659
0.0,48.0,8.0,0.0,0.0,1.0,1.0,15766,8388,20558
0.0,16.0,10.0,0.0,0.0,0.0,1.0,925,1613,3845
0.0,54.0,12.0,0.0,0.0,1.0,0.0,17921,17644,18475
0.0,44.0,14.0,0.0,0.0,1.0,0.0,24393,25244,25565
0.0,50.0,12.0,0.0,0.0,1.0,0.0,19555,16741,21594
0.0,28.0,13.0,0.0,0.0,1.0,0.0,18554,20193,25565
0.0,17.0,11.0,0.0,0.0,0.0,1.0,0,1484,9279
0.0,51.0,13.0,0.0,0.0,1.0,0.0,25862,25244,25565
0.0,28.0,12.0,0.0,0.0,1.0,0.0,25862,25244,25565
0.0,34.0,11.0,0.0,0.0,1.0,1.0,25862,25244,25565
0.0,28.0,16.0,0.0,0.0,1.0,0.0,21242,25244,1921
0.0,27.0,14.0,0.0,0.0,1.0,0.0,19702,20263,15924
0.0,39.0,7.0,0.0,1.0,1.0,1.0,603,5747,7646
0.0,27.0,12.0,0.0,1.0,1.0,0.0,25096,23690,25565
0.0,27.0,12.0,0.0,1.0,1.0,0.0,12437,13374,15422
0.0,29.0,17.0,0.0,0.0,1.0,0.0,19522,20678,13368
0.0,52.0,10.0,0.0,0.0,1.0,1.0,6299,5097,0
0.0,34.0,12.0,0.0,0.0,0.0,0.0,11448,7220,9242
0.0,45.0,14.0,0.0,0.0,0.0,0.0,7923,6980,7004
0.0,29.0,12.0,0.0,0.0,1.0,0.0,14769,11147,6421
0.0,26.0,12.0,0.0,0.0,1.0,0.0,15202,18904,24310
0.0,32.0,16.0,0.0,0.0,1.0,0.0,4283,7032,4238
0.0,28.0,11.0,0.0,0.0,1.0,1.0,25862,24855,24799
0.0,43.0,12.0,0.0,0.0,1.0,0.0,25862,23244,25565
0.0,23.0,12.0,0.0,1.0,0.0,0.0,19371,645,25565
0.0,30.0,3.0,0.0,1.0,1.0,1.0,13241,13361,25565
0.0,43.0,6.0,0.0,1.0,1.0,1.0,21744,24667,25565
0.0,23.0,12.0,0.0,0.0,0.0,0.0,5541,7240,18042
0.0,25.0,3.0,0.0,1.0,0.0,1.0,10696,10103,18733
0.0,31.0,16.0,0.0,0.0,1.0,0.0,23125,14104,6267
0.0,39.0,10.0,0.0,0.0,1.0,1.0,25862,25244,25565
0.0,18.0,12.0,0.0,0.0,0.0,0.0,5457,7586,12946
0.0,46.0,12.0,0.0,0.0,1.0,0.0,25862,25244,25565
0.0,44.0,18.0,0.0,0.0,1.0,0.0,25862,15997,0
0.0,26.0,16.0,0.0,0.0,1.0,0.0,11834,0,0
0.0,22.0,15.0,0.0,0.0,0.0,0.0,2886,4583,20679
0.0,34.0,13.0,0.0,0.0,0.0,0.0,10417,19176,22905
0.0,51.0,17.0,0.0,0.0,0.0,0.0,1087,0,10391
0.0,16.0,10.0,0.0,0.0,0.0,1.0,0,4769,13137
0.0,54.0,12.0,0.0,0.0,1.0,0.0,25862,25244,25565
0.0,26.0,18.0,0.0,1.0,1.0,0.0,19009,18754,25565
0.0,25.0,18.0,0.0,0.0,1.0,0.0,0,0,20690
0.0,29.0,12.0,1.0,0.0,1.0,0.0,23915,16147,25565
0.0,23.0,14.0,1.0,0.0,0.0,0.0,0,56,0
0.0,34.0,12.0,1.0,0.0,1.0,0.0,0,0,0
0.0,38.0,14.0,1.0,0.0,0.0,0.0,22410,22042,25565
0.0,28.0,18.0,0.0,0.0,0.0,0.0,276,0,0
0.0,37.0,16.0,0.0,0.0,1.0,0.0,13350,13857,17703
0.0,25.0,12.0,0.0,0.0,0.0,0.0,7263,10305,10542
0.0,53.0,16.0,0.0,0.0,1.0,0.0,3870,9345,15294
0.0,26.0,16.0,0.0,0.0,0.0,0.0,0,1901,25309
0.0,40.0,5.0,0.0,1.0,1.0,1.0,0,0,8085
0.0,55.0,12.0,1.0,0.0,0.0,0.0,12843,10661,8051
0.0,53.0,13.0,1.0,0.0,0.0,0.0,9195,8601,8662
0.0,23.0,13.0,0.0,1.0,1.0,0.0,4888,12665,4172
0.0,21.0,11.0,0.0,0.0,0.0,1.0,9706,10733,3437
0.0,26.0,16.0,0.0,0.0,0.0,0.0,10541,14913,5212
0.0,26.0,16.0,0.0,0.0,0.0,0.0,135,0,0
0.0,25.0,15.0,0.0,0.0,0.0,0.0,7808,14582,15061
0.0,52.0,16.0,0.0,0.0,0.0,0.0,25862,25244,24359
0.0,30.0,12.0,1.0,0.0,0.0,0.0,0,0,1899
0.0,25.0,16.0,0.0,0.0,0.0,0.0,25651,4789,1252
0.0,48.0,13.0,1.0,0.0,1.0,0.0,5978,5749,6005
0.0,34.0,18.0,0.0,0.0,0.0,0.0,22359,25244,25565
0.0,32.0,12.0,0.0,0.0,0.0,0.0,25862,25244,25565
0.0,16.0,9.0,1.0,0.0,0.0,1.0,0,0,2159
0.0,32.0,12.0,0.0,0.0,1.0,0.0,2815,0,0
0.0,33.0,17.0,0.0,0.0,1.0,0.0,25862,25244,25565
0.0,41.0,7.0,0.0,0.0,1.0,1.0,25862,25244,25565
0.0,26.0,12.0,1.0,0.0,1.0,0.0,18729,18548,18464
0.0,38.0,18.0,0.0,1.0,1.0,0.0,0,0,0
0.0,40.0,12.0,0.0,0.0,1.0,0.0,22330,23926,23718
0.0,19.0,12.0,0.0,0.0,0.0,0.0,4628,7245,3786
0.0,16.0,10.0,0.0,0.0,0.0,1.0,0,0,23209
0.0,28.0,14.0,0.0,0.0,0.0,0.0,1920,6821,25565
0.0,26.0,14.0,0.0,0.0,0.0,0.0,22132,25244,25565
0.0,21.0,16.0,0.0,0.0,0.0,0.0,165,5862,8161
0.0,36.0,17.0,0.0,0.0,1.0,0.0,0,0,0
0.0,28.0,14.0,0.0,0.0,1.0,0.0,17767,20628,22928
0.0,39.0,10.0,0.0,0.0,1.0,1.0,25862,25244,25565
0.0,31.0,15.0,0.0,0.0,1.0,0.0,25862,25244,22117
0.0,21.0,13.0,0.0,0.0,0.0,0.0,11646,10631,12803
0.0,23.0,12.0,0.0,0.0,1.0,0.0,11062,9874,18476
0.0,52.0,12.0,0.0,0.0,1.0,0.0,22575,19405,25565
0.0,53.0,16.0,0.0,0.0,0.0,0.0,0,0,0
0.0,49.0,12.0,0.0,0.0,1.0,0.0,0,0,0
0.0,29.0,6.0,0.0,1.0,1.0,1.0,8542,6701,7197
0.0,47.0,5.0,0.0,1.0,1.0,1.0,22874,25244,17733
0.0,51.0,2.0,0.0,1.0,1.0,1.0,23266,25244,14777
0.0,37.0,3.0,0.0,1.0,1.0,1.0,9326,9045,14665
0.0,39.0,15.0,0.0,0.0,1.0,0.0,0,0,0
0.0,31.0,10.0,0.0,0.0,1.0,1.0,21526,25244,25565
0.0,46.0,12.0,0.0,0.0,1.0,0.0,22923,24438,25565
0.0,28.0,14.0,0.0,0.0,1.0,0.0,21142,8592,25565
0.0,26.0,13.0,0.0,0.0,1.0,0.0,15198,15391,18179
0.0,26.0,12.0,0.0,0.0,1.0,0.0,17481,17404,17620
0.0,52.0,8.0,0.0,0.0,0.0,1.0,18946,16564,12007
0.0,40.0,15.0,0.0,0.0,0.0,0.0,0,0,0
0.0,28.0,14.0,0.0,0.0,0.0,0.0,13327,13442,21504
0.0,34.0,13.0,0.0,0.0,0.0,0.0,0,0,0
0.0,19.0,13.0,0.0,0.0,0.0,0.0,509,3291,7844
0.0,23.0,15.0,0.0,0.0,1.0,0.0,12,2968,12833
0.0,22.0,13.0,0.0,0.0,1.0,0.0,17259,17601,10044
0.0,29.0,13.0,0.0,0.0,1.0,0.0,25862,22807,24527
0.0,33.0,14.0,0.0,0.0,1.0,0.0,19428,23688,25565
0.0,51.0,12.0,0.0,0.0,0.0,0.0,25862,25244,25565
0.0,18.0,12.0,0.0,0.0,0.0,0.0,3632,1887,5407
0.0,51.0,16.0,0.0,0.0,1.0,0.0,25862,25244,25565
0.0,20.0,14.0,0.0,0.0,0.0,0.0,0,0,2963
0.0,39.0,12.0,0.0,0.0,1.0,0.0,13597,13848,18779
0.0,28.0,17.0,0.0,0.0,0.0,0.0,13732,11995,7013
0.0,51.0,12.0,0.0,0.0,1.0,0.0,10649,4435,0
0.0,29.0,8.0,0.0,1.0,1.0,1.0,24142,20102,25565
0.0,33.0,6.0,0.0,1.0,1.0,1.0,23215,15359,8877
0.0,52.0,9.0,0.0,0.0,1.0,1.0,8325,8735,6492
0.0,49.0,14.0,0.0,0.0,0.0,0.0,23707,19267,20891
0.0,45.0,12.0,0.0,0.0,1.0,0.0,25862,25244,24387
0.0,34.0,16.0,0.0,0.0,1.0,0.0,16869,15826,25565
0.0,42.0,12.0,0.0,0.0,1.0,0.0,25862,25244,0
0.0,31.0,12.0,1.0,0.0,0.0,0.0,3873,0,24360
0.0,52.0,18.0,0.0,0.0,0.0,0.0,6270,0,0
0.0,50.0,17.0,0.0,0.0,0.0,0.0,11109,15173,15386
0.0,45.0,11.0,0.0,0.0,1.0,1.0,21456,22642,17338
0.0,33.0,13.0,0.0,0.0,1.0,0.0,7394,2361,0
0.0,51.0,18.0,0.0,0.0,1.0,0.0,22667,25244,23029
0.0,17.0,11.0,0.0,0.0,0.0,1.0,0,0,0
0.0,26.0,14.0,0.0,0.0,0.0,0.0,0,0,6718
0.0,48.0,4.0,0.0,1.0,1.0,1.0,18791,18399,25565
0.0,25.0,12.0,0.0,1.0,1.0,0.0,17678,18335,25565
0.0,20.0,12.0,0.0,0.0,0.0,0.0,1127,1037,2382
0.0,31.0,12.0,0.0,0.0,1.0,0.0,25790,25244,25565
0.0,22.0,15.0,0.0,0.0,0.0,0.0,1360,0,0
0.0,16.0,10.0,0.0,1.0,0.0,1.0,0,713,6233
0.0,47.0,16.0,0.0,0.0,1.0,0.0,19906,1588,9765
0.0,19.0,13.0,0.0,0.0,0.0,0.0,0,2544,6171
0.0,31.0,17.0,0.0,0.0,1.0,0.0,0,1618,0
0.0,48.0,12.0,0.0,0.0,1.0,0.0,24009,23120,25565
0.0,35.0,12.0,0.0,0.0,1.0,0.0,21785,22952,25510
0.0,38.0,14.0,0.0,0.0,0.0,0.0,8441,0,5991
0.0,26.0,12.0,0.0,1.0,1.0,0.0,18450,21165,24096
0.0,52.0,12.0,0.0,0.0,1.0,0.0,19307,21931,1939
0.0,38.0,14.0,0.0,0.0,1.0,0.0,18682,18476,17238
0.0,23.0,14.0,0.0,0.0,1.0,0.0,16844,23256,25565
0.0,40.0,8.0,0.0,0.0,1.0,1.0,13117,12536,7074
0.0,51.0,9.0,0.0,0.0,1.0,1.0,25862,25244,25565
0.0,39.0,10.0,0.0,0.0,1.0,1.0,22067,19907,25565
0.0,49.0,5.0,0.0,1.0,1.0,1.0,9209,5226,14771
0.0,18.0,11.0,0.0,1.0,0.0,1.0,3503,1325,14264
0.0,38.0,16.0,0.0,0.0,1.0,0.0,16117,19352,19020
0.0,37.0,16.0,0.0,0.0,1.0,0.0,25557,25244,25565
0.0,30.0,18.0,0.0,0.0,1.0,0.0,25862,25244,25565
0.0,18.0,11.0,0.0,0.0,0.0,1.0,1403,5357,0
0.0,37.0,8.0,0.0,0.0,0.0,1.0,25862,25244,25565
0.0,36.0,18.0,0.0,0.0,0.0,0.0,25862,25244,25565
0.0,23.0,9.0,0.0,1.0,1.0,1.0,8431,8733,18964
0.0,23.0,13.0,0.0,0.0,1.0,0.0,13237,14394,281
0.0,27.0,12.0,0.0,1.0,1.0,0.0,24563,24791,25565
0.0,24.0,12.0,0.0,0.0,0.0,0.0,0,6126,25565
0.0,44.0,14.0,0.0,0.0,1.0,0.0,18758,19531,23747
0.0,16.0,10.0,0.0,0.0,0.0,1.0,0,0,11139
0.0,33.0,12.0,0.0,0.0,1.0,0.0,0,0,0
0.0,52.0,12.0,0.0,0.0,1.0,0.0,25862,25244,25565
0.0,17.0,10.0,0.0,0.0,0.0,1.0,0,3103,7041
0.0,36.0,14.0,0.0,0.0,1.0,0.0,9602,20354,25565
0.0,20.0,13.0,1.0,0.0,0.0,0.0,5094,4388,25565
0.0,32.0,9.0,0.0,0.0,1.0,1.0,20349,22877,25565
0.0,21.0,12.0,0.0,1.0,1.0,0.0,13125,11827,14922
0.0,50.0,8.0,0.0,1.0,0.0,1.0,22833,23981,23242
0.0,20.0,12.0,0.0,1.0,0.0,0.0,3317,4347,0
0.0,27.0,12.0,0.0,1.0,1.0,0.0,12900,4388,7597
0.0,36.0,12.0,0.0,0.0,1.0,0.0,12255,2637,0
0.0,50.0,14.0,0.0,0.0,1.0,0.0,25862,25244,25565
0.0,41.0,15.0,0.0,0.0,1.0,0.0,0,0,0
0.0,23.0,12.0,0.0,0.0,1.0,0.0,12292,6966,25565
0.0,21.0,9.0,0.0,0.0,1.0,1.0,17500,14609,9045
0.0,29.0,12.0,0.0,0.0,0.0,0.0,0,0,0
0.0,46.0,8.0,0.0,1.0,1.0,1.0,23985,21400,19275
0.0,18.0,11.0,0.0,1.0,0.0,1.0,3913,5958,1623
0.0,27.0,16.0,0.0,0.0,0.0,0.0,12712,15952,16527
0.0,37.0,12.0,0.0,0.0,1.0,0.0,25862,25244,25565
0.0,35.0,16.0,0.0,0.0,1.0,0.0,25862,25244,25565
0.0,29.0,17.0,0.0,0.0,1.0,0.0,0,23331,25565
0.0,36.0,13.0,0.0,0.0,1.0,0.0,22171,22939,24646
0.0,21.0,12.0,0.0,0.0,0.0,0.0,7314,4630,12963
0.0,29.0,9.0,0.0,1.0,1.0,1.0,20639,23027,25565
0.0,55.0,11.0,0.0,0.0,1.0,1.0,12191,13100,17521
0.0,19.0,12.0,0.0,0.0,0.0,0.0,453,2378,21236
0.0,17.0,11.0,0.0,0.0,0.0,1.0,0,0,8459
0.0,52.0,12.0,0.0,0.0,1.0,0.0,0,0,0
0.0,49.0,12.0,0.0,0.0,1.0,0.0,25862,25244,25565
0.0,26.0,16.0,0.0,0.0,1.0,0.0,14875,17142,25565
0.0,20.0,12.0,0.0,0.0,1.0,0.0,3215,11490,9901
0.0,26.0,16.0,0.0,0.0,1.0,0.0,4234,0,0
0.0,20.0,14.0,0.0,0.0,0.0,0.0,147,2866,5793
0.0,34.0,12.0,0.0,0.0,1.0,0.0,25862,25244,25565
0.0,29.0,17.0,0.0,0.0,1.0,0.0,24687,22594,25565
0.0,33.0,14.0,0.0,0.0,1.0,0.0,0,0,0
0.0,26.0,12.0,0.0,0.0,0.0,0.0,11752,3887,0
0.0,23.0,12.0,1.0,0.0,0.0,0.0,0,0,0
0.0,55.0,11.0,0.0,0.0,0.0,1.0,0,0,0
0.0,41.0,8.0,0.0,0.0,1.0,1.0,16225,16931,18412
0.0,33.0,13.0,0.0,0.0,1.0,0.0,20300,22279,24343
0.0,33.0,14.0,0.0,0.0,1.0,0.0,25862,25244,0
0.0,27.0,16.0,0.0,0.0,1.0,0.0,21885,22137,0
0.0,28.0,12.0,1.0,0.0,0.0,0.0,16722,4254,7315
0.0,42.0,12.0,0.0,0.0,1.0,0.0,25862,25244,25565
0.0,17.0,11.0,0.0,0.0,0.0,1.0,223,0,12395
0.0,52.0,13.0,0.0,0.0,1.0,0.0,5878,6032,3105
0.0,25.0,14.0,0.0,0.0,0.0,0.0,2210,9940,5902
0.0,36.0,12.0,0.0,1.0,1.0,0.0,13127,14306,12674
0.0,24.0,14.0,1.0,0.0,0.0,0.0,7030,4399,853
0.0,21.0,12.0,1.0,0.0,1.0,0.0,14585,15200,3620
0.0,34.0,18.0,0.0,0.0,1.0,0.0,7912,18994,1232
0.0,45.0,12.0,0.0,0.0,1.0,0.0,9491,17966,25565
0.0,28.0,7.0,0.0,1.0,1.0,1.0,18141,19353,14557
0.0,43.0,16.0,0.0,1.0,1.0,0.0,0,464,542
0.0,31.0,18.0,0.0,0.0,1.0,0.0,25862,25244,25565
0.0,19.0,10.0,0.0,0.0,0.0,1.0,905,3645,14508
0.0,51.0,8.0,0.0,0.0,1.0,1.0,25862,25244,25565
0.0,54.0,12.0,0.0,0.0,1.0,0.0,19983,19960,17207
0.0,52.0,12.0,0.0,0.0,0.0,0.0,12324,11906,11837
0.0,45.0,10.0,0.0,0.0,1.0,1.0,13868,9376,10043
0.0,49.0,11.0,0.0,1.0,1.0,1.0,17965,18564,17548
0.0,21.0,12.0,0.0,0.0,0.0,0.0,3617,5475,1580
0.0,44.0,11.0,0.0,1.0,1.0,1.0,22067,14229,25565
0.0,36.0,13.0,0.0,1.0,1.0,0.0,25862,25244,19250
0.0,36.0,14.0,0.0,1.0,1.0,0.0,24175,12360,25565
0.0,30.0,12.0,0.0,0.0,1.0,0.0,12547,25244,25565
0.0,42.0,12.0,0.0,0.0,0.0,0.0,14937,16548,25019
0.0,48.0,16.0,0.0,0.0,1.0,0.0,18006,16587,19205
0.0,20.0,12.0,0.0,0.0,0.0,0.0,9902,6050,22652
0.0,41.0,10.0,0.0,0.0,1.0,1.0,17528,14915,19434
0.0,19.0,12.0,0.0,0.0,0.0,0.0,7890,11410,3857
0.0,42.0,1.0,0.0,1.0,1.0,1.0,25862,23947,25565
0.0,26.0,14.0,0.0,1.0,1.0,0.0,15715,15313,17917
0.0,21.0,14.0,0.0,1.0,1.0,0.0,827,5144,0
0.0,45.0,16.0,0.0,0.0,0.0,0.0,25862,17792,24416
0.0,27.0,15.0,0.0,0.0,0.0,0.0,3307,18029,23573
0.0,28.0,16.0,0.0,0.0,0.0,0.0,16628,24740,21740
0.0,38.0,12.0,0.0,0.0,1.0,0.0,19740,20857,21643
0.0,29.0,12.0,0.0,0.0,1.0,0.0,25862,25244,25565
0.0,32.0,14.0,0.0,0.0,0.0,0.0,24816,24091,20540
0.0,55.0,3.0,0.0,0.0,0.0,1.0,16967,15939,11439
0.0,25.0,12.0,0.0,0.0,1.0,0.0,14885,15134,25077
0.0,52.0,8.0,0.0,0.0,0.0,1.0,12134,12307,13610
0.0,34.0,14.0,0.0,0.0,0.0,0.0,25862,25244,25565
0.0,30.0,16.0,0.0,0.0,1.0,0.0,25862,25244,25565
0.0,20.0,13.0,0.0,0.0,0.0,0.0,3425,5179,9273
0.0,42.0,7.0,0.0,0.0,1.0,1.0,21358,22612,13768
0.0,27.0,12.0,0.0,0.0,1.0,0.0,4044,3232,7241
0.0,37.0,12.0,0.0,1.0,1.0,0.0,0,9868,14767
0.0,21.0,12.0,0.0,1.0,1.0,0.0,10654,10151,19200
0.0,26.0,11.0,0.0,0.0,1.0,1.0,10796,15316,13277
0.0,20.0,11.0,0.0,0.0,1.0,1.0,90,2720,5284
0.0,36.0,12.0,0.0,1.0,1.0,0.0,18337,1216,22958
0.0,32.0,13.0,0.0,0.0,1.0,0.0,25862,25244,0
0.0,18.0,12.0,0.0,0.0,0.0,0.0,7122,6155,1125
0.0,29.0,18.0,0.0,0.0,0.0,0.0,3660,5647,17233
0.0,34.0,17.0,0.0,0.0,1.0,0.0,20602,20802,5172
0.0,22.0,12.0,0.0,0.0,1.0,0.0,9022,0,3343
0.0,28.0,12.0,0.0,1.0,1.0,0.0,0,0,0
0.0,26.0,13.0,0.0,0.0,1.0,0.0,25694,25244,25565
0.0,22.0,12.0,0.0,0.0,1.0,0.0,10163,10257,5015
0.0,25.0,11.0,0.0,1.0,0.0,1.0,15071,7553,9839
0.0,35.0,12.0,0.0,0.0,1.0,0.0,19710,16038,15200
0.0,52.0,6.0,0.0,1.0,1.0,1.0,9642,7299,6818
0.0,46.0,12.0,0.0,0.0,1.0,0.0,25862,25244,25565
0.0,27.0,13.0,0.0,0.0,0.0,0.0,16407,3427,5345
0.0,33.0,18.0,0.0,0.0,1.0,0.0,15672,18573,20261
0.0,33.0,12.0,0.0,1.0,1.0,0.0,21644,25244,25565
0.0,25.0,13.0,0.0,0.0,1.0,0.0,13780,12310,13846
0.0,31.0,16.0,0.0,0.0,1.0,0.0,25470,25244,25565
0.0,34.0,16.0,0.0,0.0,1.0,0.0,25862,25244,24461
0.0,38.0,11.0,0.0,0.0,1.0,1.0,15031,12162,24286
0.0,34.0,12.0,0.0,0.0,1.0,0.0,25862,25244,0
0.0,27.0,15.0,0.0,0.0,1.0,0.0,16552,2506,25565
0.0,43.0,16.0,0.0,0.0,1.0,0.0,0,0,0
0.0,20.0,12.0,0.0,0.0,0.0,0.0,2839,1738,0
0.0,31.0,18.0,0.0,0.0,1.0,0.0,22861,22780,25565
0.0,18.0,11.0,0.0,0.0,0.0,1.0,0,0,1160
0.0,50.0,6.0,0.0,1.0,1.0,1.0,15874,18927,17515
0.0,41.0,4.0,0.0,1.0,1.0,1.0,8213,8434,11433
0.0,45.0,2.0,0.0,1.0,1.0,1.0,14934,17559,16853
0.0,53.0,2.0,0.0,1.0,1.0,1.0,7796,9784,443
0.0,41.0,12.0,0.0,1.0,1.0,0.0,25862,25244,25565
0.0,27.0,11.0,0.0,1.0,1.0,1.0,20361,20225,19645
0.0,42.0,18.0,0.0,0.0,1.0,0.0,15993,156,17171
0.0,20.0,12.0,0.0,0.0,1.0,0.0,6213,8620,14888
0.0,47.0,12.0,0.0,0.0,0.0,0.0,22776,23129,21897
0.0,55.0,14.0,0.0,0.0,1.0,0.0,0,0,0
0.0,27.0,16.0,0.0,0.0,1.0,0.0,12145,17508,20554
0.0,30.0,12.0,0.0,0.0,0.0,0.0,25862,25244,25504
0.0,32.0,18.0,0.0,0.0,1.0,0.0,25860,25244,25565
0.0,44.0,18.0,0.0,0.0,1.0,0.0,25862,25244,25565
0.0,25.0,14.0,0.0,0.0,1.0,0.0,19969,20744,13341
0.0,34.0,12.0,0.0,0.0,1.0,0.0,25169,18841,23601
0.0,32.0,18.0,0.0,0.0,1.0,0.0,18111,19013,21828
0.0,27.0,16.0,0.0,0.0,1.0,0.0,19124,20451,25565
0.0,31.0,18.0,0.0,0.0,1.0,0.0,25862,25244,25565
0.0,29.0,11.0,0.0,0.0,1.0,1.0,2766,8196,13102
0.0,28.0,10.0,0.0,1.0,1.0,1.0,24706,25244,25565
0.0,43.0,10.0,0.0,0.0,0.0,1.0,25862,25244,3258
0.0,20.0,14.0,0.0,0.0,0.0,0.0,1477,4032,0
0.0,50.0,18.0,0.0,0.0,1.0,0.0,25862,0,0
0.0,32.0,13.0,0.0,0.0,1.0,0.0,18070,22005,3270
0.0,22.0,12.0,0.0,0.0,0.0,0.0,25862,13741,25565
0.0,51.0,12.0,0.0,0.0,1.0,0.0,25862,13354,0
0.0,45.0,8.0,0.0,0.0,1.0,1.0,25862,21310,19506
0.0,23.0,17.0,0.0,0.0,1.0,0.0,5214,9476,19915
0.0,28.0,16.0,0.0,0.0,1.0,0.0,6385,5231,25565
0.0,32.0,12.0,0.0,0.0,1.0,0.0,3419,6175,0
0.0,30.0,12.0,0.0,0.0,1.0,0.0,0,0,0
0.0,38.0,10.0,0.0,0.0,1.0,1.0,16593,17595,17168
0.0,32.0,10.0,0.0,0.0,1.0,1.0,4107,19729,25565
0.0,47.0,5.0,0.0,1.0,1.0,1.0,12569,5332,10016
0.0,32.0,11.0,0.0,1.0,1.0,1.0,0,0,0
0.0,41.0,3.0,0.0,1.0,1.0,1.0,10562,12622,5264
0.0,25.0,12.0,0.0,0.0,0.0,0.0,18125,15766,9617
0.0,27.0,16.0,0.0,0.0,1.0,0.0,10188,9668,14742
0.0,32.0,16.0,0.0,0.0,1.0,0.0,25275,24732,25565
0.0,31.0,17.0,0.0,0.0,1.0,0.0,23188,22707,22878
0.0,55.0,11.0,0.0,0.0,1.0,1.0,25862,25244,25565
0.0,26.0,12.0,0.0,1.0,1.0,0.0,9136,13592,16995
0.0,33.0,12.0,0.0,1.0,1.0,0.0,23964,13712,23973
0.0,18.0,12.0,0.0,0.0,0.0,0.0,880,5953,0
0.0,28.0,12.0,0.0,1.0,1.0,0.0,25862,19618,25565
0.0,34.0,13.0,0.0,0.0,1.0,0.0,24638,25244,0
0.0,29.0,7.0,0.0,1.0,1.0,1.0,10366,9707,10719
0.0,30.0,12.0,0.0,0.0,1.0,0.0,22935,25244,0
0.0,31.0,12.0,0.0,0.0,1.0,0.0,14358,25244,25565
0.0,30.0,16.0,0.0,0.0,1.0,0.0,18968,25244,25565
0.0,26.0,13.0,0.0,0.0,1.0,0.0,19779,23734,25565
0.0,43.0,11.0,0.0,0.0,1.0,1.0,22059,21466,25565
0.0,53.0,8.0,0.0,0.0,1.0,1.0,25862,25244,25565
0.0,44.0,9.0,0.0,0.0,1.0,1.0,10043,5366,0
0.0,19.0,12.0,0.0,0.0,0.0,0.0,2426,861,2587
0.0,17.0,10.0,0.0,0.0,0.0,1.0,1164,1840,1688
0.0,20.0,12.0,0.0,0.0,0.0,0.0,4203,7321,16681
0.0,54.0,6.0,0.0,0.0,1.0,1.0,24518,24766,0
0.0,18.0,12.0,0.0,0.0,0.0,0.0,3781,10259,16598
0.0,44.0,12.0,0.0,0.0,1.0,0.0,17242,16471,16403
0.0,19.0,12.0,0.0,0.0,0.0,0.0,5815,8465,0
0.0,24.0,16.0,0.0,0.0,1.0,0.0,10216,24024,25565
0.0,25.0,12.0,0.0,1.0,1.0,0.0,19199,17724,15915
0.0,37.0,12.0,0.0,0.0,0.0,0.0,1174,7115,8085
0.0,53.0,8.0,0.0,0.0,1.0,1.0,20778,7752,14529
0.0,23.0,14.0,0.0,0.0,0.0,0.0,5241,5563,10495
0.0,37.0,4.0,0.0,1.0,1.0,1.0,6977,13168,20223
0.0,29.0,14.0,0.0,0.0,1.0,0.0,0,0,1798
0.0,41.0,14.0,0.0,0.0,1.0,0.0,0,0,0
0.0,26.0,14.0,0.0,0.0,1.0,0.0,14595,22252,25565
0.0,28.0,14.0,0.0,0.0,1.0,0.0,513,0,1500
0.0,23.0,16.0,0.0,0.0,0.0,0.0,1973,12883,19904
0.0,35.0,14.0,0.0,0.0,1.0,0.0,25860,22725,25565
0.0,48.0,16.0,0.0,0.0,1.0,0.0,25862,25244,25565
0.0,19.0,13.0,0.0,0.0,0.0,0.0,4628,3520,2890
0.0,28.0,14.0,0.0,0.0,1.0,0.0,21568,24894,25565
0.0,26.0,12.0,0.0,0.0,1.0,0.0,25429,25244,25565
0.0,16.0,9.0,0.0,1.0,0.0,1.0,480,1083,9283
0.0,27.0,16.0,0.0,0.0,1.0,0.0,25862,25244,25565
0.0,20.0,12.0,0.0,0.0,0.0,0.0,3331,6744,9282
0.0,37.0,16.0,0.0,0.0,1.0,0.0,25862,25244,25565
0.0,53.0,12.0,0.0,0.0,1.0,0.0,0,0,0
0.0,26.0,12.0,0.0,0.0,0.0,0.0,12461,13965,1671
0.0,31.0,18.0,0.0,0.0,1.0,0.0,16591,17098,20891
0.0,31.0,16.0,0.0,0.0,1.0,0.0,25862,20641,1729
0.0,48.0,12.0,0.0,0.0,1.0,0.0,16176,17357,21337
0.0,19.0,8.0,0.0,0.0,1.0,1.0,3405,4476,17334
0.0,47.0,10.0,0.0,0.0,1.0,1.0,17308,25244,25565
0.0,25.0,11.0,0.0,0.0,1.0,1.0,17298,15125,826
0.0,17.0,10.0,0.0,0.0,0.0,1.0,0,569,10332
0.0,27.0,17.0,0.0,0.0,1.0,0.0,14042,0,25565
0.0,26.0,15.0,0.0,0.0,1.0,0.0,11123,12944,20298
0.0,26.0,15.0,0.0,0.0,1.0,0.0,13770,17559,24988
0.0,42.0,14.0,0.0,0.0,1.0,0.0,20664,19532,13886
0.0,21.0,11.0,0.0,0.0,1.0,1.0,8446,9610,16907
0.0,17.0,11.0,0.0,0.0,0.0,1.0,5874,5751,25565
0.0,55.0,12.0,0.0,0.0,1.0,0.0,14405,12233,14980
0.0,18.0,11.0,0.0,0.0,0.0,1.0,2057,2643,9924
0.0,29.0,9.0,0.0,0.0,1.0,1.0,6127,8744,12836
0.0,19.0,12.0,0.0,0.0,1.0,0.0,6830,11471,13162
0.0,25.0,13.0,0.0,1.0,1.0,0.0,14651,14441,15420
0.0,49.0,1.0,0.0,1.0,1.0,1.0,15594,13769,11169
0.0,49.0,12.0,0.0,0.0,1.0,0.0,25862,25244,25565
0.0,27.0,7.0,0.0,0.0,1.0,1.0,20821,15073,6879
0.0,25.0,12.0,0.0,0.0,1.0,0.0,9634,16876,20359
0.0,36.0,16.0,0.0,0.0,1.0,0.0,0,0,0
0.0,38.0,11.0,0.0,0.0,1.0,1.0,25862,23145,23825
0.0,16.0,11.0,0.0,0.0,0.0,1.0,0,1833,15259
0.0,27.0,14.0,0.0,0.0,1.0,0.0,20929,14192,18449
0.0,31.0,13.0,0.0,0.0,1.0,0.0,22990,23425,25565
0.0,50.0,2.0,0.0,1.0,1.0,1.0,4675,9575,5689
0.0,30.0,11.0,0.0,0.0,1.0,1.0,13876,11830,23824
0.0,27.0,16.0,0.0,0.0,1.0,0.0,25862,25244,25565
0.0,36.0,8.0,0.0,1.0,1.0,1.0,21370,25244,25565
0.0,27.0,12.0,0.0,0.0,1.0,0.0,19085,20938,21854
0.0,23.0,12.0,0.0,0.0,1.0,0.0,14340,14378,17551
0.0,20.0,14.0,0.0,0.0,0.0,0.0,2976,7854,0
0.0,19.0,12.0,0.0,0.0,0.0,0.0,8225,1296,0
0.0,21.0,12.0,0.0,0.0,0.0,0.0,18198,11642,9125
0.0,22.0,12.0,1.0,0.0,1.0,0.0,10517,11818,12856
0.0,37.0,11.0,0.0,0.0,1.0,1.0,22108,19364,18024
0.0,17.0,11.0,0.0,0.0,0.0,1.0,2567,134,8592
0.0,26.0,16.0,0.0,0.0,1.0,0.0,15272,15164,14783
0.0,51.0,12.0,0.0,0.0,1.0,0.0,21193,20107,24112
0.0,22.0,13.0,0.0,0.0,1.0,0.0,9495,12783,12166
0.0,25.0,16.0,0.0,0.0,1.0,0.0,7957,14047,12627
0.0,32.0,12.0,0.0,0.0,1.0,0.0,25862,19105,22766
0.0,26.0,12.0,0.0,0.0,0.0,0.0,18744,20170,13125
0.0,31.0,16.0,0.0,0.0,1.0,0.0,21677,25244,25565
0.0,29.0,16.0,0.0,0.0,1.0,0.0,20384,15721,25565
0.0,32.0,9.0,0.0,0.0,0.0,1.0,21013,10821,14634
0.0,48.0,8.0,0.0,0.0,1.0,1.0,18760,24642,16605
0.0,31.0,12.0,0.0,0.0,1.0,0.0,18153,12607,0
0.0,53.0,14.0,0.0,0.0,1.0,0.0,25862,25244,23989
0.0,46.0,18.0,0.0,0.0,1.0,0.0,25862,25244,1182
0.0,23.0,15.0,0.0,0.0,0.0,0.0,7841,11275,20103
0.0,18.0,10.0,0.0,0.0,0.0,1.0,5545,5980,16958
0.0,39.0,12.0,0.0,0.0,1.0,0.0,25862,14749,21927
0.0,21.0,12.0,0.0,0.0,1.0,0.0,11054,4032,16713
0.0,34.0,8.0,1.0,0.0,1.0,1.0,14932,13626,20589
0.0,41.0,12.0,0.0,0.0,0.0,0.0,0,0,0
0.0,28.0,12.0,0.0,0.0,1.0,0.0,6240,6272,15642
0.0,47.0,11.0,0.0,0.0,1.0,1.0,25862,25244,25565
0.0,20.0,13.0,0.0,0.0,0.0,0.0,3631,3864,3876
0.0,27.0,12.0,0.0,0.0,1.0,0.0,12385,14792,15856
0.0,25.0,16.0,0.0,0.0,1.0,0.0,23168,9754,23681
0.0,29.0,11.0,1.0,0.0,1.0,1.0,8372,10733,0
0.0,32.0,12.0,0.0,0.0,0.0,0.0,6201,12940,15640
0.0,27.0,7.0,0.0,0.0,1.0,1.0,5513,6109,15089
0.0,43.0,12.0,0.0,0.0,1.0,0.0,20449,18619,16137
0.0,17.0,10.0,0.0,0.0,0.0,1.0,247,1049,13283
0.0,22.0,8.0,0.0,0.0,1.0,1.0,15668,14593,13846
0.0,31.0,12.0,0.0,0.0,1.0,0.0,25862,25036,23101
0.0,45.0,10.0,0.0,0.0,1.0,1.0,12145,25244,6659
0.0,25.0,16.0,0.0,0.0,1.0,0.0,16905,16415,20574
0.0,29.0,9.0,0.0,0.0,1.0,1.0,11207,2875,13388
0.0,38.0,9.0,0.0,0.0,1.0,1.0,15229,16614,13766
0.0,52.0,8.0,0.0,0.0,1.0,1.0,11793,11019,14053
0.0,45.0,12.0,0.0,0.0,1.0,0.0,0,0,0
0.0,22.0,12.0,0.0,0.0,0.0,0.0,9508,7462,0
0.0,43.0,12.0,0.0,0.0,1.0,0.0,15045,8379,14287
0.0,46.0,12.0,0.0,0.0,1.0,0.0,0,0,0
0.0,18.0,11.0,0.0,0.0,0.0,1.0,890,5188,9175
0.0,43.0,14.0,0.0,0.0,1.0,0.0,21125,21348,20789
0.0,34.0,12.0,1.0,0.0,1.0,0.0,23086,19495,25565
0.0,21.0,10.0,1.0,0.0,1.0,1.0,7794,7958,7177
0.0,29.0,8.0,1.0,0.0,0.0,1.0,7151,10876,5142
0.0,33.0,10.0,0.0,0.0,1.0,1.0,18648,23856,19930
0.0,21.0,12.0,0.0,0.0,1.0,0.0,17159,16935,9845
0.0,35.0,8.0,0.0,0.0,1.0,1.0,19685,25244,22005
0.0,48.0,11.0,0.0,0.0,1.0,1.0,25862,25244,25565
0.0,25.0,14.0,0.0,0.0,1.0,0.0,25862,25244,1253
0.0,25.0,16.0,0.0,0.0,1.0,0.0,25862,24515,25565
0.0,46.0,12.0,0.0,0.0,1.0,0.0,10184,11598,12122
0.0,20.0,13.0,0.0,0.0,0.0,0.0,1891,528,0
0.0,17.0,10.0,0.0,0.0,0.0,1.0,0,911,5901
0.0,28.0,8.0,0.0,0.0,1.0,1.0,3848,11148,6263
0.0,25.0,12.0,0.0,0.0,1.0,0.0,5907,8137,8918
0.0,55.0,16.0,0.0,0.0,1.0,0.0,21019,20034,15642
0.0,42.0,9.0,0.0,0.0,1.0,1.0,24830,25244,0
0.0,30.0,18.0,0.0,0.0,1.0,0.0,20118,19574,19063
0.0,33.0,12.0,0.0,0.0,1.0,0.0,16219,11227,0
0.0,36.0,7.0,1.0,0.0,1.0,1.0,9455,9625,10943
0.0,48.0,12.0,1.0,0.0,1.0,0.0,1775,0,2642
0.0,39.0,8.0,1.0,0.0,1.0,1.0,8346,9238,8584
0.0,27.0,12.0,1.0,0.0,1.0,0.0,18072,14024,15175
0.0,45.0,10.0,1.0,0.0,1.0,1.0,16814,14792,15716
0.0,19.0,12.0,1.0,0.0,0.0,0.0,1489,10060,1556
0.0,26.0,12.0,1.0,0.0,1.0,0.0,15151,14067,23957
0.0,17.0,11.0,1.0,0.0,0.0,1.0,1054,2850,10294
0.0,46.0,12.0,0.0,0.0,1.0,0.0,25862,22066,21158
0.0,35.0,13.0,0.0,0.0,1.0,0.0,7839,7720,0
0.0,21.0,10.0,0.0,0.0,1.0,1.0,13589,11306,6520
0.0,45.0,12.0,0.0,0.0,1.0,0.0,19947,0,6762
0.0,30.0,12.0,0.0,0.0,1.0,0.0,25862,25244,22454
0.0,29.0,12.0,1.0,0.0,1.0,0.0,17308,5473,21731
0.0,25.0,12.0,0.0,0.0,1.0,0.0,15100,8372,13926
0.0,40.0,12.0,0.0,0.0,1.0,0.0,16738,17302,6877
0.0,44.0,16.0,0.0,0.0,1.0,0.0,0,18165,18377
0.0,29.0,16.0,0.0,0.0,1.0,0.0,15049,15193,25565
0.0,43.0,18.0,0.0,0.0,1.0,0.0,25862,25244,25565
0.0,55.0,12.0,0.0,0.0,1.0,0.0,25862,25244,25565
0.0,27.0,11.0,1.0,0.0,1.0,1.0,5513,17472,10467
0.0,36.0,14.0,0.0,0.0,1.0,0.0,21485,22139,25565
0.0,20.0,12.0,0.0,0.0,0.0,0.0,8401,11105,7851
0.0,34.0,12.0,0.0,0.0,1.0,0.0,18770,17823,18862
0.0,25.0,13.0,0.0,0.0,1.0,0.0,15014,13812,21737
0.0,35.0,2.0,0.0,1.0,1.0,1.0,16479,17869,17074
0.0,16.0,6.0,0.0,1.0,0.0,1.0,7016,10706,12447
0.0,36.0,7.0,0.0,1.0,1.0,1.0,14965,16618,20700
0.0,55.0,12.0,0.0,0.0,1.0,0.0,25862,25244,25565
0.0,19.0,12.0,0.0,0.0,0.0,0.0,1797,8304,19500
0.0,18.0,9.0,0.0,0.0,0.0,1.0,0,1192,8203
0.0,18.0,9.0,0.0,0.0,0.0,1.0,0,2245,8260
0.0,38.0,12.0,0.0,0.0,1.0,0.0,22994,23020,25565
0.0,34.0,3.0,0.0,1.0,1.0,1.0,7126,11147,17054
0.0,23.0,15.0,0.0,0.0,1.0,0.0,6279,13279,19871
0.0,27.0,12.0,0.0,0.0,1.0,0.0,16297,13429,19562
0.0,44.0,8.0,0.0,0.0,1.0,1.0,9497,10302,2147
0.0,20.0,9.0,0.0,0.0,0.0,1.0,3006,10731,17734
0.0,18.0,9.0,0.0,0.0,0.0,1.0,539,4252,0
0.0,24.0,16.0,0.0,0.0,0.0,0.0,9757,10266,1253
0.0,50.0,18.0,0.0,0.0,0.0,0.0,8127,7408,5537
0.0,26.0,16.0,0.0,0.0,1.0,0.0,23897,25222,25565
0.0,40.0,16.0,0.0,0.0,1.0,0.0,25862,25244,25565
0.0,32.0,9.0,0.0,0.0,1.0,1.0,24117,22918,25565
0.0,40.0,12.0,0.0,0.0,1.0,0.0,20729,20229,23642
0.0,37.0,15.0,0.0,0.0,1.0,0.0,25862,25244,25565
0.0,22.0,9.0,0.0,0.0,1.0,1.0,6515,8500,15052
0.0,35.0,12.0,0.0,0.0,1.0,0.0,23864,25244,25565
0.0,29.0,16.0,0.0,0.0,1.0,0.0,17361,14004,7127
0.0,48.0,9.0,0.0,0.0,1.0,1.0,18435,20940,20161
0.0,42.0,12.0,0.0,0.0,1.0,0.0,25862,25244,0
0.0,46.0,10.0,0.0,0.0,1.0,1.0,25853,21965,0
0.0,20.0,12.0,0.0,0.0,0.0,0.0,2465,3647,15138
0.0,20.0,16.0,0.0,0.0,0.0,0.0,0,30,15348
0.0,18.0,13.0,0.0,0.0,0.0,0.0,1485,2335,2960
0.0,40.0,15.0,0.0,0.0,1.0,0.0,10907,5922,6239
0.0,32.0,18.0,0.0,0.0,1.0,0.0,13795,10679,12202
0.0,34.0,12.0,0.0,0.0,1.0,0.0,23435,23826,25565
0.0,47.0,8.0,0.0,0.0,1.0,1.0,25862,25244,25565
0.0,21.0,15.0,0.0,0.0,0.0,0.0,1225,1386,4000
0.0,47.0,12.0,0.0,0.0,1.0,0.0,25862,25244,25565
0.0,51.0,12.0,0.0,0.0,1.0,0.0,21001,3140,16016
0.0,17.0,10.0,0.0,0.0,0.0,1.0,0,1889,19994
0.0,17.0,10.0,0.0,0.0,0.0,1.0,0,1294,16864
0.0,30.0,16.0,0.0,0.0,0.0,0.0,776,5468,0
0.0,52.0,16.0,0.0,0.0,1.0,0.0,25862,25244,25565
0.0,54.0,12.0,0.0,0.0,1.0,0.0,25862,25244,25565
0.0,31.0,12.0,0.0,0.0,1.0,0.0,24293,24273,24796
0.0,31.0,18.0,0.0,0.0,1.0,0.0,24718,25244,25565
0.0,23.0,12.0,0.0,0.0,1.0,0.0,11423,17509,7262
0.0,24.0,16.0,0.0,0.0,0.0,0.0,3174,20356,24013
0.0,30.0,14.0,0.0,0.0,0.0,0.0,10102,20590,23972
0.0,44.0,12.0,1.0,0.0,1.0,0.0,6473,6483,6805
0.0,24.0,15.0,1.0,0.0,0.0,0.0,17408,7086,192
0.0,26.0,18.0,0.0,0.0,0.0,0.0,1417,2498,8894
0.0,53.0,5.0,0.0,1.0,1.0,1.0,13407,12376,15925
0.0,37.0,12.0,1.0,0.0,1.0,0.0,25862,25134,25565
0.0,50.0,10.0,0.0,0.0,0.0,1.0,23672,25244,23883
0.0,46.0,13.0,0.0,0.0,1.0,0.0,25862,25244,25565
0.0,43.0,12.0,0.0,0.0,1.0,0.0,25862,25244,0
0.0,17.0,11.0,0.0,0.0,0.0,1.0,0,2736,7358
0.0,34.0,12.0,0.0,0.0,1.0,0.0,24126,22025,25565
0.0,38.0,8.0,0.0,0.0,1.0,1.0,21871,21043,21737
0.0,26.0,12.0,0.0,0.0,1.0,0.0,0,0,0
0.0,48.0,12.0,0.0,0.0,0.0,0.0,25862,17346,25565
0.0,24.0,16.0,0.0,0.0,1.0,0.0,12355,16484,17914
0.0,49.0,12.0,1.0,0.0,1.0,0.0,25862,22658,25565
0.0,29.0,9.0,0.0,0.0,1.0,1.0,25862,19063,25565
0.0,21.0,12.0,0.0,0.0,1.0,0.0,13650,13862,13669
0.0,25.0,12.0,0.0,0.0,1.0,0.0,21139,18881,25565
0.0,28.0,12.0,0.0,0.0,1.0,0.0,19242,21475,11851
0.0,26.0,12.0,0.0,0.0,1.0,0.0,6918,5443,1948
0.0,24.0,16.0,0.0,0.0,0.0,0.0,7586,5312,3458
0.0,23.0,16.0,0.0,0.0,0.0,0.0,8419,16066,17762
0.0,23.0,12.0,0.0,0.0,0.0,0.0,15041,13479,13332
0.0,34.0,11.0,0.0,0.0,1.0,1.0,25862,25193,13700
0.0,27.0,11.0,0.0,0.0,0.0,1.0,22189,17089,25565
0.0,40.0,12.0,0.0,0.0,1.0,0.0,25631,24950,7257
0.0,45.0,12.0,0.0,0.0,1.0,0.0,25862,25244,25565
0.0,55.0,12.0,0.0,0.0,1.0,0.0,25862,11544,22164
0.0,29.0,11.0,0.0,0.0,1.0,1.0,25762,23720,25565
0.0,51.0,9.0,0.0,0.0,1.0,1.0,23253,22472,21062
0.0,21.0,12.0,0.0,0.0,0.0,0.0,13139,10072,9855
0.0,22.0,12.0,0.0,0.0,1.0,0.0,20329,22196,25565
0.0,25.0,12.0,0.0,0.0,1.0,0.0,17077,14609,14502
0.0,34.0,12.0,0.0,0.0,0.0,0.0,18574,19085,22959
0.0,24.0,12.0,0.0,0.0,1.0,0.0,16019,18542,18514
0.0,43.0,14.0,0.0,0.0,1.0,0.0,21997,23067,594
0.0,23.0,12.0,0.0,0.0,1.0,0.0,10649,11156,21288
0.0,24.0,17.0,0.0,0.0,1.0,0.0,3713,7979,13239
0.0,40.0,12.0,0.0,0.0,1.0,0.0,25862,25244,25565
0.0,16.0,10.0,0.0,1.0,0.0,1.0,0,1450,12327
0.0,39.0,16.0,0.0,0.0,1.0,0.0,25862,25244,25565
0.0,16.0,9.0,0.0,0.0,0.0,1.0,0,0,0
0.0,36.0,11.0,0.0,0.0,1.0,1.0,25862,25244,18619
0.0,39.0,14.0,0.0,0.0,1.0,0.0,14379,0,10867
0.0,37.0,18.0,0.0,0.0,0.0,0.0,12737,0,0
0.0,35.0,18.0,0.0,0.0,0.0,0.0,3881,9580,9236
0.0,33.0,18.0,0.0,0.0,0.0,0.0,5174,4909,0
0.0,25.0,16.0,0.0,0.0,1.0,0.0,16716,15243,17391
0.0,30.0,12.0,0.0,0.0,1.0,0.0,25862,25244,25565
0.0,38.0,13.0,0.0,0.0,1.0,0.0,25862,25244,25565
0.0,29.0,12.0,0.0,0.0,0.0,0.0,4914,5441,5209
0.0,36.0,15.0,0.0,0.0,1.0,0.0,16746,18476,22676
0.0,27.0,12.0,0.0,0.0,1.0,0.0,21080,19760,24108
0.0,40.0,16.0,0.0,0.0,1.0,0.0,11293,14448,19304
0.0,29.0,13.0,0.0,0.0,1.0,0.0,19877,6162,0
0.0,20.0,14.0,0.0,0.0,0.0,0.0,3779,4633,24883
0.0,17.0,11.0,0.0,0.0,0.0,1.0,2500,3065,8541
0.0,16.0,9.0,0.0,0.0,0.0,1.0,0,496,2497
0.0,20.0,12.0,0.0,0.0,1.0,0.0,7882,4538,7708
0.0,32.0,12.0,0.0,0.0,1.0,0.0,25862,21226,25565
0.0,28.0,14.0,0.0,0.0,1.0,0.0,25862,25244,25565
0.0,48.0,15.0,0.0,0.0,1.0,0.0,0,0,0
0.0,35.0,12.0,1.0,0.0,1.0,0.0,729,0,0
0.0,51.0,11.0,1.0,0.0,0.0,1.0,2790,6007,0
0.0,54.0,9.0,0.0,0.0,1.0,1.0,0,0,0
0.0,29.0,16.0,1.0,0.0,1.0,0.0,25862,25244,25565
0.0,29.0,12.0,0.0,1.0,1.0,0.0,19461,4342,0
0.0,54.0,12.0,0.0,0.0,1.0,0.0,25862,25244,25565
0.0,50.0,8.0,0.0,0.0,1.0,1.0,25862,12122,25565
0.0,52.0,12.0,0.0,0.0,1.0,0.0,19840,19284,20332
0.0,28.0,11.0,0.0,0.0,0.0,1.0,25862,9397,22136
0.0,51.0,11.0,0.0,0.0,1.0,1.0,17966,23863,14198
0.0,24.0,13.0,0.0,0.0,0.0,0.0,16973,22381,19273
0.0,32.0,12.0,0.0,0.0,1.0,0.0,25862,25244,25565
0.0,29.0,12.0,0.0,0.0,1.0,0.0,25862,22574,25565
0.0,29.0,16.0,0.0,0.0,1.0,0.0,19054,19382,21708
0.0,49.0,12.0,0.0,0.0,1.0,0.0,25862,25222,0
0.0,42.0,9.0,0.0,0.0,1.0,1.0,18923,13173,21669
0.0,32.0,12.0,0.0,0.0,1.0,0.0,21056,9584,25565
0.0,53.0,10.0,0.0,0.0,1.0,1.0,21781,21539,25565
0.0,43.0,7.0,0.0,0.0,1.0,1.0,25862,22599,11073
0.0,49.0,12.0,0.0,0.0,1.0,0.0,25862,20401,18445
0.0,20.0,12.0,0.0,0.0,0.0,0.0,5944,10361,8868
0.0,16.0,10.0,0.0,0.0,0.0,1.0,3558,3608,11643
0.0,24.0,15.0,0.0,0.0,0.0,0.0,21097,22279,16910
0.0,20.0,12.0,0.0,0.0,1.0,0.0,13582,14738,20419
0.0,49.0,12.0,0.0,0.0,0.0,0.0,25153,25244,0
0.0,32.0,5.0,0.0,0.0,1.0,1.0,17869,18379,19162
0.0,48.0,12.0,0.0,0.0,1.0,0.0,18838,20283,15952
0.0,26.0,12.0,0.0,0.0,1.0,0.0,5654,12369,10518
0.0,27.0,12.0,0.0,0.0,1.0,0.0,11105,1167,3811
0.0,40.0,15.0,0.0,0.0,0.0,0.0,0,806,0
0.0,20.0,12.0,0.0,0.0,0.0,0.0,10796,15474,19782
0.0,51.0,10.0,0.0,0.0,1.0,1.0,20633,19679,19937
0.0,19.0,12.0,0.0,0.0,0.0,0.0,4128,11549,19460
0.0,19.0,12.0,0.0,0.0,0.0,0.0,1244,1459,14304
0.0,17.0,11.0,0.0,0.0,0.0,1.0,645,2118,7539
0.0,45.0,12.0,0.0,0.0,1.0,0.0,17978,17792,18757
0.0,19.0,12.0,0.0,0.0,0.0,0.0,0,0,0
0.0,51.0,12.0,0.0,0.0,1.0,0.0,25427,13549,14804
0.0,31.0,17.0,0.0,0.0,1.0,0.0,2057,6119,0
0.0,20.0,12.0,0.0,0.0,0.0,0.0,0,1148,15555
0.0,49.0,11.0,0.0,0.0,1.0,1.0,25862,25244,25565
0.0,47.0,12.0,0.0,0.0,0.0,0.0,23883,22773,20363
0.0,21.0,12.0,0.0,0.0,0.0,0.0,8006,5281,0
0.0,23.0,12.0,0.0,0.0,1.0,0.0,10990,6078,12525
0.0,54.0,6.0,0.0,0.0,1.0,1.0,20725,18644,24771
0.0,55.0,9.0,0.0,0.0,1.0,1.0,14314,13608,11330
0.0,16.0,10.0,0.0,0.0,0.0,1.0,0,2084,6025
0.0,44.0,16.0,0.0,0.0,1.0,0.0,25862,25244,0
0.0,17.0,11.0,0.0,0.0,0.0,1.0,198,3067,12788
0.0,45.0,14.0,0.0,0.0,1.0,0.0,12825,23283,25565
0.0,18.0,11.0,0.0,0.0,0.0,1.0,1387,3171,4936
0.0,30.0,18.0,0.0,0.0,1.0,0.0,25862,25244,25565
0.0,21.0,14.0,0.0,0.0,0.0,0.0,1422,2549,14220
0.0,18.0,15.0,0.0,0.0,0.0,0.0,2925,5210,647
0.0,29.0,17.0,0.0,0.0,1.0,0.0,0,0,25565
0.0,45.0,14.0,0.0,0.0,1.0,0.0,12128,13134,17093
0.0,22.0,12.0,0.0,0.0,0.0,0.0,12273,4238,1696
0.0,45.0,18.0,0.0,0.0,0.0,0.0,22238,19998,0
0.0,17.0,11.0,0.0,0.0,0.0,1.0,903,623,13344
0.0,52.0,11.0,0.0,0.0,1.0,1.0,24028,20154,25148
0.0,37.0,12.0,0.0,0.0,1.0,0.0,19602,19370,21866
0.0,38.0,12.0,0.0,0.0,1.0,0.0,25862,25244,25565
0.0,42.0,10.0,0.0,0.0,1.0,1.0,21344,20510,20034
0.0,16.0,9.0,0.0,0.0,0.0,1.0,3405,3087,9357
0.0,21.0,14.0,0.0,0.0,1.0,0.0,2878,9498,10381
0.0,33.0,17.0,0.0,0.0,1.0,0.0,25431,25244,25565
0.0,32.0,18.0,0.0,0.0,1.0,0.0,25862,25244,25565
0.0,23.0,16.0,0.0,0.0,1.0,0.0,9477,18199,0
0.0,21.0,12.0,0.0,0.0,1.0,0.0,4502,5296,4361
0.0,26.0,12.0,0.0,0.0,1.0,0.0,12463,13680,15308
0.0,45.0,12.0,0.0,0.0,1.0,0.0,25862,25244,25565
0.0,18.0,12.0,0.0,0.0,0.0,0.0,225,3072,9947
0.0,47.0,8.0,0.0,0.0,1.0,1.0,25862,25244,25565
0.0,17.0,11.0,0.0,0.0,0.0,1.0,0,0,14958
0.0,29.0,12.0,0.0,0.0,1.0,0.0,20907,21937,21907
0.0,35.0,12.0,0.0,0.0,1.0,0.0,22835,20984,24294
0.0,32.0,14.0,0.0,0.0,1.0,0.0,24197,24325,24122
0.0,48.0,8.0,0.0,0.0,1.0,1.0,25862,25244,25565
0.0,43.0,8.0,0.0,0.0,1.0,1.0,18012,17465,22476
0.0,33.0,10.0,0.0,0.0,1.0,1.0,22763,20531,0
0.0,53.0,12.0,0.0,0.0,1.0,0.0,25862,24608,19935
0.0,17.0,10.0,0.0,0.0,0.0,1.0,0,2906,6774
0.0,50.0,15.0,0.0,0.0,1.0,0.0,0,0,0
0.0,29.0,18.0,0.0,0.0,1.0,0.0,25862,25244,25565
0.0,21.0,12.0,0.0,0.0,1.0,0.0,8697,10765,20137
0.0,30.0,12.0,0.0,0.0,0.0,0.0,3250,19199,0
0.0,26.0,12.0,0.0,0.0,0.0,0.0,14066,15789,10994
0.0,40.0,18.0,0.0,0.0,1.0,0.0,25862,25244,25565
0.0,47.0,12.0,0.0,0.0,1.0,0.0,12845,3923,0
0.0,34.0,12.0,0.0,0.0,1.0,0.0,8092,3301,4621
0.0,31.0,12.0,0.0,0.0,1.0,0.0,23137,21711,13034
0.0,36.0,12.0,0.0,0.0,1.0,0.0,19857,19964,20792
0.0,29.0,13.0,0.0,0.0,1.0,0.0,2780,0,14340
0.0,44.0,8.0,0.0,0.0,1.0,1.0,11738,13223,9552
0.0,48.0,12.0,0.0,0.0,1.0,0.0,15864,14110,2555
0.0,18.0,12.0,0.0,0.0,0.0,0.0,0,1896,8244
0.0,48.0,16.0,0.0,0.0,1.0,0.0,18717,16525,20781
0.0,33.0,12.0,1.0,0.0,1.0,0.0,5178,1316,15039
0.0,45.0,11.0,1.0,0.0,0.0,1.0,8548,1237,7835
0.0,32.0,12.0,0.0,0.0,1.0,0.0,14095,25244,25565
0.0,30.0,16.0,0.0,0.0,1.0,0.0,22847,17223,18436
0.0,55.0,12.0,0.0,0.0,1.0,0.0,18846,18267,17996
0.0,55.0,9.0,0.0,0.0,1.0,1.0,19034,15354,9793
0.0,21.0,13.0,0.0,0.0,0.0,0.0,5592,4077,14180
0.0,22.0,8.0,0.0,0.0,0.0,1.0,10680,11141,12753
0.0,43.0,12.0,0.0,0.0,1.0,0.0,25862,25244,25565
0.0,44.0,12.0,0.0,0.0,1.0,0.0,22459,22166,21468
0.0,22.0,12.0,0.0,0.0,1.0,0.0,16487,15837,15033
0.0,23.0,12.0,0.0,0.0,0.0,0.0,13854,9285,10431
0.0,49.0,12.0,0.0,0.0,1.0,0.0,25862,25244,25565
0.0,33.0,12.0,0.0,0.0,1.0,0.0,25862,21081,25565
0.0,24.0,12.0,0.0,0.0,1.0,0.0,2782,0,20567
0.0,47.0,12.0,0.0,0.0,1.0,0.0,24804,21097,0
0.0,34.0,7.0,0.0,0.0,1.0,1.0,20933,21022,21069
0.0,31.0,9.0,0.0,0.0,0.0,1.0,0,0,0
0.0,29.0,11.0,0.0,0.0,0.0,1.0,21101,20829,19567
0.0,25.0,12.0,0.0,0.0,1.0,0.0,14894,8076,188
0.0,26.0,16.0,0.0,0.0,1.0,0.0,17535,17905,14816
0.0,24.0,15.0,0.0,0.0,1.0,0.0,25862,22547,21086
0.0,24.0,16.0,0.0,0.0,1.0,0.0,15453,20565,22550
0.0,24.0,12.0,0.0,0.0,1.0,0.0,4749,0,0
0.0,30.0,12.0,0.0,0.0,1.0,0.0,7937,22001,25565
0.0,19.0,12.0,0.0,0.0,1.0,0.0,11462,15214,21402
0.0,34.0,13.0,0.0,0.0,1.0,0.0,10139,8030,12380
0.0,55.0,12.0,0.0,0.0,1.0,0.0,17369,16630,20920
0.0,43.0,12.0,0.0,0.0,1.0,0.0,0,0,0
0.0,18.0,12.0,0.0,0.0,0.0,0.0,0,209,10742
0.0,16.0,9.0,0.0,0.0,0.0,1.0,0,0,9610
0.0,30.0,16.0,0.0,0.0,1.0,0.0,25862,25244,25565
0.0,20.0,14.0,0.0,0.0,0.0,0.0,4132,6363,7386
0.0,28.0,16.0,0.0,0.0,0.0,0.0,22539,21897,25565
0.0,41.0,8.0,0.0,0.0,1.0,1.0,21495,17595,0
0.0,25.0,12.0,0.0,0.0,0.0,0.0,17708,9342,0
0.0,31.0,13.0,0.0,0.0,0.0,0.0,15096,18619,9975
0.0,43.0,12.0,0.0,0.0,1.0,0.0,0,0,0
0.0,16.0,10.0,0.0,0.0,0.0,1.0,0,0,16095
0.0,52.0,4.0,1.0,0.0,1.0,1.0,0,0,0
0.0,20.0,12.0,1.0,0.0,0.0,0.0,11812,14398,5503
0.0,49.0,9.0,1.0,0.0,1.0,1.0,0,0,0
0.0,54.0,11.0,1.0,0.0,1.0,1.0,25862,25244,0
0.0,25.0,9.0,0.0,1.0,1.0,1.0,2296,9195,14399
0.0,31.0,8.0,0.0,1.0,1.0,1.0,7888,7809,10779
0.0,36.0,4.0,0.0,0.0,1.0,1.0,25862,25244,25565
0.0,42.0,6.0,0.0,0.0,1.0,1.0,2743,4512,946
0.0,25.0,12.0,0.0,0.0,1.0,0.0,2220,9644,7853
0.0,30.0,15.0,0.0,0.0,1.0,0.0,25255,23840,24124
0.0,53.0,11.0,0.0,0.0,1.0,1.0,25862,25244,25565
0.0,50.0,12.0,0.0,0.0,1.0,0.0,1799,6225,17289
0.0,48.0,16.0,0.0,0.0,1.0,0.0,2921,0,324
0.0,25.0,12.0,0.0,0.0,1.0,0.0,17831,21890,22602
0.0,38.0,16.0,0.0,1.0,1.0,0.0,25862,25244,25565
0.0,50.0,9.0,1.0,0.0,1.0,1.0,8368,10278,17445
0.0,29.0,12.0,0.0,1.0,1.0,0.0,17018,17010,16468
0.0,26.0,13.0,0.0,0.0,1.0,0.0,20803,18888,25306
0.0,23.0,14.0,0.0,0.0,0.0,0.0,14847,10178,17851
0.0,53.0,9.0,0.0,0.0,0.0,1.0,25862,25244,25565
0.0,50.0,11.0,0.0,0.0,0.0,1.0,25862,25244,25565
0.0,55.0,14.0,0.0,0.0,1.0,0.0,8393,19036,10640
0.0,22.0,16.0,0.0,0.0,0.0,0.0,2349,3162,15956
0.0,20.0,14.0,0.0,0.0,0.0,0.0,1730,1391,10473
0.0,28.0,16.0,0.0,0.0,1.0,0.0,25862,25244,25565
0.0,39.0,7.0,0.0,0.0,1.0,1.0,25862,19502,25565
0.0,33.0,17.0,0.0,0.0,1.0,0.0,25862,25244,0
0.0,34.0,12.0,0.0,0.0,1.0,0.0,21244,18960,19225
0.0,36.0,11.0,0.0,1.0,1.0,1.0,4128,15610,14225
0.0,48.0,9.0,1.0,0.0,0.0,1.0,0,0,0
0.0,33.0,9.0,1.0,0.0,0.0,1.0,0,13005,16035
0.0,17.0,10.0,1.0,0.0,0.0,1.0,0,1645,9264
0.0,28.0,8.0,1.0,0.0,0.0,1.0,15286,3864,0
0.0,35.0,12.0,1.0,0.0,1.0,0.0,7142,16589,14904
0.0,22.0,15.0,0.0,0.0,0.0,0.0,0,0,8374
0.0,37.0,14.0,0.0,1.0,0.0,0.0,25862,25244,10003
0.0,32.0,16.0,0.0,0.0,1.0,0.0,25862,8594,13579
0.0,33.0,12.0,0.0,1.0,1.0,0.0,25862,21246,25565
0.0,54.0,10.0,0.0,1.0,1.0,1.0,25862,24599,25565
0.0,29.0,15.0,0.0,0.0,0.0,0.0,7077,17611,25114
0.0,54.0,8.0,0.0,0.0,1.0,1.0,16168,16548,15003
0.0,21.0,12.0,1.0,0.0,1.0,0.0,8746,6110,4207
0.0,26.0,8.0,0.0,0.0,1.0,1.0,11852,16920,0
0.0,36.0,16.0,0.0,1.0,0.0,0.0,25862,25244,25565
0.0,36.0,11.0,0.0,1.0,0.0,1.0,6601,14992,13981
0.0,33.0,12.0,0.0,0.0,1.0,0.0,11818,14953,16137
0.0,31.0,13.0,1.0,0.0,1.0,0.0,11039,12679,16435
0.0,50.0,12.0,0.0,0.0,1.0,0.0,2902,1962,118
0.0,51.0,10.0,0.0,0.0,1.0,1.0,0,0,0
0.0,36.0,12.0,0.0,0.0,0.0,0.0,20022,22309,21437
0.0,54.0,12.0,0.0,0.0,1.0,0.0,14532,13259,25565
0.0,18.0,10.0,0.0,0.0,0.0,1.0,2882,6239,8866
0.0,52.0,12.0,0.0,0.0,1.0,0.0,25862,25244,9490
0.0,18.0,12.0,0.0,0.0,0.0,0.0,0,256,0
0.0,17.0,12.0,0.0,0.0,0.0,0.0,5492,5666,1399
0.0,42.0,18.0,1.0,0.0,1.0,0.0,25862,25244,25565
0.0,37.0,18.0,0.0,0.0,1.0,0.0,13979,23516,25565
0.0,45.0,17.0,0.0,0.0,1.0,0.0,25862,4324,0
0.0,27.0,13.0,0.0,0.0,1.0,0.0,17637,19724,25565
0.0,26.0,12.0,0.0,0.0,0.0,0.0,11454,12684,11526
0.0,21.0,12.0,0.0,0.0,0.0,0.0,7502,7723,0
0.0,23.0,15.0,0.0,0.0,1.0,0.0,6422,877,1600
0.0,55.0,10.0,0.0,0.0,1.0,1.0,25788,25244,23109
0.0,38.0,14.0,0.0,0.0,1.0,0.0,25862,25244,25565
0.0,54.0,14.0,0.0,0.0,1.0,0.0,0,0,0
0.0,33.0,12.0,0.0,0.0,1.0,0.0,24881,22442,14439
0.0,35.0,12.0,0.0,0.0,1.0,0.0,20915,20598,18922
0.0,47.0,16.0,0.0,0.0,1.0,0.0,2821,0,0
0.0,35.0,12.0,0.0,0.0,1.0,0.0,25862,25244,25565
0.0,26.0,17.0,0.0,0.0,1.0,0.0,2835,0,0
0.0,38.0,16.0,1.0,0.0,0.0,0.0,25862,25244,25565
0.0,47.0,10.0,1.0,0.0,1.0,1.0,25862,20778,25565
0.0,28.0,17.0,1.0,0.0,1.0,0.0,23883,22273,20796
0.0,17.0,11.0,0.0,0.0,0.0,1.0,0,723,13264
0.0,27.0,16.0,0.0,0.0,1.0,0.0,17804,21097,25565
0.0,51.0,10.0,0.0,0.0,1.0,1.0,18750,19162,22411
0.0,49.0,12.0,0.0,0.0,1.0,0.0,12120,11743,0
0.0,23.0,12.0,0.0,0.0,0.0,0.0,16575,9143,12462
0.0,53.0,14.0,0.0,0.0,1.0,0.0,25862,25244,0
0.0,43.0,12.0,0.0,0.0,1.0,0.0,25862,25244,25565
0.0,47.0,16.0,0.0,0.0,1.0,0.0,25862,25244,25565
0.0,26.0,12.0,0.0,0.0,1.0,0.0,0,0,0
0.0,25.0,13.0,0.0,0.0,1.0,0.0,2255,11164,12971
0.0,46.0,12.0,0.0,0.0,1.0,0.0,25384,25244,0
0.0,22.0,10.0,0.0,0.0,0.0,1.0,4783,473,479
0.0,38.0,13.0,1.0,0.0,1.0,0.0,25862,25244,25565
0.0,54.0,12.0,0.0,0.0,1.0,0.0,25862,25244,25565
0.0,29.0,12.0,0.0,1.0,0.0,0.0,19297,24123,18788
0.0,32.0,12.0,0.0,0.0,1.0,0.0,25862,25244,24507
0.0,27.0,12.0,0.0,0.0,1.0,0.0,12735,9847,17059
0.0,22.0,13.0,0.0,0.0,1.0,0.0,11977,14874,3400
0.0,27.0,12.0,0.0,0.0,1.0,0.0,24436,7500,2645
0.0,27.0,15.0,0.0,0.0,1.0,0.0,0,13392,19408
0.0,33.0,11.0,0.0,0.0,1.0,1.0,25862,25244,19473
0.0,27.0,12.0,0.0,0.0,1.0,0.0,21797,23142,25565
0.0,54.0,12.0,0.0,0.0,1.0,0.0,5167,1964,4473
0.0,53.0,7.0,0.0,0.0,1.0,1.0,15907,17330,14672
0.0,30.0,12.0,0.0,0.0,1.0,0.0,15704,17196,17906
0.0,34.0,17.0,0.0,0.0,1.0,0.0,17267,0,17716
0.0,52.0,12.0,0.0,0.0,1.0,0.0,12265,7099,10096
0.0,28.0,16.0,0.0,0.0,0.0,0.0,13629,13427,2580
0.0,30.0,17.0,0.0,0.0,0.0,0.0,0,3339,2701
0.0,27.0,12.0,0.0,0.0,1.0,0.0,13482,12228,8880
0.0,22.0,12.0,0.0,0.0,0.0,0.0,12300,14647,4983
0.0,19.0,10.0,0.0,0.0,0.0,1.0,1934,113,675
0.0,24.0,12.0,0.0,0.0,1.0,0.0,12104,14240,14495
0.0,21.0,12.0,0.0,0.0,0.0,0.0,14083,15918,16678
0.0,23.0,14.0,0.0,0.0,0.0,0.0,2157,4574,9673
0.0,20.0,14.0,0.0,0.0,0.0,0.0,6722,6895,13138
0.0,27.0,16.0,0.0,0.0,1.0,0.0,12868,15270,22931
0.0,25.0,16.0,0.0,0.0,1.0,0.0,8350,15450,21098
0.0,55.0,18.0,0.0,0.0,0.0,0.0,0,0,0
0.0,27.0,12.0,0.0,0.0,1.0,0.0,5827,11318,12943
0.0,47.0,12.0,0.0,0.0,1.0,0.0,25862,25244,9500
0.0,19.0,12.0,0.0,0.0,0.0,0.0,2377,3434,702
0.0,16.0,9.0,0.0,0.0,0.0,1.0,0,0,0
0.0,31.0,12.0,0.0,0.0,1.0,0.0,22778,22821,24285
0.0,45.0,12.0,0.0,0.0,1.0,0.0,21818,20481,22498
0.0,42.0,8.0,0.0,0.0,1.0,1.0,23623,21772,25565
0.0,33.0,12.0,1.0,0.0,1.0,0.0,8035,4676,4936
0.0,36.0,11.0,0.0,0.0,1.0,1.0,1405,0,0
0.0,44.0,12.0,0.0,0.0,1.0,0.0,16432,15955,18912
0.0,17.0,10.0,0.0,0.0,0.0,1.0,835,1694,7773
0.0,30.0,12.0,0.0,0.0,1.0,0.0,7347,2080,14476
0.0,21.0,12.0,0.0,0.0,1.0,0.0,13060,8493,14321
0.0,31.0,9.0,0.0,0.0,0.0,1.0,8574,6409,14876
0.0,48.0,6.0,0.0,0.0,1.0,1.0,23774,5650,0
0.0,21.0,12.0,0.0,0.0,0.0,0.0,6160,1930,8287
0.0,32.0,12.0,0.0,0.0,1.0,0.0,19881,14113,22621
0.0,50.0,11.0,0.0,0.0,1.0,1.0,8531,6492,8704
0.0,34.0,12.0,0.0,0.0,1.0,0.0,24924,25244,21847
0.0,43.0,15.0,0.0,0.0,1.0,0.0,25862,25244,25565
0.0,22.0,12.0,0.0,0.0,0.0,0.0,20026,15467,13314
0.0,23.0,12.0,0.0,0.0,0.0,0.0,1505,0,0
0.0,26.0,12.0,0.0,0.0,0.0,0.0,0,1613,5938
0.0,35.0,11.0,0.0,0.0,1.0,1.0,2426,16883,23590
0.0,28.0,12.0,0.0,0.0,1.0,0.0,15057,9890,12617
0.0,22.0,12.0,0.0,0.0,1.0,0.0,25796,17096,22955
0.0,33.0,15.0,0.0,0.0,1.0,0.0,25359,4658,20885
0.0,18.0,12.0,0.0,0.0,0.0,0.0,5129,9034,25565
0.0,23.0,12.0,0.0,0.0,1.0,0.0,15862,13073,25565
0.0,42.0,12.0,0.0,0.0,1.0,0.0,0,0,0
0.0,22.0,9.0,0.0,0.0,1.0,1.0,22087,20105,6552
0.0,38.0,12.0,0.0,0.0,1.0,0.0,22026,21776,21109
0.0,34.0,12.0,0.0,0.0,1.0,0.0,15627,0,25565
0.0,26.0,15.0,0.0,0.0,1.0,0.0,22085,23290,25479
0.0,40.0,11.0,0.0,0.0,1.0,1.0,24887,23976,25565
0.0,18.0,10.0,0.0,0.0,0.0,1.0,1430,0,14440
0.0,21.0,12.0,0.0,0.0,0.0,0.0,12559,9419,25565
0.0,38.0,11.0,0.0,0.0,1.0,1.0,22228,3779,10026
0.0,17.0,11.0,0.0,0.0,0.0,1.0,733,4136,2740
0.0,20.0,12.0,0.0,0.0,1.0,0.0,2236,7575,18913
0.0,53.0,9.0,1.0,0.0,1.0,1.0,0,0,0
0.0,52.0,14.0,0.0,0.0,1.0,0.0,25862,25244,22795
0.0,25.0,12.0,0.0,0.0,1.0,0.0,14042,13499,13189
0.0,18.0,12.0,0.0,0.0,0.0,0.0,2218,4191,8958
0.0,20.0,12.0,0.0,0.0,1.0,0.0,3938,4864,9670
0.0,55.0,13.0,0.0,0.0,1.0,0.0,25862,25244,25565
0.0,20.0,13.0,0.0,0.0,0.0,0.0,2492,3101,3180
0.0,46.0,12.0,0.0,0.0,1.0,0.0,18940,18849,18319
0.0,31.0,8.0,0.0,0.0,1.0,1.0,0,0,591
0.0,23.0,12.0,0.0,0.0,0.0,0.0,17512,15361,17273
0.0,22.0,9.0,0.0,0.0,0.0,1.0,537,0,0
0.0,19.0,12.0,0.0,0.0,0.0,0.0,3580,2641,15224
0.0,47.0,12.0,0.0,0.0,1.0,0.0,25862,25244,25565
0.0,29.0,9.0,0.0,0.0,0.0,1.0,16456,7734,9642
0.0,41.0,12.0,0.0,0.0,1.0,0.0,25862,25244,25565
0.0,45.0,12.0,0.0,0.0,1.0,0.0,25862,16833,25565
0.0,35.0,12.0,0.0,0.0,1.0,0.0,18590,17907,25396
0.0,16.0,10.0,0.0,0.0,0.0,1.0,0,0,2255
0.0,24.0,12.0,0.0,0.0,1.0,0.0,22247,20970,22444
0.0,18.0,12.0,0.0,0.0,0.0,0.0,20,7834,12810
0.0,46.0,15.0,0.0,0.0,1.0,0.0,10125,11573,7132
0.0,41.0,14.0,0.0,0.0,1.0,0.0,25862,25244,25565
0.0,33.0,14.0,0.0,0.0,1.0,0.0,25862,25244,25565
0.0,25.0,13.0,0.0,0.0,1.0,0.0,13668,11501,16304
0.0,32.0,14.0,0.0,0.0,1.0,0.0,19062,17124,21612
0.0,33.0,12.0,0.0,0.0,1.0,0.0,25862,19964,17495
0.0,20.0,13.0,0.0,0.0,0.0,0.0,3938,2164,1433
0.0,27.0,12.0,0.0,0.0,0.0,0.0,20363,7061,25500
0.0,19.0,12.0,0.0,0.0,0.0,0.0,4951,4404,16763
0.0,19.0,12.0,0.0,0.0,0.0,0.0,2814,1978,6475
0.0,48.0,8.0,0.0,0.0,1.0,1.0,21423,20669,21330
0.0,37.0,12.0,0.0,0.0,1.0,0.0,20852,22220,23752
0.0,27.0,14.0,0.0,0.0,1.0,0.0,14792,14770,20824
0.0,48.0,8.0,0.0,0.0,1.0,1.0,25862,25163,25565
0.0,18.0,11.0,0.0,0.0,0.0,1.0,4161,5620,12800
0.0,41.0,18.0,0.0,0.0,1.0,0.0,0,0,83
0.0,25.0,12.0,0.0,0.0,1.0,0.0,16907,12590,19510
0.0,18.0,12.0,0.0,0.0,0.0,0.0,2514,2109,668
0.0,47.0,13.0,0.0,0.0,1.0,0.0,3309,763,1915
0.0,30.0,16.0,0.0,0.0,1.0,0.0,21225,25244,25565
0.0,38.0,9.0,0.0,0.0,1.0,1.0,25862,22041,25565
0.0,41.0,12.0,0.0,0.0,1.0,0.0,25862,25244,25565
0.0,18.0,12.0,0.0,0.0,0.0,0.0,3966,5844,12626
0.0,34.0,12.0,0.0,0.0,1.0,0.0,18509,17187,25565
0.0,42.0,12.0,0.0,0.0,1.0,0.0,1560,0,0
0.0,17.0,10.0,0.0,0.0,0.0,1.0,0,451,3730
0.0,50.0,12.0,0.0,0.0,0.0,0.0,16895,18455,18665
0.0,25.0,12.0,0.0,0.0,1.0,0.0,17598,11317,21433
0.0,33.0,16.0,0.0,0.0,1.0,0.0,11963,4975,20780
0.0,20.0,12.0,0.0,0.0,1.0,0.0,3317,7294,19067
0.0,39.0,12.0,1.0,0.0,1.0,0.0,21640,18419,25565
0.0,26.0,12.0,1.0,0.0,0.0,0.0,13783,23212,25565
0.0,28.0,12.0,0.0,0.0,1.0,0.0,0,25244,650
0.0,50.0,8.0,0.0,0.0,1.0,1.0,20057,22819,25565
0.0,24.0,12.0,0.0,0.0,1.0,0.0,3074,9097,3997
0.0,45.0,8.0,0.0,0.0,1.0,1.0,25862,25244,25565
0.0,24.0,12.0,0.0,0.0,1.0,0.0,4851,0,93
0.0,21.0,12.0,0.0,0.0,1.0,0.0,14258,15144,0
0.0,42.0,12.0,0.0,0.0,1.0,0.0,21652,18825,24053
0.0,18.0,11.0,0.0,0.0,0.0,1.0,2081,3104,4704
0.0,30.0,12.0,0.0,0.0,1.0,0.0,17931,15178,16602
0.0,32.0,12.0,0.0,0.0,1.0,0.0,25378,25244,25565
0.0,43.0,12.0,0.0,0.0,1.0,0.0,25862,25244,25565
0.0,26.0,17.0,0.0,0.0,1.0,0.0,11481,8003,14284
0.0,53.0,13.0,0.0,0.0,1.0,0.0,25862,19110,25565
0.0,18.0,13.0,0.0,0.0,0.0,0.0,4404,11086,15934
0.0,53.0,12.0,0.0,0.0,1.0,0.0,25862,25244,25565
0.0,45.0,12.0,0.0,0.0,1.0,0.0,25862,23349,25565
0.0,21.0,10.0,0.0,1.0,1.0,1.0,8119,10377,15051
0.0,26.0,16.0,0.0,0.0,1.0,0.0,11354,14305,15775
0.0,49.0,8.0,0.0,0.0,1.0,1.0,8444,909,12487
0.0,29.0,12.0,0.0,0.0,1.0,0.0,886,0,279
0.0,53.0,15.0,0.0,0.0,1.0,0.0,0,0,0
0.0,46.0,10.0,0.0,0.0,1.0,1.0,8515,9734,6351
0.0,41.0,9.0,0.0,0.0,0.0,1.0,23209,22467,25565
0.0,51.0,7.0,0.0,0.0,1.0,1.0,25862,25220,25565
0.0,36.0,12.0,0.0,0.0,1.0,0.0,3985,602,0
0.0,47.0,12.0,0.0,0.0,1.0,0.0,0,0,0
0.0,25.0,16.0,0.0,0.0,1.0,0.0,21262,22517,25565
0.0,43.0,14.0,1.0,0.0,0.0,0.0,25862,25244,25565
0.0,16.0,9.0,0.0,0.0,1.0,1.0,0,0,6375
0.0,22.0,14.0,0.0,0.0,0.0,0.0,13233,9632,20190
0.0,33.0,16.0,0.0,0.0,1.0,0.0,25862,25244,25565
0.0,23.0,13.0,0.0,0.0,1.0,0.0,11777,15182,20399
0.0,31.0,16.0,0.0,0.0,1.0,0.0,25862,25244,25565
0.0,23.0,12.0,0.0,0.0,1.0,0.0,17965,16518,25297
0.0,27.0,12.0,0.0,0.0,1.0,0.0,0,0,35
0.0,41.0,8.0,0.0,0.0,1.0,1.0,20647,16116,19595
0.0,34.0,12.0,0.0,0.0,1.0,0.0,8689,0,2984
0.0,19.0,12.0,0.0,0.0,0.0,0.0,2057,3586,1605
0.0,42.0,12.0,0.0,0.0,1.0,0.0,0,580,0
0.0,33.0,16.0,0.0,0.0,0.0,0.0,0,537,0
0.0,34.0,13.0,1.0,0.0,1.0,0.0,5192,13562,21687
0.0,16.0,9.0,1.0,0.0,0.0,1.0,0,0,0
0.0,31.0,12.0,0.0,0.0,1.0,0.0,25862,25244,23098
0.0,22.0,12.0,0.0,1.0,1.0,0.0,20682,24146,25565
0.0,41.0,11.0,1.0,0.0,1.0,1.0,4839,822,0
0.0,54.0,6.0,1.0,0.0,1.0,1.0,20376,24391,23070
0.0,25.0,15.0,0.0,0.0,0.0,0.0,2506,3957,7087
0.0,55.0,4.0,0.0,0.0,1.0,1.0,24377,20027,20399
0.0,19.0,11.0,1.0,0.0,0.0,1.0,0,0,7762
0.0,20.0,9.0,1.0,0.0,0.0,1.0,0,0,6084
0.0,26.0,6.0,0.0,1.0,1.0,1.0,15370,21538,14545
0.0,35.0,18.0,0.0,0.0,1.0,0.0,4330,19541,0
0.0,39.0,9.0,0.0,0.0,1.0,1.0,14173,5625,10662
0.0,52.0,13.0,0.0,0.0,1.0,0.0,0,0,0
0.0,17.0,11.0,0.0,0.0,0.0,1.0,0,0,0
0.0,17.0,10.0,0.0,0.0,0.0,1.0,0,0,7260
0.0,40.0,12.0,0.0,0.0,1.0,0.0,17965,23827,25565
0.0,29.0,12.0,0.0,0.0,1.0,0.0,19277,19726,11285
0.0,17.0,9.0,1.0,0.0,0.0,1.0,0,297,55
0.0,20.0,12.0,1.0,0.0,0.0,0.0,0,0,0
0.0,39.0,11.0,1.0,0.0,1.0,1.0,22812,19248,25565
0.0,18.0,11.0,1.0,0.0,0.0,1.0,0,0,0
0.0,28.0,14.0,1.0,0.0,0.0,0.0,0,1063,0
0.0,45.0,12.0,0.0,0.0,1.0,0.0,25862,23357,25166
0.0,30.0,13.0,0.0,0.0,1.0,0.0,13517,14369,15850
0.0,50.0,12.0,0.0,0.0,1.0,0.0,23315,25244,24703
0.0,16.0,10.0,0.0,0.0,0.0,1.0,0,70,1259
0.0,44.0,16.0,0.0,0.0,1.0,0.0,25860,25244,25565
0.0,38.0,17.0,0.0,0.0,1.0,0.0,25862,25244,25565
0.0,50.0,14.0,0.0,0.0,1.0,0.0,25862,14650,25565
0.0,17.0,11.0,0.0,0.0,0.0,1.0,1264,3450,10020
0.0,18.0,11.0,0.0,0.0,0.0,1.0,2277,657,6218
0.0,22.0,11.0,0.0,0.0,1.0,1.0,3031,1977,0
0.0,28.0,11.0,0.0,0.0,1.0,1.0,21720,11474,10153
0.0,18.0,12.0,0.0,0.0,0.0,0.0,10459,9653,10965
0.0,21.0,10.0,0.0,0.0,0.0,1.0,1767,1556,7675
0.0,26.0,16.0,0.0,0.0,1.0,0.0,0,2114,9104
0.0,34.0,15.0,0.0,0.0,1.0,0.0,25862,25244,25565
0.0,46.0,12.0,0.0,0.0,1.0,0.0,25862,25244,25565
0.0,18.0,12.0,0.0,0.0,0.0,0.0,3507,3527,11253
0.0,27.0,14.0,0.0,0.0,1.0,0.0,23198,24298,0
0.0,41.0,13.0,0.0,0.0,1.0,0.0,25862,0,0
0.0,30.0,17.0,0.0,0.0,1.0,0.0,25862,25244,25565
0.0,39.0,12.0,0.0,0.0,1.0,0.0,0,0,0
0.0,18.0,10.0,0.0,0.0,0.0,1.0,1769,4329,6911
0.0,16.0,8.0,0.0,0.0,0.0,1.0,31,21,6868
0.0,49.0,15.0,0.0,0.0,1.0,0.0,25862,25244,9239
0.0,18.0,11.0,0.0,0.0,0.0,1.0,80,1946,5967
0.0,24.0,12.0,0.0,0.0,1.0,0.0,18278,18612,24665
0.0,28.0,12.0,0.0,0.0,1.0,0.0,12110,13393,13781
0.0,25.0,15.0,0.0,0.0,1.0,0.0,23016,19335,16140
0.0,23.0,13.0,0.0,0.0,1.0,0.0,25862,25244,25565
0.0,51.0,12.0,0.0,0.0,1.0,0.0,25862,25244,25565
0.0,23.0,10.0,0.0,0.0,1.0,1.0,9865,5967,1046
0.0,35.0,12.0,0.0,0.0,1.0,0.0,19506,14443,25565
0.0,16.0,11.0,1.0,0.0,0.0,1.0,4140,4503,10294
0.0,25.0,10.0,0.0,0.0,1.0,1.0,20325,18254,16623
0.0,50.0,9.0,0.0,0.0,1.0,1.0,0,0,0
0.0,18.0,9.0,0.0,0.0,0.0,1.0,3286,3174,634
0.0,35.0,11.0,0.0,0.0,1.0,1.0,25817,25244,25565
0.0,36.0,11.0,0.0,0.0,1.0,1.0,0,0,0
0.0,46.0,8.0,0.0,0.0,1.0,1.0,23360,18046,20285
0.0,48.0,12.0,0.0,0.0,1.0,0.0,25862,11052,21674
0.0,45.0,11.0,0.0,0.0,1.0,1.0,25862,25244,25565
0.0,18.0,12.0,0.0,0.0,0.0,0.0,1123,0,25565
0.0,24.0,16.0,0.0,0.0,0.0,0.0,0,0,631
0.0,22.0,14.0,0.0,0.0,0.0,0.0,8770,15809,22139
0.0,47.0,12.0,0.0,0.0,1.0,0.0,23452,22490,20712
0.0,23.0,12.0,0.0,0.0,0.0,0.0,19105,471,12639
0.0,48.0,8.0,0.0,0.0,1.0,1.0,25862,23752,22206
0.0,39.0,16.0,0.0,0.0,1.0,0.0,22610,22245,4857
0.0,37.0,4.0,0.0,0.0,0.0,1.0,13527,13141,8716
0.0,49.0,5.0,0.0,0.0,1.0,1.0,25862,25244,0
0.0,21.0,12.0,0.0,0.0,0.0,0.0,15237,14797,15296
0.0,41.0,12.0,0.0,0.0,1.0,0.0,25862,23908,25565
0.0,49.0,9.0,0.0,0.0,1.0,1.0,25692,23106,25565
0.0,54.0,12.0,0.0,0.0,1.0,0.0,25862,25244,0
0.0,48.0,14.0,0.0,0.0,1.0,0.0,25862,25244,25565
0.0,32.0,12.0,0.0,0.0,1.0,0.0,24869,23881,25565
0.0,29.0,13.0,0.0,0.0,0.0,0.0,16201,14405,16406
0.0,55.0,12.0,0.0,0.0,1.0,0.0,25862,25244,25565
0.0,29.0,18.0,0.0,0.0,1.0,0.0,25862,25244,25565
0.0,26.0,12.0,0.0,0.0,1.0,0.0,0,111,0
0.0,39.0,14.0,0.0,0.0,1.0,0.0,25862,22021,25565
0.0,43.0,16.0,0.0,0.0,1.0,0.0,978,0,0
0.0,27.0,12.0,0.0,0.0,1.0,0.0,24324,25244,25565
0.0,22.0,12.0,1.0,0.0,1.0,0.0,9730,7373,2231
0.0,28.0,16.0,0.0,0.0,0.0,0.0,3466,9652,2098
0.0,22.0,17.0,0.0,0.0,0.0,0.0,31,0,9630
0.0,19.0,11.0,0.0,0.0,1.0,1.0,39,4744,40
0.0,41.0,18.0,0.0,0.0,1.0,0.0,25862,25244,25565
0.0,23.0,12.0,0.0,0.0,1.0,0.0,10022,3441,16067
0.0,16.0,9.0,0.0,0.0,1.0,1.0,921,0,15998
0.0,46.0,8.0,0.0,0.0,0.0,1.0,18466,19523,20496
0.0,30.0,12.0,0.0,0.0,1.0,0.0,19150,18558,25565
0.0,46.0,8.0,0.0,0.0,1.0,1.0,25862,25244,25565
0.0,28.0,10.0,1.0,0.0,1.0,1.0,16926,17606,20116
0.0,32.0,12.0,0.0,0.0,1.0,0.0,25862,25244,25565
0.0,40.0,9.0,0.0,0.0,1.0,1.0,25862,19246,23453
0.0,44.0,16.0,0.0,0.0,1.0,0.0,25862,25244,25565
0.0,17.0,10.0,0.0,0.0,0.0,1.0,0,372,655
0.0,41.0,8.0,0.0,0.0,1.0,1.0,19908,15112,10538
0.0,22.0,12.0,0.0,0.0,1.0,0.0,18478,12432,11483
0.0,28.0,10.0,0.0,0.0,1.0,1.0,10415,5545,10289
0.0,55.0,12.0,0.0,0.0,1.0,0.0,25862,25244,25565
0.0,33.0,14.0,0.0,0.0,1.0,0.0,25862,25244,25565
0.0,43.0,12.0,0.0,0.0,1.0,0.0,0,21,0
0.0,30.0,16.0,1.0,0.0,1.0,0.0,19358,20995,20951
0.0,43.0,13.0,1.0,0.0,1.0,0.0,20002,10094,19960
0.0,50.0,11.0,0.0,0.0,1.0,1.0,14234,14858,13468
0.0,30.0,13.0,0.0,0.0,1.0,0.0,20251,10024,12095
0.0,29.0,15.0,0.0,0.0,1.0,0.0,6734,2182,5564
0.0,52.0,8.0,0.0,0.0,1.0,1.0,25862,25244,25565
0.0,55.0,18.0,0.0,0.0,1.0,0.0,25862,25244,25565
0.0,19.0,13.0,0.0,0.0,0.0,0.0,4659,3101,2069
0.0,24.0,14.0,0.0,0.0,1.0,0.0,25862,25244,25565
0.0,27.0,18.0,1.0,0.0,0.0,0.0,14528,21960,25565
0.0,33.0,16.0,0.0,0.0,1.0,0.0,25862,25244,25565
0.0,43.0,13.0,0.0,0.0,1.0,0.0,25862,25244,25565
0.0,21.0,12.0,0.0,0.0,0.0,0.0,9689,235,0
0.0,34.0,11.0,0.0,0.0,1.0,1.0,20204,17295,22433
0.0,22.0,12.0,0.0,0.0,1.0,0.0,11385,11270,0
0.0,28.0,12.0,0.0,0.0,1.0,0.0,11826,2945,20447
0.0,34.0,13.0,0.0,0.0,1.0,0.0,23425,25244,25565
0.0,36.0,15.0,0.0,0.0,0.0,0.0,20901,21697,22581
0.0,34.0,13.0,0.0,0.0,1.0,0.0,23836,24796,25565
0.0,34.0,14.0,0.0,0.0,1.0,0.0,0,0,2366
0.0,32.0,12.0,0.0,0.0,1.0,0.0,25402,6325,659
0.0,29.0,12.0,0.0,0.0,1.0,0.0,0,6357,4600
0.0,30.0,12.0,0.0,0.0,1.0,0.0,25862,25244,25565
0.0,28.0,12.0,0.0,0.0,0.0,0.0,25862,25244,25565
0.0,21.0,12.0,0.0,0.0,0.0,0.0,14324,2028,2073
0.0,20.0,12.0,0.0,0.0,0.0,0.0,20,360,0
0.0,40.0,12.0,0.0,0.0,1.0,0.0,25862,25244,18110
0.0,27.0,12.0,0.0,0.0,1.0,0.0,18803,21874,25312
0.0,28.0,12.0,1.0,0.0,1.0,0.0,23396,20471,25565
0.0,38.0,12.0,0.0,0.0,1.0,0.0,25862,25244,25565
0.0,48.0,16.0,0.0,0.0,1.0,0.0,25862,25244,5527
0.0,18.0,11.0,0.0,0.0,0.0,1.0,3058,2804,13059
0.0,27.0,16.0,0.0,0.0,0.0,0.0,15835,15701,16500
0.0,34.0,18.0,0.0,0.0,0.0,0.0,14526,13893,13004
0.0,31.0,13.0,0.0,0.0,1.0,0.0,25862,25244,25565
0.0,21.0,12.0,0.0,0.0,0.0,0.0,12036,13658,21863
0.0,22.0,15.0,0.0,0.0,1.0,0.0,2124,863,24176
0.0,48.0,13.0,0.0,0.0,1.0,0.0,25862,25244,25565
0.0,41.0,12.0,0.0,0.0,1.0,0.0,17173,23813,15190
0.0,35.0,13.0,0.0,0.0,1.0,0.0,25862,25244,25565
0.0,46.0,12.0,0.0,0.0,1.0,0.0,19148,18360,25565
0.0,21.0,12.0,0.0,0.0,0.0,0.0,13074,14152,10830
0.0,27.0,12.0,0.0,0.0,1.0,0.0,19555,19942,25565
0.0,21.0,11.0,0.0,0.0,0.0,1.0,6093,3774,13091
0.0,21.0,12.0,0.0,0.0,0.0,0.0,9038,8069,4418
0.0,54.0,12.0,0.0,0.0,1.0,0.0,25862,25244,25565
0.0,53.0,13.0,0.0,0.0,1.0,0.0,25862,25244,25565
0.0,44.0,13.0,0.0,0.0,1.0,0.0,25862,25244,25565
0.0,17.0,11.0,0.0,0.0,0.0,1.0,2069,1962,0
0.0,27.0,12.0,0.0,0.0,1.0,0.0,25862,22594,25565
0.0,30.0,12.0,0.0,0.0,1.0,0.0,24191,25244,23452
0.0,46.0,12.0,0.0,0.0,1.0,0.0,13868,12783,15546
0.0,22.0,12.0,0.0,0.0,0.0,0.0,0,2909,20393
0.0,34.0,12.0,0.0,0.0,1.0,0.0,21961,17244,0
0.0,38.0,12.0,0.0,0.0,1.0,0.0,10039,8762,25565
0.0,19.0,12.0,0.0,0.0,0.0,0.0,10319,25244,25565
0.0,26.0,11.0,0.0,0.0,1.0,1.0,25862,13404,17557
0.0,25.0,12.0,0.0,0.0,0.0,0.0,23327,3842,9290
0.0,31.0,12.0,0.0,0.0,1.0,0.0,21601,25244,25565
0.0,31.0,12.0,0.0,0.0,0.0,0.0,6736,73,17600
0.0,22.0,12.0,0.0,0.0,1.0,0.0,12153,14913,17482
0.0,29.0,16.0,0.0,0.0,1.0,0.0,25186,25244,25565
0.0,53.0,15.0,0.0,0.0,0.0,0.0,12122,18994,8244
0.0,22.0,15.0,0.0,0.0,0.0,0.0,474,4014,25565
0.0,32.0,11.0,0.0,0.0,1.0,1.0,18325,24757,25565
0.0,53.0,8.0,0.0,0.0,1.0,1.0,20845,21720,25565
0.0,40.0,12.0,0.0,0.0,1.0,0.0,25862,25244,24750
0.0,19.0,13.0,0.0,0.0,0.0,0.0,2766,818,0
0.0,51.0,16.0,0.0,0.0,1.0,0.0,25862,25244,25565
0.0,34.0,13.0,0.0,0.0,1.0,0.0,25862,25244,25565
0.0,42.0,8.0,0.0,0.0,1.0,1.0,19026,17941,17793
0.0,30.0,11.0,0.0,0.0,0.0,1.0,1614,7213,6270
0.0,36.0,16.0,0.0,0.0,1.0,0.0,25862,25244,25565
0.0,38.0,6.0,1.0,0.0,1.0,1.0,15120,14387,16218
0.0,37.0,12.0,0.0,0.0,1.0,0.0,20086,19421,22738
0.0,34.0,15.0,0.0,0.0,1.0,0.0,25862,25244,25565
0.0,44.0,8.0,0.0,0.0,1.0,1.0,14708,17194,22897
0.0,47.0,11.0,0.0,0.0,1.0,1.0,25862,25244,25565
0.0,32.0,12.0,0.0,0.0,1.0,0.0,25862,25244,25565
0.0,45.0,12.0,0.0,0.0,1.0,0.0,18110,7306,21330
0.0,28.0,18.0,0.0,0.0,0.0,0.0,14522,8663,16644
0.0,18.0,12.0,0.0,0.0,0.0,0.0,3256,1960,7285
0.0,32.0,12.0,0.0,0.0,1.0,0.0,25862,17432,25565
0.0,47.0,8.0,0.0,0.0,0.0,1.0,10272,9585,4894
0.0,37.0,12.0,0.0,0.0,1.0,0.0,1726,0,0
0.0,33.0,8.0,0.0,0.0,1.0,1.0,25327,25244,0
0.0,49.0,12.0,0.0,0.0,1.0,0.0,0,0,0
0.0,53.0,8.0,0.0,0.0,1.0,1.0,17812,18041,4005
0.0,20.0,12.0,0.0,0.0,0.0,0.0,0,0,4014
0.0,33.0,12.0,0.0,0.0,0.0,0.0,8031,0,10641
0.0,30.0,11.0,0.0,0.0,1.0,1.0,18080,15948,14356
0.0,54.0,6.0,0.0,0.0,1.0,1.0,14792,9569,23821
0.0,19.0,12.0,0.0,0.0,0.0,0.0,337,2519,7118
0.0,18.0,11.0,0.0,0.0,0.0,1.0,131,218,7504
0.0,23.0,14.0,0.0,0.0,0.0,0.0,18707,20499,22764
0.0,37.0,16.0,0.0,0.0,1.0,0.0,0,2589,1754
0.0,29.0,13.0,0.0,0.0,1.0,0.0,8276,6646,23796
0.0,35.0,12.0,0.0,0.0,1.0,0.0,0,0,0
0.0,24.0,12.0,0.0,0.0,1.0,0.0,25862,18315,25565
0.0,53.0,12.0,0.0,0.0,1.0,0.0,17320,15826,2573
0.0,23.0,12.0,0.0,0.0,1.0,0.0,0,5494,0
0.0,40.0,16.0,0.0,0.0,0.0,0.0,0,0,0
0.0,27.0,10.0,0.0,0.0,1.0,1.0,16983,10207,6501
0.0,42.0,12.0,0.0,0.0,1.0,0.0,21646,23079,0
0.0,21.0,12.0,0.0,0.0,1.0,0.0,7416,8060,9208
0.0,29.0,12.0,0.0,0.0,1.0,0.0,25862,25244,25565
0.0,29.0,12.0,0.0,0.0,1.0,0.0,25862,25244,25337
0.0,25.0,12.0,0.0,0.0,1.0,0.0,25809,23548,17465
0.0,43.0,9.0,0.0,0.0,1.0,1.0,25862,24048,25565
0.0,54.0,10.0,0.0,0.0,1.0,1.0,14904,16347,22575
0.0,53.0,8.0,0.0,0.0,0.0,1.0,10643,2077,0
0.0,28.0,18.0,1.0,0.0,1.0,0.0,0,10679,20391
0.0,22.0,14.0,0.0,1.0,1.0,0.0,0,0,16638
0.0,39.0,10.0,0.0,0.0,1.0,1.0,0,0,18769
0.0,43.0,8.0,0.0,0.0,1.0,1.0,18339,2675,6396
0.0,53.0,9.0,0.0,0.0,1.0,1.0,19273,19327,19946
0.0,22.0,14.0,0.0,0.0,0.0,0.0,10911,11163,25565
0.0,36.0,12.0,0.0,0.0,1.0,0.0,22494,17681,17598
0.0,26.0,14.0,0.0,0.0,0.0,0.0,6368,603,7587
0.0,33.0,12.0,0.0,0.0,1.0,0.0,25862,25244,25565
0.0,25.0,12.0,0.0,0.0,1.0,0.0,25349,25244,25565
0.0,31.0,12.0,0.0,0.0,1.0,0.0,23817,25244,25565
0.0,36.0,15.0,0.0,0.0,1.0,0.0,25862,25244,25565
0.0,22.0,12.0,0.0,0.0,1.0,0.0,21140,24517,25565
0.0,25.0,13.0,0.0,0.0,1.0,0.0,22214,23226,19194
0.0,26.0,18.0,0.0,0.0,1.0,0.0,22557,25244,25565
0.0,34.0,18.0,0.0,0.0,1.0,0.0,25862,25244,24848
0.0,30.0,18.0,0.0,0.0,1.0,0.0,25862,25244,11118
0.0,43.0,14.0,0.0,0.0,1.0,0.0,0,5738,8770
0.0,34.0,9.0,0.0,0.0,1.0,1.0,11999,12165,25565
0.0,47.0,8.0,0.0,0.0,1.0,1.0,25862,16736,5754
0.0,16.0,10.0,0.0,0.0,0.0,1.0,0,0,11565
0.0,28.0,12.0,0.0,0.0,0.0,0.0,11969,14863,15095
0.0,23.0,13.0,0.0,0.0,0.0,0.0,3403,4365,13693
0.0,25.0,15.0,0.0,0.0,0.0,0.0,9085,8943,9183
0.0,49.0,10.0,0.0,0.0,1.0,1.0,20852,22563,25565
0.0,25.0,16.0,0.0,0.0,0.0,0.0,10529,6565,13806
0.0,21.0,12.0,0.0,0.0,1.0,0.0,11650,13032,18545
0.0,42.0,12.0,0.0,0.0,1.0,0.0,0,0,0
0.0,22.0,15.0,0.0,0.0,0.0,0.0,5080,9279,21925
0.0,22.0,14.0,0.0,0.0,0.0,0.0,7857,8395,15708
0.0,21.0,12.0,0.0,0.0,1.0,0.0,6654,8705,9407
0.0,24.0,12.0,0.0,0.0,1.0,0.0,6953,9041,25565
0.0,23.0,12.0,0.0,0.0,1.0,0.0,10819,11034,25565
0.0,32.0,5.0,0.0,0.0,0.0,1.0,12243,11164,13266
0.0,27.0,12.0,0.0,0.0,1.0,0.0,20192,19867,25364
0.0,24.0,14.0,0.0,0.0,1.0,0.0,14461,14661,10728
0.0,23.0,12.0,0.0,0.0,1.0,0.0,15306,20376,17275
0.0,46.0,8.0,0.0,0.0,1.0,1.0,7676,2143,14136
0.0,55.0,13.0,0.0,0.0,1.0,0.0,21791,19532,19377
0.0,17.0,11.0,0.0,0.0,0.0,1.0,0,0,1691
0.0,28.0,16.0,0.0,0.0,1.0,0.0,0,0,0
0.0,40.0,18.0,0.0,0.0,1.0,0.0,25862,25244,25565
0.0,50.0,12.0,0.0,0.0,0.0,0.0,4649,0,5516
0.0,23.0,12.0,0.0,0.0,1.0,0.0,14865,14423,15494
0.0,42.0,12.0,0.0,0.0,1.0,0.0,11260,10787,11761
0.0,26.0,12.0,0.0,0.0,1.0,0.0,14598,9786,14284
0.0,38.0,11.0,0.0,0.0,0.0,1.0,3919,3581,0
0.0,30.0,16.0,0.0,0.0,1.0,0.0,13772,19924,65
0.0,27.0,17.0,0.0,0.0,1.0,0.0,22594,11027,13286
0.0,46.0,9.0,0.0,0.0,1.0,1.0,25862,25244,25565
0.0,32.0,12.0,0.0,0.0,0.0,0.0,6319,17468,13923
0.0,36.0,18.0,0.0,0.0,1.0,0.0,0,0,0
0.0,18.0,11.0,0.0,0.0,0.0,1.0,0,1019,9481
0.0,40.0,16.0,0.0,0.0,1.0,0.0,25862,25244,25565
0.0,22.0,12.0,0.0,0.0,1.0,0.0,14904,14870,18135
0.0,20.0,13.0,0.0,0.0,0.0,0.0,1993,3321,19939
0.0,17.0,10.0,0.0,0.0,0.0,1.0,0,0,3493
0.0,31.0,9.0,0.0,1.0,0.0,1.0,25862,25244,14460
0.0,40.0,12.0,0.0,0.0,1.0,0.0,24485,19446,25399
0.0,33.0,11.0,0.0,0.0,1.0,1.0,22851,24930,25565
0.0,17.0,11.0,0.0,0.0,0.0,1.0,1991,2463,14538
0.0,28.0,11.0,0.0,0.0,1.0,1.0,21920,25244,25565
0.0,27.0,12.0,0.0,0.0,1.0,0.0,0,0,25565
0.0,47.0,8.0,0.0,0.0,1.0,1.0,9518,25244,25565
0.0,52.0,12.0,0.0,0.0,1.0,0.0,25862,16970,25565
0.0,34.0,12.0,0.0,0.0,1.0,0.0,25862,25244,23626
0.0,50.0,12.0,0.0,0.0,1.0,0.0,25862,25244,25565
0.0,23.0,16.0,0.0,0.0,1.0,0.0,25862,25244,25565
0.0,29.0,13.0,0.0,0.0,1.0,0.0,25862,25244,25565
0.0,25.0,14.0,0.0,0.0,1.0,0.0,21530,21672,25565
0.0,28.0,12.0,0.0,0.0,0.0,0.0,25862,25244,25565
0.0,38.0,12.0,1.0,0.0,1.0,0.0,13321,20934,16698
0.0,23.0,10.0,0.0,0.0,1.0,1.0,19038,20034,19547
0.0,31.0,12.0,0.0,0.0,1.0,0.0,20216,25244,21594
0.0,40.0,11.0,0.0,0.0,1.0,1.0,14471,15848,11188
0.0,50.0,12.0,0.0,0.0,1.0,0.0,25862,9550,0
0.0,44.0,10.0,0.0,0.0,1.0,1.0,25862,25244,25565
0.0,51.0,14.0,1.0,0.0,1.0,0.0,0,0,0
0.0,38.0,8.0,0.0,0.0,1.0,1.0,4185,0,0
0.0,33.0,12.0,0.0,0.0,1.0,0.0,21405,16759,16336
0.0,38.0,17.0,0.0,0.0,1.0,0.0,0,0,0
0.0,47.0,4.0,0.0,0.0,1.0,1.0,18801,17169,18302
0.0,48.0,12.0,0.0,0.0,1.0,0.0,25862,25244,25565
0.0,31.0,8.0,0.0,0.0,1.0,1.0,0,2829,7802
0.0,55.0,8.0,0.0,0.0,1.0,1.0,12163,19239,19312
0.0,49.0,12.0,0.0,0.0,1.0,0.0,25862,25244,25565
0.0,34.0,12.0,0.0,0.0,1.0,0.0,0,19767,25404
0.0,26.0,16.0,0.0,0.0,1.0,0.0,25045,11759,25565
0.0,31.0,13.0,0.0,0.0,1.0,0.0,25862,25244,25565
0.0,21.0,8.0,0.0,0.0,1.0,1.0,12694,14002,2165
0.0,52.0,16.0,0.0,0.0,0.0,0.0,5394,7958,0
0.0,23.0,16.0,0.0,0.0,1.0,0.0,482,7303,20508
0.0,42.0,8.0,0.0,1.0,1.0,1.0,22208,24465,25565
0.0,22.0,12.0,0.0,1.0,1.0,0.0,20020,19301,24202
0.0,27.0,16.0,0.0,0.0,1.0,0.0,25862,25244,25565
0.0,31.0,14.0,0.0,0.0,1.0,0.0,25862,25244,3143
0.0,30.0,18.0,0.0,0.0,1.0,0.0,25862,25244,21773
0.0,46.0,14.0,0.0,0.0,1.0,0.0,0,0,0
0.0,18.0,11.0,0.0,0.0,0.0,1.0,3611,3457,28
0.0,17.0,12.0,0.0,0.0,0.0,0.0,3004,1090,0
0.0,37.0,8.0,0.0,0.0,1.0,1.0,21203,20188,20979
0.0,21.0,8.0,0.0,0.0,1.0,1.0,88,7607,10282
0.0,21.0,13.0,0.0,0.0,1.0,0.0,21887,23126,25565
0.0,19.0,10.0,0.0,0.0,0.0,1.0,1348,4682,15569
0.0,16.0,10.0,0.0,0.0,0.0,1.0,0,573,11117
0.0,28.0,14.0,0.0,0.0,0.0,0.0,24213,25244,25565
0.0,35.0,14.0,0.0,0.0,1.0,0.0,24387,25244,10821
0.0,41.0,18.0,0.0,0.0,1.0,0.0,25862,25244,25565
0.0,55.0,12.0,0.0,0.0,1.0,0.0,21385,2865,0
0.0,39.0,10.0,0.0,0.0,1.0,1.0,12676,21505,23008
0.0,38.0,12.0,0.0,0.0,1.0,0.0,25862,25244,25565
0.0,52.0,8.0,0.0,0.0,0.0,1.0,8229,7519,23389
0.0,25.0,11.0,0.0,0.0,1.0,1.0,5694,7885,15753
0.0,28.0,12.0,0.0,0.0,1.0,0.0,0,0,0
0.0,45.0,12.0,0.0,0.0,1.0,0.0,24281,25244,25565
0.0,21.0,11.0,0.0,0.0,0.0,1.0,3885,8764,14499
0.0,17.0,10.0,0.0,0.0,0.0,1.0,562,1149,7842
0.0,26.0,14.0,0.0,0.0,1.0,0.0,114,1162,486
0.0,47.0,12.0,0.0,0.0,1.0,0.0,25862,25244,25565
0.0,18.0,12.0,0.0,0.0,0.0,0.0,8296,11625,18115
0.0,25.0,14.0,0.0,0.0,1.0,0.0,10939,519,0
0.0,39.0,10.0,0.0,0.0,1.0,1.0,25862,25244,25565
0.0,54.0,12.0,0.0,0.0,1.0,0.0,20374,20499,10261
0.0,34.0,12.0,0.0,0.0,1.0,0.0,19162,18297,15627
0.0,29.0,12.0,0.0,0.0,1.0,0.0,6648,7988,11545
0.0,30.0,12.0,0.0,0.0,0.0,0.0,11654,4757,0
0.0,45.0,12.0,0.0,0.0,0.0,0.0,4473,609,0
0.0,29.0,17.0,0.0,0.0,0.0,0.0,0,0,0
0.0,27.0,16.0,0.0,0.0,1.0,0.0,0,0,0
0.0,26.0,17.0,0.0,0.0,0.0,0.0,0,1049,25565
0.0,31.0,17.0,0.0,0.0,0.0,0.0,0,0,24931
0.0,29.0,17.0,0.0,0.0,0.0,0.0,0,0,0
0.0,18.0,11.0,0.0,0.0,0.0,1.0,2692,1153,2050
0.0,29.0,12.0,0.0,0.0,1.0,0.0,18613,18098,19045
0.0,50.0,12.0,0.0,0.0,1.0,0.0,5762,4748,4028
0.0,43.0,12.0,0.0,0.0,1.0,0.0,25862,25244,25565
0.0,41.0,12.0,0.0,0.0,1.0,0.0,17001,10683,25565
0.0,22.0,12.0,0.0,0.0,1.0,0.0,9340,10183,17419
0.0,18.0,12.0,0.0,0.0,0.0,0.0,5141,4547,17396
0.0,43.0,6.0,0.0,0.0,1.0,1.0,25862,15730,17883
0.0,29.0,12.0,0.0,0.0,1.0,0.0,14401,10822,12406
0.0,28.0,16.0,0.0,0.0,1.0,0.0,0,0,0
0.0,25.0,16.0,0.0,0.0,1.0,0.0,0,0,0
0.0,36.0,8.0,0.0,0.0,1.0,1.0,17447,16396,17817
0.0,35.0,10.0,0.0,0.0,1.0,1.0,25862,25244,0
0.0,55.0,12.0,0.0,0.0,0.0,0.0,18627,16181,11123
0.0,25.0,13.0,0.0,0.0,1.0,0.0,18656,19629,24007
0.0,55.0,12.0,0.0,0.0,1.0,0.0,25627,17298,25565
0.0,46.0,13.0,0.0,0.0,1.0,0.0,14216,15121,16013
0.0,32.0,12.0,0.0,0.0,1.0,0.0,2500,4315,11761
0.0,45.0,8.0,0.0,0.0,1.0,1.0,25862,25244,25565
0.0,50.0,12.0,0.0,0.0,1.0,0.0,25862,25183,25565
0.0,50.0,11.0,0.0,0.0,1.0,1.0,25862,25244,25565
0.0,38.0,12.0,0.0,0.0,1.0,0.0,9618,9822,3306
0.0,26.0,12.0,0.0,0.0,1.0,0.0,20784,25244,0
0.0,20.0,12.0,0.0,0.0,1.0,0.0,7774,12095,17171
0.0,37.0,12.0,0.0,0.0,1.0,0.0,20829,19393,20162
0.0,21.0,13.0,0.0,0.0,0.0,0.0,6577,4741,16155
0.0,16.0,10.0,0.0,0.0,0.0,1.0,72,1531,2326
0.0,29.0,18.0,0.0,0.0,1.0,0.0,20948,21264,25565
0.0,17.0,10.0,0.0,0.0,0.0,1.0,0,2725,4760
0.0,44.0,12.0,0.0,0.0,1.0,0.0,14146,12312,14316
0.0,45.0,8.0,0.0,0.0,1.0,1.0,9271,9951,10817
0.0,33.0,12.0,0.0,0.0,1.0,0.0,25617,25244,25565
0.0,19.0,10.0,0.0,0.0,0.0,1.0,10323,8708,7219
0.0,27.0,15.0,0.0,0.0,1.0,0.0,12524,15001,9110
0.0,53.0,7.0,0.0,0.0,0.0,1.0,10286,9578,10340
0.0,28.0,16.0,0.0,0.0,1.0,0.0,13429,14571,18087
0.0,24.0,16.0,0.0,0.0,0.0,0.0,22733,25244,25565
0.0,53.0,12.0,0.0,0.0,1.0,0.0,23862,21973,25475
0.0,28.0,12.0,0.0,0.0,1.0,0.0,20057,17909,17653
0.0,26.0,12.0,0.0,0.0,1.0,0.0,6262,7192,13665
0.0,24.0,12.0,0.0,1.0,1.0,0.0,19986,18208,11244
0.0,25.0,12.0,0.0,0.0,1.0,0.0,4559,5045,14776
0.0,35.0,12.0,0.0,0.0,1.0,0.0,17416,10917,9924
0.0,31.0,16.0,0.0,0.0,1.0,0.0,25862,25244,2366
0.0,50.0,12.0,0.0,0.0,1.0,0.0,25862,24091,0
0.0,19.0,12.0,0.0,0.0,0.0,0.0,974,618,25565
0.0,51.0,12.0,0.0,0.0,1.0,0.0,25862,22383,9682
0.0,49.0,8.0,0.0,0.0,1.0,1.0,25862,21235,25565
0.0,21.0,11.0,0.0,0.0,0.0,1.0,10537,4458,0
0.0,25.0,17.0,0.0,0.0,1.0,0.0,0,0,18668
0.0,52.0,13.0,0.0,0.0,1.0,0.0,0,0,0
0.0,41.0,18.0,0.0,0.0,1.0,0.0,0,0,0
0.0,42.0,12.0,0.0,0.0,1.0,0.0,0,0,0
0.0,17.0,10.0,0.0,0.0,0.0,1.0,2104,1418,983
0.0,29.0,18.0,0.0,0.0,1.0,0.0,22400,20213,21254
0.0,21.0,12.0,0.0,0.0,1.0,0.0,12902,0,24637
0.0,47.0,8.0,0.0,0.0,0.0,1.0,3331,3128,3575
0.0,42.0,12.0,0.0,0.0,1.0,0.0,25862,21829,25565
0.0,33.0,12.0,0.0,0.0,1.0,0.0,18738,19287,22167
0.0,35.0,12.0,0.0,0.0,1.0,0.0,25862,0,25565
0.0,29.0,18.0,0.0,0.0,1.0,0.0,18474,19593,20634
0.0,37.0,9.0,0.0,0.0,1.0,1.0,25862,23643,25565
0.0,28.0,13.0,0.0,0.0,0.0,0.0,12385,11890,3643
0.0,43.0,12.0,0.0,0.0,1.0,0.0,15445,15524,15915
0.0,17.0,11.0,0.0,0.0,0.0,1.0,1074,2668,10743
0.0,37.0,12.0,0.0,0.0,1.0,0.0,6824,8026,8546
0.0,26.0,15.0,0.0,0.0,1.0,0.0,25470,25244,15216
0.0,33.0,12.0,1.0,0.0,1.0,0.0,10866,18041,25565
0.0,44.0,9.0,1.0,0.0,1.0,1.0,20833,21384,22795
0.0,21.0,12.0,0.0,0.0,1.0,0.0,21454,22925,21990
0.0,49.0,10.0,0.0,0.0,1.0,1.0,9732,6959,669
0.0,42.0,8.0,0.0,0.0,1.0,1.0,0,0,0
0.0,19.0,12.0,0.0,0.0,0.0,0.0,355,2668,19132
0.0,25.0,14.0,0.0,0.0,1.0,0.0,9659,0,8778
0.0,49.0,11.0,0.0,0.0,1.0,1.0,25862,25244,3440
0.0,23.0,12.0,0.0,0.0,1.0,0.0,12837,4168,12754
0.0,29.0,13.0,0.0,0.0,1.0,0.0,18174,15365,25565
0.0,49.0,12.0,0.0,0.0,1.0,0.0,25034,22531,24767
0.0,37.0,7.0,0.0,0.0,1.0,1.0,964,0,0
0.0,48.0,16.0,0.0,0.0,1.0,0.0,24640,24603,25565
0.0,42.0,13.0,0.0,0.0,1.0,0.0,22923,24615,25565
0.0,38.0,18.0,0.0,0.0,0.0,0.0,15731,9218,10538
0.0,22.0,12.0,0.0,0.0,1.0,0.0,18570,19921,18200
0.0,27.0,17.0,0.0,1.0,0.0,0.0,3580,2830,25565
0.0,29.0,12.0,0.0,0.0,0.0,0.0,18962,22397,24742
0.0,48.0,5.0,0.0,1.0,1.0,1.0,17829,16757,19210
0.0,54.0,8.0,0.0,1.0,1.0,1.0,25862,25244,25565
0.0,50.0,12.0,0.0,0.0,0.0,0.0,23445,18820,18733
0.0,38.0,6.0,0.0,0.0,1.0,1.0,20425,18619,17733
0.0,27.0,16.0,0.0,0.0,1.0,0.0,11912,19343,25565
0.0,21.0,12.0,0.0,0.0,0.0,0.0,9316,12803,15393
0.0,45.0,13.0,0.0,0.0,1.0,0.0,25388,24755,25565
0.0,20.0,14.0,0.0,0.0,0.0,0.0,1385,2863,18216
0.0,18.0,12.0,1.0,0.0,0.0,0.0,4555,945,2239
0.0,34.0,11.0,1.0,0.0,1.0,1.0,5459,6066,15670
0.0,23.0,10.0,0.0,0.0,0.0,1.0,4818,840,11686
0.0,24.0,12.0,0.0,0.0,0.0,0.0,21605,15271,15719
0.0,30.0,13.0,0.0,1.0,0.0,0.0,10931,13805,18902
0.0,46.0,9.0,0.0,0.0,1.0,1.0,24463,24628,19651
0.0,19.0,9.0,0.0,0.0,0.0,1.0,6767,2378,21344
0.0,49.0,12.0,0.0,0.0,1.0,0.0,25862,25244,25565
0.0,22.0,15.0,0.0,0.0,0.0,0.0,5108,0,6712
0.0,20.0,8.0,0.0,0.0,1.0,1.0,5989,5770,20503
0.0,27.0,12.0,0.0,0.0,1.0,0.0,19700,20861,0
0.0,43.0,12.0,0.0,0.0,1.0,0.0,19908,19901,21622
0.0,33.0,9.0,0.0,0.0,1.0,1.0,21050,20625,18039
0.0,18.0,11.0,0.0,0.0,0.0,1.0,901,3656,9783
0.0,32.0,18.0,0.0,0.0,1.0,0.0,6452,25244,4773
0.0,41.0,3.0,0.0,1.0,1.0,1.0,13037,18874,0
0.0,26.0,12.0,1.0,0.0,1.0,0.0,10651,9055,10449
0.0,49.0,12.0,0.0,0.0,1.0,0.0,25862,25244,25565
0.0,36.0,11.0,0.0,0.0,1.0,1.0,19173,19976,17471
0.0,29.0,12.0,0.0,0.0,1.0,0.0,17982,14349,2617
0.0,46.0,9.0,0.0,0.0,1.0,1.0,24352,24330,25565
0.0,49.0,12.0,0.0,0.0,1.0,0.0,12755,25244,8708
0.0,35.0,12.0,0.0,0.0,1.0,0.0,25862,25244,25565
0.0,48.0,9.0,0.0,0.0,1.0,1.0,11530,14195,0
0.0,20.0,12.0,0.0,0.0,0.0,0.0,1348,6467,14693
0.0,31.0,10.0,1.0,0.0,1.0,1.0,11056,10857,1979
0.0,28.0,14.0,0.0,0.0,1.0,0.0,21905,20078,25565
0.0,35.0,12.0,1.0,0.0,1.0,0.0,19412,16682,21832
0.0,29.0,12.0,1.0,0.0,1.0,0.0,10163,5265,14306
0.0,28.0,18.0,0.0,0.0,1.0,0.0,18783,18797,21124
0.0,32.0,12.0,0.0,0.0,1.0,0.0,23533,25244,25565
0.0,45.0,12.0,0.0,0.0,1.0,0.0,25862,25244,25565
0.0,25.0,9.0,1.0,0.0,1.0,1.0,14830,13777,0
0.0,20.0,12.0,0.0,0.0,1.0,0.0,14798,14793,17187
0.0,23.0,12.0,1.0,0.0,1.0,0.0,9647,10217,0
0.0,22.0,8.0,1.0,0.0,1.0,1.0,8591,11700,12007
0.0,38.0,14.0,0.0,0.0,1.0,0.0,25862,25244,25565
0.0,27.0,12.0,0.0,0.0,1.0,0.0,9101,25244,23874
0.0,50.0,12.0,0.0,0.0,1.0,0.0,25862,25244,25565
0.0,52.0,12.0,0.0,0.0,1.0,0.0,25862,25244,23889
0.0,21.0,12.0,0.0,0.0,0.0,0.0,11475,13777,11275
0.0,35.0,12.0,0.0,0.0,1.0,0.0,16233,13802,4093
0.0,28.0,12.0,0.0,0.0,0.0,0.0,0,2195,0
0.0,22.0,12.0,0.0,0.0,1.0,0.0,3922,773,9280
0.0,52.0,18.0,0.0,0.0,1.0,0.0,25862,25244,25565
0.0,24.0,16.0,0.0,0.0,1.0,0.0,11748,13619,25565
0.0,35.0,12.0,0.0,0.0,1.0,0.0,0,0,0
0.0,52.0,13.0,0.0,1.0,1.0,0.0,19775,25244,17431
0.0,17.0,10.0,0.0,1.0,0.0,1.0,1767,2113,3332
0.0,51.0,12.0,0.0,0.0,1.0,0.0,25743,25244,0
0.0,18.0,12.0,0.0,0.0,1.0,0.0,2416,2462,17109
0.0,33.0,12.0,1.0,0.0,1.0,0.0,20692,20066,25216
0.0,54.0,18.0,0.0,0.0,1.0,0.0,25862,25244,24173
0.0,27.0,18.0,0.0,0.0,0.0,0.0,880,3545,2194
0.0,32.0,12.0,0.0,0.0,1.0,0.0,25862,23274,5039
0.0,39.0,11.0,1.0,0.0,0.0,1.0,19700,10486,16342
0.0,35.0,8.0,0.0,0.0,1.0,1.0,0,0,0
0.0,28.0,12.0,0.0,0.0,1.0,0.0,18529,16919,10678
0.0,32.0,12.0,0.0,0.0,1.0,0.0,0,0,0
0.0,34.0,12.0,0.0,0.0,1.0,0.0,25862,23489,10220
0.0,37.0,9.0,0.0,0.0,1.0,1.0,24538,14505,25565
0.0,46.0,11.0,1.0,0.0,1.0,1.0,0,0,2821
0.0,18.0,10.0,0.0,0.0,0.0,1.0,0,2227,8144
0.0,36.0,9.0,0.0,0.0,1.0,1.0,0,25244,1478
0.0,17.0,9.0,0.0,0.0,0.0,1.0,739,0,13359
0.0,46.0,14.0,0.0,0.0,1.0,0.0,25862,25244,25565
0.0,16.0,10.0,0.0,0.0,0.0,1.0,0,0,9203
0.0,28.0,15.0,0.0,0.0,0.0,0.0,21031,24594,1689
0.0,24.0,12.0,0.0,0.0,1.0,0.0,4908,0,0
0.0,40.0,15.0,0.0,0.0,0.0,0.0,13133,764,10879
0.0,39.0,14.0,0.0,0.0,0.0,0.0,6238,0,0
0.0,26.0,11.0,1.0,0.0,1.0,1.0,5468,707,0
0.0,52.0,4.0,0.0,0.0,1.0,1.0,6471,5801,0
0.0,36.0,6.0,0.0,0.0,0.0,1.0,415,0,0
0.0,38.0,12.0,0.0,0.0,1.0,0.0,25862,25244,25565
0.0,22.0,12.0,0.0,0.0,0.0,0.0,13102,13008,16423
0.0,26.0,18.0,0.0,0.0,1.0,0.0,16309,17205,25019
0.0,29.0,14.0,0.0,0.0,1.0,0.0,25862,24581,24820
0.0,24.0,16.0,0.0,0.0,1.0,0.0,18394,18405,24479
0.0,41.0,12.0,0.0,0.0,1.0,0.0,18061,20958,14352
0.0,51.0,4.0,1.0,0.0,1.0,1.0,25862,11628,25565
0.0,29.0,14.0,1.0,0.0,1.0,0.0,16370,10896,4274
0.0,35.0,12.0,0.0,0.0,0.0,0.0,18503,21108,25319
0.0,18.0,11.0,1.0,0.0,0.0,1.0,1601,2705,25565
0.0,23.0,12.0,1.0,0.0,0.0,0.0,8578,15850,22670
0.0,33.0,9.0,0.0,1.0,1.0,1.0,23423,24753,13570
0.0,34.0,10.0,0.0,0.0,1.0,1.0,25862,25244,25565
0.0,21.0,15.0,0.0,0.0,0.0,0.0,2972,3731,774
0.0,19.0,14.0,0.0,0.0,0.0,0.0,523,0,789
0.0,27.0,16.0,0.0,0.0,0.0,0.0,25862,25244,25565
0.0,23.0,14.0,0.0,0.0,0.0,0.0,20766,20614,25565
0.0,29.0,16.0,0.0,0.0,1.0,0.0,23241,22166,25565
0.0,33.0,12.0,0.0,0.0,1.0,0.0,25862,20533,25565
0.0,27.0,16.0,0.0,0.0,1.0,0.0,25862,25244,25565
0.0,32.0,16.0,0.0,0.0,1.0,0.0,25337,25244,24564
0.0,21.0,11.0,0.0,0.0,0.0,1.0,8909,4737,0
0.0,42.0,12.0,0.0,0.0,1.0,0.0,14087,14083,24114
0.0,46.0,7.0,0.0,0.0,1.0,1.0,24926,23895,24592
0.0,20.0,12.0,0.0,0.0,1.0,0.0,3746,13567,11040
0.0,33.0,13.0,0.0,0.0,1.0,0.0,25862,25244,25565
0.0,54.0,14.0,0.0,0.0,1.0,0.0,25045,25244,21468
0.0,53.0,6.0,0.0,0.0,1.0,1.0,0,0,0
0.0,36.0,7.0,0.0,0.0,1.0,1.0,16995,18270,17600
0.0,30.0,17.0,0.0,0.0,1.0,0.0,25862,25244,25565
0.0,47.0,12.0,0.0,0.0,1.0,0.0,25862,25244,25565
0.0,22.0,8.0,0.0,0.0,1.0,1.0,12524,10901,9517
0.0,21.0,12.0,0.0,0.0,1.0,0.0,14113,15873,19484
0.0,23.0,11.0,1.0,0.0,1.0,1.0,21401,18550,20261
0.0,35.0,12.0,1.0,0.0,1.0,0.0,0,0,0
0.0,41.0,12.0,1.0,0.0,1.0,0.0,0,0,0
0.0,24.0,12.0,1.0,0.0,0.0,0.0,9316,0,0
0.0,25.0,16.0,1.0,0.0,0.0,0.0,3589,0,0
0.0,16.0,10.0,0.0,0.0,0.0,1.0,856,3072,9989
0.0,27.0,13.0,0.0,0.0,1.0,0.0,25862,24479,10347
0.0,47.0,16.0,0.0,0.0,1.0,0.0,12169,10991,8302
0.0,17.0,10.0,0.0,0.0,0.0,1.0,0,605,0
0.0,54.0,14.0,0.0,0.0,1.0,0.0,25862,25244,0
0.0,38.0,8.0,1.0,0.0,1.0,1.0,13576,14117,24023
0.0,36.0,18.0,0.0,0.0,1.0,0.0,25862,21249,25565
0.0,42.0,14.0,0.0,0.0,1.0,0.0,25862,25244,25565
0.0,17.0,11.0,0.0,0.0,0.0,1.0,0,1255,5630
0.0,27.0,12.0,0.0,0.0,1.0,0.0,16807,14951,25565
0.0,43.0,12.0,0.0,0.0,1.0,0.0,25862,25244,25565
0.0,28.0,12.0,0.0,0.0,1.0,0.0,24894,24594,24660
0.0,40.0,13.0,0.0,0.0,1.0,0.0,25862,25244,25565
0.0,33.0,12.0,0.0,0.0,1.0,0.0,22739,17060,25565
0.0,29.0,14.0,0.0,0.0,1.0,0.0,25862,25244,25565
0.0,31.0,16.0,0.0,0.0,1.0,0.0,19914,19357,25565
0.0,22.0,14.0,0.0,0.0,1.0,0.0,0,20888,0
0.0,24.0,11.0,0.0,0.0,1.0,1.0,9211,6137,6490
0.0,53.0,10.0,0.0,0.0,1.0,1.0,9393,10473,8129
0.0,16.0,9.0,0.0,0.0,0.0,1.0,1534,4116,8017
0.0,25.0,12.0,0.0,0.0,1.0,0.0,19183,19941,20738
0.0,42.0,12.0,0.0,0.0,1.0,0.0,25862,20782,16446
0.0,16.0,10.0,0.0,0.0,0.0,1.0,1342,2156,0
0.0,30.0,12.0,0.0,0.0,1.0,0.0,21256,23122,25565
0.0,55.0,9.0,0.0,1.0,1.0,1.0,5125,5251,1569
0.0,48.0,3.0,0.0,1.0,1.0,1.0,11785,10969,6441
0.0,20.0,14.0,0.0,1.0,0.0,0.0,6564,6975,16553
0.0,37.0,12.0,0.0,0.0,1.0,0.0,16973,18917,0
0.0,42.0,15.0,0.0,0.0,0.0,0.0,17600,11215,1101
0.0,32.0,12.0,0.0,0.0,1.0,0.0,25862,25244,25565
0.0,53.0,5.0,0.0,1.0,1.0,1.0,16370,10130,12945
0.0,46.0,12.0,0.0,0.0,1.0,0.0,25631,25244,25565
0.0,38.0,12.0,0.0,0.0,1.0,0.0,25862,25244,25565
0.0,28.0,16.0,0.0,0.0,0.0,0.0,145,6741,23666
0.0,49.0,12.0,0.0,0.0,1.0,0.0,18887,18763,20563
0.0,25.0,16.0,0.0,0.0,0.0,0.0,4992,11154,17427
0.0,46.0,14.0,0.0,0.0,1.0,0.0,0,13902,0
0.0,23.0,17.0,0.0,0.0,0.0,0.0,4898,8952,14808
0.0,16.0,9.0,0.0,0.0,0.0,1.0,0,204,0
0.0,49.0,8.0,0.0,0.0,1.0,1.0,11609,11218,11772
0.0,41.0,16.0,0.0,0.0,0.0,0.0,2224,11503,24872
0.0,20.0,12.0,0.0,0.0,1.0,0.0,1303,2605,11022
0.0,30.0,12.0,0.0,0.0,1.0,0.0,8932,11628,17053
0.0,20.0,9.0,0.0,0.0,1.0,1.0,13115,12649,9385
0.0,25.0,12.0,0.0,0.0,1.0,0.0,11381,7467,4163
0.0,51.0,3.0,1.0,0.0,0.0,1.0,7968,5781,4908
0.0,41.0,13.0,0.0,0.0,1.0,0.0,16861,10540,15215
0.0,16.0,10.0,0.0,0.0,0.0,1.0,0,2530,5309
0.0,18.0,12.0,0.0,0.0,0.0,0.0,0,1593,8976
0.0,48.0,8.0,0.0,0.0,1.0,1.0,25862,19477,25565
0.0,49.0,14.0,0.0,0.0,1.0,0.0,25862,25244,25565
0.0,23.0,15.0,0.0,0.0,0.0,0.0,6738,1053,16777
0.0,36.0,12.0,0.0,0.0,1.0,0.0,25862,25244,0
0.0,44.0,10.0,0.0,0.0,1.0,1.0,24448,21124,22860
0.0,51.0,10.0,1.0,0.0,1.0,1.0,18966,18335,13642
0.0,34.0,18.0,0.0,0.0,1.0,0.0,25862,25244,25565
0.0,46.0,13.0,0.0,0.0,1.0,0.0,25862,24526,25565
0.0,20.0,11.0,0.0,0.0,0.0,1.0,10533,11710,12878
0.0,25.0,12.0,0.0,0.0,1.0,0.0,14132,19430,17569
0.0,24.0,12.0,0.0,0.0,1.0,0.0,14747,17987,25565
0.0,24.0,7.0,0.0,0.0,1.0,1.0,7861,3214,0
0.0,39.0,12.0,0.0,0.0,1.0,0.0,17580,17316,18667
0.0,47.0,18.0,0.0,0.0,1.0,0.0,19843,20752,13560
0.0,18.0,11.0,0.0,0.0,0.0,1.0,2766,2705,9035
0.0,35.0,12.0,0.0,0.0,1.0,0.0,20412,19056,22586
0.0,22.0,12.0,1.0,0.0,0.0,0.0,3440,131,0
0.0,37.0,9.0,0.0,0.0,1.0,1.0,21568,18850,7587
0.0,25.0,12.0,0.0,0.0,1.0,0.0,13715,18942,21130
0.0,41.0,9.0,0.0,0.0,1.0,1.0,6734,5292,9542
0.0,16.0,9.0,0.0,0.0,0.0,1.0,165,517,3617
0.0,40.0,12.0,0.0,0.0,1.0,0.0,17714,18712,21198
0.0,25.0,15.0,1.0,0.0,0.0,0.0,13123,12717,13091
0.0,31.0,2.0,0.0,1.0,1.0,1.0,3262,5965,9732
0.0,24.0,0.0,0.0,1.0,0.0,1.0,2298,981,0
0.0,23.0,7.0,0.0,1.0,1.0,1.0,10051,6814,4655
0.0,26.0,10.0,0.0,1.0,1.0,1.0,5431,9086,5739
0.0,20.0,12.0,0.0,1.0,0.0,0.0,1052,353,2236
0.0,18.0,11.0,0.0,1.0,0.0,1.0,357,0,10323
0.0,25.0,0.0,0.0,1.0,1.0,1.0,6044,3189,3581
0.0,23.0,12.0,0.0,1.0,1.0,0.0,0,217,0
0.0,18.0,11.0,1.0,0.0,0.0,1.0,102,1910,13505
0.0,39.0,12.0,0.0,0.0,1.0,0.0,24387,23468,19466
0.0,27.0,12.0,0.0,0.0,1.0,0.0,13435,8782,17114
0.0,29.0,12.0,0.0,0.0,1.0,0.0,17982,17581,18599
0.0,54.0,12.0,0.0,0.0,1.0,0.0,15196,14188,1052
0.0,36.0,13.0,0.0,0.0,1.0,0.0,25862,0,25565
0.0,53.0,8.0,1.0,0.0,0.0,1.0,12823,17135,15454
0.0,29.0,7.0,0.0,0.0,1.0,1.0,25862,25244,25565
0.0,50.0,9.0,0.0,0.0,1.0,1.0,0,0,0
0.0,41.0,11.0,0.0,0.0,1.0,1.0,25862,25244,25565
0.0,20.0,10.0,0.0,0.0,0.0,1.0,6315,1033,8485
0.0,50.0,12.0,0.0,0.0,1.0,0.0,21850,25244,25565
0.0,29.0,12.0,1.0,0.0,1.0,0.0,1859,4057,4288
0.0,42.0,14.0,0.0,0.0,1.0,0.0,24575,21555,24484
0.0,35.0,18.0,0.0,0.0,1.0,0.0,20945,18159,16338
0.0,29.0,15.0,0.0,0.0,0.0,0.0,25862,25244,25565
0.0,45.0,15.0,0.0,0.0,1.0,0.0,25862,25244,25565
0.0,28.0,14.0,0.0,0.0,1.0,0.0,25862,25244,25565
0.0,31.0,12.0,0.0,0.0,0.0,0.0,21319,22934,25036
0.0,25.0,12.0,0.0,0.0,1.0,0.0,8776,19969,25216
0.0,46.0,7.0,1.0,0.0,1.0,1.0,22416,21350,18912
0.0,31.0,15.0,0.0,0.0,1.0,0.0,25862,25244,25565
0.0,21.0,15.0,0.0,0.0,1.0,0.0,2649,6630,18412
0.0,23.0,14.0,1.0,0.0,1.0,0.0,10376,11444,6767
0.0,27.0,14.0,0.0,0.0,1.0,0.0,2790,4748,6156
0.0,21.0,14.0,0.0,0.0,1.0,0.0,4775,4966,14420
0.0,22.0,16.0,0.0,0.0,1.0,0.0,4510,4379,708
0.0,20.0,12.0,0.0,0.0,0.0,0.0,6252,12600,12246
0.0,19.0,9.0,0.0,0.0,1.0,1.0,6426,10122,16222
0.0,17.0,11.0,0.0,0.0,0.0,1.0,0,528,11247
0.0,47.0,18.0,0.0,0.0,1.0,0.0,25862,18915,25565
0.0,32.0,16.0,0.0,0.0,1.0,0.0,25862,25244,25565
0.0,29.0,16.0,0.0,0.0,1.0,0.0,25862,25244,25565
0.0,27.0,9.0,0.0,0.0,1.0,1.0,9203,12079,6645
0.0,27.0,6.0,0.0,0.0,1.0,1.0,2386,140,2450
0.0,52.0,8.0,0.0,0.0,1.0,1.0,9894,6792,7035
0.0,37.0,10.0,0.0,0.0,1.0,1.0,9379,10310,9477
0.0,50.0,12.0,0.0,0.0,1.0,0.0,25492,25244,23403
0.0,28.0,15.0,0.0,0.0,1.0,0.0,2843,2866,9477
0.0,37.0,17.0,0.0,0.0,1.0,0.0,9661,25244,0
0.0,45.0,6.0,0.0,0.0,1.0,1.0,15441,13952,12438
0.0,31.0,12.0,0.0,0.0,1.0,0.0,10658,10742,10019
0.0,52.0,9.0,0.0,0.0,1.0,1.0,20753,0,25565
0.0,55.0,6.0,0.0,0.0,1.0,1.0,5686,4091,10343
0.0,36.0,9.0,0.0,0.0,1.0,1.0,0,14539,7615
0.0,49.0,12.0,0.0,0.0,1.0,0.0,11738,17662,22766
0.0,19.0,7.0,0.0,0.0,1.0,1.0,7692,8205,12943
0.0,23.0,12.0,1.0,0.0,1.0,0.0,7890,13970,12927
0.0,33.0,12.0,1.0,0.0,1.0,0.0,18799,18705,20307
0.0,27.0,12.0,0.0,0.0,1.0,0.0,13301,16584,25565
0.0,52.0,6.0,0.0,0.0,1.0,1.0,25862,25244,20577
0.0,44.0,12.0,0.0,0.0,1.0,0.0,25862,25244,25565
0.0,47.0,18.0,0.0,0.0,1.0,0.0,0,23197,816
0.0,31.0,17.0,0.0,0.0,1.0,0.0,25862,25244,25565
0.0,44.0,2.0,0.0,1.0,1.0,1.0,12118,17676,18376
0.0,19.0,12.0,0.0,0.0,0.0,0.0,5637,9951,18036
0.0,45.0,11.0,0.0,0.0,1.0,1.0,25862,25244,25565
0.0,29.0,11.0,1.0,0.0,1.0,1.0,15423,12668,14980
0.0,17.0,9.0,1.0,0.0,0.0,1.0,0,158,817
0.0,37.0,13.0,0.0,0.0,1.0,0.0,19704,23912,25565
0.0,23.0,12.0,0.0,1.0,0.0,0.0,5848,0,0
0.0,21.0,11.0,0.0,1.0,1.0,1.0,7978,9437,11139
0.0,31.0,7.0,0.0,1.0,1.0,1.0,9828,10559,18553
0.0,26.0,12.0,0.0,1.0,1.0,0.0,22559,22922,8379
0.0,29.0,10.0,0.0,1.0,1.0,1.0,15827,21224,25565
0.0,33.0,18.0,0.0,0.0,1.0,0.0,25862,25244,25565
0.0,27.0,14.0,0.0,0.0,1.0,0.0,20482,20587,25565
0.0,18.0,12.0,0.0,0.0,0.0,0.0,0,0,18987
0.0,16.0,9.0,0.0,0.0,0.0,1.0,0,0,2181
0.0,27.0,16.0,0.0,0.0,1.0,0.0,0,1518,2506
0.0,26.0,12.0,0.0,0.0,1.0,0.0,16180,21033,25565
0.0,29.0,12.0,0.0,0.0,1.0,0.0,20288,20189,22785
0.0,26.0,12.0,0.0,0.0,1.0,0.0,12627,25244,25565
0.0,21.0,12.0,1.0,0.0,1.0,0.0,7402,16346,22216
0.0,23.0,13.0,0.0,0.0,1.0,0.0,0,0,0
0.0,28.0,11.0,1.0,0.0,1.0,1.0,10782,11190,18407
0.0,25.0,16.0,0.0,0.0,1.0,0.0,15629,11974,21811
0.0,36.0,12.0,1.0,0.0,1.0,0.0,21601,25244,25565
0.0,23.0,12.0,0.0,0.0,1.0,0.0,10265,9396,14616
0.0,53.0,7.0,0.0,0.0,1.0,1.0,10033,5876,4027
0.0,21.0,12.0,0.0,0.0,1.0,0.0,12300,10191,15003
0.0,52.0,12.0,0.0,0.0,1.0,0.0,21068,22785,23746
0.0,23.0,14.0,0.0,0.0,0.0,0.0,18454,19208,23293
0.0,26.0,10.0,0.0,0.0,1.0,1.0,8921,7940,0
0.0,37.0,13.0,0.0,0.0,1.0,0.0,13023,15986,25565
0.0,30.0,16.0,0.0,0.0,1.0,0.0,17310,14704,11751
0.0,25.0,12.0,0.0,0.0,1.0,0.0,12831,17230,25565
0.0,46.0,11.0,0.0,0.0,1.0,1.0,482,2716,1967
0.0,51.0,4.0,0.0,0.0,1.0,1.0,4111,2748,10097
0.0,22.0,13.0,0.0,0.0,1.0,0.0,14822,22879,20997
0.0,38.0,12.0,0.0,0.0,1.0,0.0,19702,19604,23746
0.0,45.0,12.0,0.0,0.0,1.0,0.0,0,0,0
0.0,18.0,12.0,0.0,0.0,0.0,0.0,2004,1377,2873
0.0,26.0,16.0,0.0,0.0,0.0,0.0,4757,7367,665
0.0,22.0,12.0,0.0,0.0,1.0,0.0,18033,13250,25565
0.0,35.0,6.0,0.0,0.0,1.0,1.0,0,8932,1549
0.0,20.0,8.0,0.0,0.0,0.0,1.0,10257,9394,10372
0.0,19.0,9.0,0.0,0.0,0.0,1.0,5453,10876,9809
0.0,46.0,8.0,0.0,0.0,1.0,1.0,0,0,5367
0.0,36.0,16.0,0.0,0.0,1.0,0.0,25862,25244,10483
0.0,30.0,12.0,0.0,0.0,1.0,0.0,15841,15502,16188
0.0,49.0,16.0,0.0,0.0,1.0,0.0,22320,20181,19762
0.0,16.0,10.0,0.0,0.0,0.0,1.0,0,0,2917
0.0,33.0,17.0,0.0,0.0,1.0,0.0,15063,17329,20905
0.0,28.0,18.0,0.0,0.0,1.0,0.0,25862,25244,25565
0.0,52.0,8.0,0.0,0.0,1.0,1.0,13589,13103,15334
0.0,22.0,11.0,0.0,0.0,1.0,1.0,15208,14464,16689
0.0,23.0,16.0,0.0,0.0,0.0,0.0,1332,5938,13795
0.0,27.0,16.0,0.0,0.0,1.0,0.0,13897,14299,18786
0.0,27.0,12.0,0.0,0.0,0.0,0.0,13607,6608,25565
0.0,39.0,13.0,0.0,0.0,0.0,0.0,8039,2148,22484
0.0,44.0,12.0,0.0,0.0,1.0,0.0,25862,25244,25565
0.0,51.0,5.0,1.0,0.0,1.0,1.0,23264,21462,25565
0.0,23.0,12.0,0.0,0.0,1.0,0.0,6789,8721,13407
0.0,54.0,8.0,0.0,0.0,0.0,1.0,20237,12829,11828
0.0,23.0,12.0,0.0,0.0,1.0,0.0,19426,17909,23570
0.0,55.0,5.0,0.0,0.0,1.0,1.0,24183,21593,0
0.0,45.0,12.0,0.0,0.0,1.0,0.0,25862,25244,1495
0.0,19.0,12.0,0.0,0.0,0.0,0.0,0,519,8649
0.0,45.0,9.0,1.0,0.0,1.0,1.0,15562,10067,15782
0.0,51.0,8.0,0.0,0.0,1.0,1.0,15394,9063,14109
0.0,22.0,11.0,0.0,0.0,1.0,1.0,8393,11351,14248
0.0,36.0,7.0,0.0,0.0,1.0,1.0,12972,12774,16867
0.0,37.0,6.0,0.0,0.0,1.0,1.0,22455,18080,25565
0.0,18.0,10.0,0.0,0.0,0.0,1.0,711,5682,4859
0.0,25.0,12.0,0.0,0.0,1.0,0.0,18015,18677,24601
0.0,32.0,12.0,0.0,0.0,1.0,0.0,19800,20515,0
0.0,37.0,12.0,0.0,0.0,1.0,0.0,25862,23441,25089
0.0,38.0,12.0,0.0,0.0,1.0,0.0,25533,25244,0
0.0,28.0,16.0,0.0,0.0,0.0,0.0,3521,4633,17028
0.0,21.0,12.0,0.0,0.0,1.0,0.0,6238,10275,9811
0.0,35.0,8.0,0.0,0.0,1.0,1.0,16348,24286,12199
0.0,30.0,12.0,1.0,0.0,1.0,0.0,5760,8552,4588
0.0,54.0,18.0,0.0,0.0,1.0,0.0,19412,18190,16716
0.0,31.0,13.0,0.0,0.0,1.0,0.0,12085,17314,7836
0.0,28.0,15.0,0.0,0.0,1.0,0.0,8329,8397,14705
0.0,41.0,15.0,0.0,0.0,1.0,0.0,10155,12817,0
0.0,54.0,12.0,0.0,0.0,1.0,0.0,0,0,0
0.0,30.0,14.0,0.0,0.0,1.0,0.0,0,2865,17852
0.0,22.0,12.0,0.0,0.0,1.0,0.0,17771,13374,16998
0.0,53.0,11.0,0.0,0.0,1.0,1.0,25862,19339,7572
0.0,35.0,9.0,1.0,0.0,1.0,1.0,13697,14376,18958
0.0,30.0,12.0,1.0,0.0,1.0,0.0,12673,11822,20100
0.0,44.0,8.0,0.0,0.0,1.0,1.0,9244,7702,14161
0.0,30.0,7.0,0.0,0.0,1.0,1.0,14743,10889,4191
0.0,51.0,1.0,0.0,0.0,1.0,1.0,20310,13585,0
0.0,18.0,8.0,0.0,0.0,0.0,1.0,0,1019,686
0.0,54.0,9.0,0.0,0.0,1.0,1.0,25862,25244,25565
0.0,34.0,12.0,0.0,0.0,1.0,0.0,13966,13374,14056
0.0,44.0,8.0,0.0,0.0,1.0,1.0,14777,9505,17601
0.0,48.0,11.0,1.0,0.0,0.0,1.0,0,0,0
0.0,55.0,8.0,0.0,0.0,1.0,1.0,13399,11426,12905
0.0,36.0,11.0,0.0,0.0,1.0,1.0,22214,21548,22292
0.0,40.0,14.0,0.0,0.0,1.0,0.0,1479,2333,8528
0.0,32.0,12.0,0.0,0.0,1.0,0.0,25862,25244,25565
0.0,48.0,6.0,0.0,0.0,1.0,1.0,7212,23,4789
0.0,30.0,11.0,1.0,0.0,1.0,1.0,14561,12185,15197
0.0,44.0,12.0,0.0,0.0,1.0,0.0,15282,16743,19376
0.0,46.0,10.0,0.0,0.0,1.0,1.0,18829,16475,11011
0.0,46.0,18.0,0.0,0.0,1.0,0.0,1274,269,0
0.0,26.0,12.0,0.0,0.0,1.0,0.0,13080,13182,17411
0.0,45.0,8.0,0.0,0.0,1.0,1.0,0,0,7064
0.0,18.0,12.0,0.0,0.0,0.0,0.0,1258,922,8849
0.0,48.0,9.0,0.0,0.0,0.0,1.0,905,6316,100
0.0,20.0,9.0,0.0,0.0,1.0,1.0,14254,15583,18107
0.0,50.0,14.0,0.0,0.0,1.0,0.0,24040,25244,16859
0.0,20.0,14.0,0.0,0.0,0.0,0.0,2815,2510,0
0.0,31.0,16.0,0.0,0.0,1.0,0.0,20030,23845,25565
0.0,47.0,8.0,0.0,0.0,1.0,1.0,0,23246,11942
0.0,39.0,12.0,1.0,0.0,1.0,0.0,17612,6587,0
0.0,51.0,12.0,0.0,0.0,1.0,0.0,933,6391,0
0.0,21.0,9.0,0.0,0.0,0.0,1.0,0,0,0
0.0,21.0,10.0,0.0,0.0,0.0,1.0,6689,5770,0
0.0,24.0,8.0,0.0,1.0,1.0,1.0,0,1089,2611
0.0,38.0,11.0,0.0,0.0,1.0,1.0,23811,25244,25565
0.0,24.0,13.0,1.0,0.0,1.0,0.0,0,0,0
0.0,28.0,4.0,1.0,0.0,1.0,1.0,10439,10615,2984
0.0,27.0,11.0,0.0,0.0,1.0,1.0,22557,24656,19185
0.0,44.0,12.0,0.0,1.0,1.0,0.0,25862,24982,25565
0.0,16.0,10.0,0.0,1.0,0.0,1.0,0,0,6546
0.0,51.0,6.0,1.0,0.0,1.0,1.0,17933,16725,15945
0.0,26.0,14.0,0.0,0.0,1.0,0.0,11928,770,7183
0.0,25.0,12.0,0.0,0.0,1.0,0.0,24258,25244,4686
0.0,19.0,13.0,0.0,0.0,0.0,0.0,2016,2107,0
0.0,46.0,14.0,0.0,0.0,1.0,0.0,25862,13445,0
0.0,20.0,11.0,1.0,0.0,1.0,1.0,5315,11191,1587
0.0,24.0,15.0,0.0,0.0,1.0,0.0,9647,9063,19728
0.0,28.0,16.0,0.0,0.0,1.0,0.0,18260,1916,22391
0.0,26.0,18.0,0.0,0.0,1.0,0.0,1074,1989,21881
0.0,38.0,10.0,0.0,0.0,1.0,1.0,25862,25244,25565
0.0,28.0,12.0,0.0,0.0,1.0,0.0,9890,6538,517
0.0,33.0,12.0,0.0,0.0,1.0,0.0,25862,24132,25565
0.0,40.0,12.0,0.0,0.0,1.0,0.0,25034,25244,23496
0.0,26.0,16.0,0.0,0.0,1.0,0.0,21227,25244,25565
0.0,55.0,12.0,0.0,0.0,1.0,0.0,12473,11512,11572
0.0,16.0,10.0,0.0,0.0,0.0,1.0,0,0,4942
0.0,28.0,16.0,0.0,0.0,1.0,0.0,0,0,0
0.0,44.0,12.0,1.0,0.0,1.0,0.0,1105,2913,813
0.0,19.0,12.0,1.0,0.0,0.0,0.0,4232,7680,1135
0.0,23.0,16.0,1.0,0.0,0.0,0.0,10208,16859,22160
0.0,28.0,14.0,1.0,0.0,1.0,0.0,10829,7122,2471
0.0,24.0,9.0,0.0,0.0,1.0,1.0,0,0,628
0.0,20.0,12.0,0.0,0.0,1.0,0.0,5645,7931,15894
0.0,33.0,14.0,0.0,0.0,1.0,0.0,2990,127,177
0.0,51.0,4.0,0.0,0.0,1.0,1.0,25862,25244,25565
0.0,37.0,12.0,0.0,0.0,0.0,0.0,25862,25244,19608
0.0,32.0,12.0,0.0,0.0,0.0,0.0,25862,25244,25565
0.0,38.0,12.0,0.0,0.0,1.0,0.0,11060,15123,0
0.0,39.0,13.0,0.0,0.0,1.0,0.0,22240,23838,25565
0.0,53.0,12.0,0.0,0.0,1.0,0.0,25862,25244,25565
0.0,46.0,12.0,1.0,0.0,1.0,0.0,12992,14292,14207
0.0,16.0,10.0,1.0,0.0,0.0,1.0,0,582,2811
0.0,32.0,12.0,0.0,0.0,1.0,0.0,0,0,0
0.0,42.0,7.0,0.0,0.0,1.0,1.0,18488,19432,19419
0.0,23.0,12.0,0.0,0.0,1.0,0.0,9058,5754,13158
0.0,33.0,13.0,1.0,0.0,1.0,0.0,10952,13966,14607
0.0,27.0,16.0,0.0,0.0,1.0,0.0,14322,15354,21547
0.0,20.0,12.0,1.0,0.0,0.0,0.0,4779,8114,8266
0.0,35.0,7.0,0.0,1.0,1.0,1.0,14932,13875,13400
0.0,51.0,9.0,0.0,1.0,1.0,1.0,18817,18988,15877
0.0,39.0,9.0,1.0,0.0,1.0,1.0,21207,19695,20068
0.0,39.0,12.0,0.0,0.0,1.0,0.0,25862,25244,25565
0.0,26.0,14.0,0.0,0.0,1.0,0.0,21711,21289,25565
0.0,30.0,12.0,0.0,0.0,1.0,0.0,21452,22623,24040
0.0,26.0,12.0,0.0,0.0,1.0,0.0,21264,21901,23688
0.0,31.0,16.0,0.0,0.0,0.0,0.0,22363,9363,0
0.0,24.0,16.0,0.0,0.0,1.0,0.0,21203,13350,19292
0.0,35.0,12.0,1.0,0.0,1.0,0.0,14538,12921,16512
0.0,45.0,14.0,0.0,0.0,1.0,0.0,21742,21217,13373
0.0,18.0,11.0,0.0,0.0,0.0,1.0,2171,3285,6403
0.0,33.0,8.0,0.0,0.0,1.0,1.0,7310,22612,14000
0.0,44.0,7.0,0.0,0.0,1.0,1.0,18401,16958,22875
0.0,18.0,12.0,0.0,0.0,0.0,0.0,2506,3309,18340
0.0,16.0,9.0,0.0,0.0,0.0,1.0,310,349,7377
0.0,39.0,6.0,0.0,0.0,1.0,1.0,20288,17964,18090
0.0,41.0,14.0,0.0,0.0,1.0,0.0,25862,24175,25565
0.0,24.0,13.0,1.0,0.0,1.0,0.0,16378,18786,0
0.0,35.0,13.0,1.0,0.0,1.0,0.0,17120,16317,16169
0.0,37.0,12.0,0.0,0.0,1.0,0.0,0,0,0
0.0,37.0,12.0,0.0,0.0,1.0,0.0,25862,25244,19284
0.0,23.0,14.0,0.0,0.0,1.0,0.0,13021,11970,15949
0.0,20.0,12.0,0.0,0.0,1.0,0.0,5923,14888,966
0.0,43.0,12.0,0.0,0.0,1.0,0.0,25862,25244,25565
0.0,16.0,9.0,0.0,0.0,0.0,1.0,0,0,8605
0.0,25.0,15.0,0.0,0.0,1.0,0.0,25862,22268,25565
0.0,33.0,12.0,0.0,0.0,1.0,0.0,25862,25244,25565
0.0,52.0,12.0,0.0,0.0,1.0,0.0,25862,25244,25565
0.0,22.0,10.0,0.0,0.0,1.0,1.0,15128,14201,23728
0.0,21.0,12.0,0.0,0.0,0.0,0.0,5727,5509,0
0.0,55.0,3.0,0.0,0.0,0.0,1.0,1209,0,0
0.0,21.0,12.0,1.0,0.0,0.0,0.0,10020,4972,0
0.0,33.0,13.0,0.0,0.0,1.0,0.0,19881,25244,20152
0.0,24.0,12.0,0.0,0.0,1.0,0.0,18125,14713,25565
0.0,35.0,12.0,0.0,0.0,1.0,0.0,22537,20866,25565
0.0,51.0,11.0,0.0,0.0,1.0,1.0,25862,25244,25565
0.0,40.0,5.0,0.0,0.0,1.0,1.0,6869,6809,12487
0.0,40.0,12.0,0.0,0.0,1.0,0.0,24422,25077,25565
0.0,51.0,12.0,0.0,0.0,1.0,0.0,25862,25244,25565
0.0,30.0,12.0,0.0,0.0,1.0,0.0,20345,19112,23571
0.0,38.0,18.0,0.0,0.0,1.0,0.0,25862,25244,25565
0.0,20.0,11.0,0.0,0.0,1.0,1.0,2547,1099,0
0.0,50.0,16.0,0.0,0.0,1.0,0.0,22986,25244,25565
0.0,29.0,16.0,0.0,0.0,1.0,0.0,8525,15492,25565
0.0,49.0,12.0,0.0,0.0,1.0,0.0,25862,25244,25565
0.0,27.0,12.0,0.0,0.0,1.0,0.0,18194,13017,16088
0.0,47.0,6.0,0.0,0.0,1.0,1.0,12939,12448,12026
0.0,55.0,12.0,0.0,0.0,1.0,0.0,14334,15692,15614
0.0,22.0,12.0,0.0,0.0,1.0,0.0,22804,16840,25565
0.0,39.0,14.0,0.0,0.0,1.0,0.0,11183,11805,6260
0.0,16.0,9.0,0.0,0.0,0.0,1.0,0,781,6215
0.0,51.0,12.0,0.0,0.0,1.0,0.0,8834,8832,14207
0.0,20.0,12.0,0.0,0.0,0.0,0.0,19981,20009,21562
0.0,37.0,12.0,0.0,0.0,1.0,0.0,21703,22207,23607
0.0,31.0,7.0,0.0,0.0,1.0,1.0,5680,13227,7650
0.0,29.0,15.0,0.0,0.0,1.0,0.0,22921,22737,25565
0.0,36.0,12.0,0.0,0.0,1.0,0.0,21977,19502,19565
0.0,32.0,7.0,0.0,0.0,1.0,1.0,22020,20379,15147
0.0,25.0,5.0,0.0,0.0,1.0,1.0,7892,7294,14618
0.0,49.0,12.0,0.0,0.0,1.0,0.0,6042,8409,12506
0.0,28.0,12.0,0.0,1.0,1.0,0.0,20382,17287,22091
0.0,16.0,8.0,0.0,1.0,0.0,1.0,0,0,4457
0.0,47.0,8.0,0.0,1.0,1.0,1.0,0,0,0
0.0,25.0,10.0,0.0,1.0,0.0,1.0,14630,11229,13548
0.0,23.0,9.0,0.0,1.0,0.0,1.0,9144,7691,8637
0.0,26.0,8.0,0.0,1.0,1.0,1.0,12469,12185,4934
0.0,26.0,6.0,0.0,1.0,1.0,1.0,15747,14188,25565
0.0,27.0,9.0,0.0,1.0,1.0,1.0,19965,12727,18575
0.0,45.0,12.0,0.0,1.0,1.0,0.0,25862,25244,16592
0.0,18.0,10.0,0.0,1.0,0.0,1.0,0,3896,3284
0.0,17.0,11.0,0.0,1.0,0.0,1.0,0,378,8785
0.0,31.0,12.0,0.0,1.0,1.0,0.0,6401,6988,7182
0.0,30.0,4.0,0.0,1.0,1.0,1.0,17500,15288,13984
0.0,38.0,12.0,0.0,1.0,1.0,0.0,1795,8368,1073
0.0,23.0,15.0,0.0,0.0,0.0,0.0,6440,3441,20523
0.0,38.0,12.0,0.0,0.0,1.0,0.0,18106,14921,16737
0.0,55.0,8.0,0.0,0.0,1.0,1.0,25862,25244,25565
0.0,26.0,12.0,0.0,0.0,1.0,0.0,12943,13368,622
0.0,35.0,18.0,0.0,0.0,1.0,0.0,0,0,0
0.0,19.0,12.0,0.0,0.0,1.0,0.0,4064,161,11423
0.0,27.0,12.0,0.0,0.0,1.0,0.0,16178,8663,11446
0.0,34.0,9.0,0.0,0.0,1.0,1.0,9459,10507,0
0.0,34.0,7.0,0.0,0.0,1.0,1.0,9197,9866,13769
0.0,31.0,12.0,0.0,0.0,1.0,0.0,23108,25118,25565
0.0,16.0,9.0,1.0,0.0,0.0,1.0,0,902,6830
0.0,39.0,13.0,0.0,0.0,1.0,0.0,25862,25244,25565
0.0,23.0,12.0,0.0,0.0,1.0,0.0,14348,3482,3818
0.0,41.0,8.0,0.0,0.0,1.0,1.0,9642,19339,14814
0.0,16.0,10.0,0.0,0.0,0.0,1.0,0,0,25194
0.0,25.0,3.0,0.0,1.0,1.0,1.0,1458,3257,13718
0.0,51.0,12.0,0.0,1.0,1.0,0.0,17945,17277,17854
0.0,38.0,10.0,0.0,1.0,1.0,1.0,21088,17325,20530
0.0,29.0,12.0,0.0,0.0,1.0,0.0,0,0,0
0.0,32.0,10.0,0.0,0.0,1.0,1.0,21434,19083,17934
0.0,21.0,15.0,0.0,0.0,0.0,0.0,2676,875,16757
0.0,36.0,16.0,0.0,0.0,1.0,0.0,0,5595,15967
0.0,46.0,9.0,0.0,0.0,1.0,1.0,18364,17803,25565
0.0,44.0,12.0,0.0,0.0,1.0,0.0,10270,16161,16169
0.0,51.0,15.0,0.0,0.0,1.0,0.0,12788,12992,7415
0.0,42.0,12.0,0.0,0.0,1.0,0.0,7739,9743,4500
0.0,22.0,13.0,0.0,0.0,0.0,0.0,14142,11428,15092
0.0,50.0,12.0,0.0,0.0,0.0,0.0,0,0,0
0.0,37.0,12.0,0.0,0.0,1.0,0.0,0,0,0
0.0,18.0,10.0,0.0,0.0,0.0,1.0,3372,4726,9323
0.0,31.0,12.0,0.0,0.0,1.0,0.0,21918,21137,21276
0.0,30.0,12.0,0.0,0.0,1.0,0.0,6326,9072,11098
0.0,53.0,10.0,0.0,0.0,1.0,1.0,25862,14443,16078
0.0,24.0,6.0,1.0,0.0,1.0,1.0,2874,2904,5401
0.0,43.0,12.0,0.0,0.0,1.0,0.0,25192,21489,0
0.0,21.0,12.0,0.0,0.0,0.0,0.0,11824,6347,21202
0.0,28.0,15.0,0.0,0.0,1.0,0.0,23705,24108,25565
0.0,20.0,9.0,0.0,0.0,1.0,1.0,13443,14203,17177
0.0,16.0,10.0,0.0,0.0,0.0,1.0,0,1826,1787
0.0,24.0,16.0,0.0,0.0,1.0,0.0,7259,15408,15896
0.0,50.0,8.0,0.0,0.0,1.0,1.0,9113,10937,10232
0.0,24.0,12.0,0.0,0.0,0.0,0.0,15394,17918,25565
0.0,16.0,10.0,0.0,0.0,0.0,1.0,0,2188,8178
0.0,40.0,12.0,0.0,0.0,1.0,0.0,24816,25244,25383
0.0,30.0,11.0,0.0,0.0,1.0,1.0,9659,11190,20174
0.0,24.0,12.0,0.0,0.0,1.0,0.0,22920,23371,7278
0.0,29.0,12.0,0.0,0.0,0.0,0.0,14405,16405,25565
0.0,35.0,8.0,0.0,0.0,1.0,1.0,23403,14580,15229
0.0,19.0,12.0,0.0,0.0,1.0,0.0,5276,11607,23324
0.0,42.0,12.0,0.0,0.0,1.0,0.0,21090,20707,22464
0.0,45.0,9.0,0.0,0.0,1.0,1.0,20561,18399,24576
0.0,21.0,12.0,0.0,0.0,0.0,0.0,13333,7296,18328
0.0,31.0,17.0,0.0,0.0,0.0,0.0,12,8499,17349
0.0,27.0,16.0,0.0,0.0,1.0,0.0,11938,15905,23892
0.0,21.0,12.0,0.0,0.0,0.0,0.0,4134,4213,8628
0.0,23.0,13.0,0.0,0.0,0.0,0.0,0,15100,5454
0.0,30.0,18.0,0.0,0.0,1.0,0.0,20259,23632,25565
0.0,24.0,16.0,0.0,0.0,1.0,0.0,25862,5201,25565
0.0,32.0,16.0,0.0,0.0,1.0,0.0,23511,23095,25565
0.0,42.0,13.0,0.0,0.0,1.0,0.0,2161,4130,0
0.0,48.0,12.0,0.0,0.0,1.0,0.0,25862,25244,25565
0.0,39.0,12.0,0.0,0.0,1.0,0.0,19024,19946,25565
0.0,26.0,9.0,0.0,0.0,1.0,1.0,25862,25244,25565
0.0,32.0,14.0,0.0,0.0,1.0,0.0,24134,22417,25565
0.0,22.0,10.0,0.0,0.0,1.0,1.0,4408,6938,9551
0.0,22.0,12.0,0.0,0.0,1.0,0.0,13791,7202,14263
0.0,55.0,12.0,0.0,0.0,1.0,0.0,23335,23613,24835
0.0,26.0,14.0,0.0,0.0,1.0,0.0,18964,18927,15271
0.0,45.0,9.0,0.0,0.0,1.0,1.0,25043,18294,21761
0.0,41.0,12.0,0.0,0.0,1.0,0.0,25862,25244,25565
0.0,38.0,16.0,0.0,0.0,1.0,0.0,25862,25244,25565
0.0,40.0,15.0,0.0,0.0,1.0,0.0,25862,25244,25565
0.0,19.0,12.0,0.0,0.0,0.0,0.0,1689,646,15376
0.0,16.0,8.0,0.0,0.0,0.0,1.0,0,1114,542
0.0,24.0,14.0,0.0,0.0,0.0,0.0,11035,11895,12539
0.0,32.0,12.0,0.0,0.0,0.0,0.0,15878,18089,13645
0.0,21.0,12.0,0.0,0.0,0.0,0.0,18762,5564,17207
0.0,44.0,16.0,0.0,0.0,1.0,0.0,25862,25244,24382
0.0,35.0,12.0,0.0,0.0,1.0,0.0,25862,18345,25565
0.0,39.0,10.0,0.0,0.0,1.0,1.0,18809,25244,25565
0.0,27.0,12.0,0.0,0.0,1.0,0.0,21329,22574,25565
0.0,46.0,11.0,1.0,0.0,1.0,1.0,25862,24311,20091
0.0,47.0,12.0,1.0,0.0,1.0,0.0,0,0,0
0.0,33.0,14.0,1.0,0.0,0.0,0.0,23055,23645,20761
0.0,20.0,12.0,0.0,0.0,0.0,0.0,8750,6963,12635
0.0,51.0,16.0,0.0,0.0,0.0,0.0,25862,25244,25565
0.0,52.0,12.0,0.0,0.0,0.0,0.0,12153,868,7145
0.0,40.0,16.0,0.0,0.0,1.0,0.0,25862,25244,25565
0.0,46.0,10.0,0.0,0.0,1.0,1.0,24140,20642,19190
0.0,36.0,12.0,0.0,0.0,0.0,0.0,22939,19593,0
0.0,24.0,14.0,0.0,0.0,1.0,0.0,16329,21088,25565
0.0,23.0,9.0,0.0,0.0,1.0,1.0,11256,12650,24957
0.0,27.0,18.0,0.0,0.0,1.0,0.0,331,0,8889
0.0,41.0,15.0,0.0,0.0,1.0,0.0,799,10695,25565
0.0,22.0,15.0,0.0,0.0,1.0,0.0,21621,25244,25565
0.0,30.0,14.0,0.0,1.0,1.0,0.0,25862,25244,25269
0.0,32.0,1.0,0.0,1.0,0.0,1.0,0,0,0
0.0,36.0,18.0,0.0,0.0,1.0,0.0,25862,25244,25565
0.0,38.0,12.0,0.0,0.0,1.0,0.0,25862,25244,11906
0.0,36.0,12.0,1.0,0.0,0.0,0.0,0,0,0
0.0,28.0,13.0,0.0,0.0,0.0,0.0,5261,3790,9254
0.0,31.0,16.0,1.0,0.0,0.0,0.0,21897,13186,9481
0.0,43.0,15.0,1.0,0.0,1.0,0.0,25862,25244,25565
0.0,39.0,12.0,1.0,0.0,1.0,0.0,25862,25244,25565
0.0,36.0,12.0,1.0,0.0,1.0,0.0,11040,6221,7216
0.0,27.0,16.0,0.0,0.0,1.0,0.0,25862,25244,25565
0.0,44.0,10.0,0.0,0.0,0.0,1.0,21003,8411,0
0.0,26.0,12.0,1.0,0.0,0.0,0.0,8907,7333,9285
0.0,23.0,12.0,1.0,0.0,0.0,0.0,5833,4410,10357
0.0,34.0,18.0,0.0,0.0,1.0,0.0,0,0,0
0.0,28.0,14.0,0.0,0.0,0.0,0.0,6857,8056,14629
0.0,27.0,12.0,0.0,0.0,1.0,0.0,14548,14514,17844
0.0,25.0,16.0,0.0,0.0,0.0,0.0,25862,25244,25565
0.0,28.0,14.0,0.0,0.0,0.0,0.0,20847,22264,21103
0.0,19.0,13.0,0.0,0.0,0.0,0.0,0,0,0
0.0,23.0,13.0,1.0,0.0,1.0,0.0,17332,11531,25565
0.0,23.0,16.0,0.0,0.0,0.0,0.0,72,0,3295
0.0,25.0,13.0,0.0,0.0,0.0,0.0,21229,25244,14538
0.0,35.0,18.0,0.0,0.0,0.0,0.0,0,0,0
0.0,52.0,18.0,0.0,0.0,1.0,0.0,0,0,0
0.0,36.0,18.0,0.0,0.0,0.0,0.0,13450,14287,16913
0.0,45.0,12.0,0.0,1.0,1.0,0.0,25862,25244,3026
0.0,17.0,11.0,0.0,0.0,0.0,1.0,270,29,0
0.0,23.0,12.0,0.0,0.0,0.0,0.0,3295,1558,7962
0.0,20.0,11.0,0.0,0.0,0.0,1.0,4859,0,0
0.0,55.0,18.0,0.0,0.0,1.0,0.0,25862,25244,25305
0.0,18.0,10.0,0.0,0.0,0.0,1.0,406,0,8096
0.0,48.0,12.0,0.0,0.0,1.0,0.0,15057,13551,16350
0.0,22.0,12.0,0.0,0.0,0.0,0.0,10033,7897,6798
0.0,19.0,12.0,0.0,0.0,0.0,0.0,2451,8261,8157
0.0,19.0,11.0,0.0,0.0,0.0,1.0,5982,7723,3350
0.0,18.0,12.0,0.0,0.0,0.0,0.0,678,1348,532
0.0,40.0,10.0,0.0,0.0,1.0,1.0,25862,25244,25565
0.0,32.0,13.0,0.0,0.0,1.0,0.0,25333,25244,22605
0.0,23.0,14.0,0.0,0.0,0.0,0.0,6205,14278,13634
0.0,37.0,12.0,0.0,0.0,1.0,0.0,25862,25244,25565
0.0,29.0,13.0,0.0,0.0,1.0,0.0,25862,25244,25565
0.0,33.0,12.0,0.0,0.0,1.0,0.0,25862,25186,25565
0.0,43.0,12.0,0.0,0.0,1.0,0.0,25862,25244,25565
0.0,18.0,12.0,0.0,0.0,0.0,0.0,0,0,12129
0.0,30.0,11.0,1.0,0.0,1.0,1.0,15888,15791,17208
0.0,33.0,12.0,0.0,0.0,1.0,0.0,25862,25244,25565
0.0,35.0,13.0,0.0,0.0,1.0,0.0,25862,25244,25565
0.0,24.0,12.0,0.0,0.0,1.0,0.0,9283,24504,14965
0.0,23.0,11.0,0.0,0.0,1.0,1.0,16466,11614,18117
0.0,40.0,14.0,0.0,0.0,1.0,0.0,631,0,0
0.0,17.0,10.0,0.0,0.0,0.0,1.0,0,0,1157
0.0,21.0,15.0,0.0,0.0,0.0,0.0,249,1823,0
0.0,49.0,11.0,0.0,0.0,1.0,1.0,437,2848,2639
0.0,17.0,10.0,0.0,1.0,0.0,1.0,278,0,14653
0.0,42.0,12.0,0.0,0.0,0.0,0.0,2782,15438,23618
0.0,28.0,12.0,1.0,0.0,0.0,0.0,25862,25244,25565
0.0,29.0,13.0,0.0,0.0,0.0,0.0,17590,17210,25565
0.0,43.0,12.0,0.0,0.0,1.0,0.0,20425,12786,0
0.0,42.0,12.0,0.0,0.0,1.0,0.0,25862,25244,0
0.0,31.0,11.0,0.0,1.0,1.0,1.0,25862,25244,25565
0.0,35.0,12.0,0.0,0.0,0.0,0.0,25862,25034,25565
0.0,49.0,12.0,0.0,1.0,1.0,0.0,25862,23933,24022
0.0,48.0,12.0,0.0,0.0,1.0,0.0,18809,25244,25565
0.0,22.0,12.0,0.0,1.0,1.0,0.0,14148,14967,15200
0.0,34.0,9.0,0.0,1.0,1.0,1.0,20747,18997,18810
0.0,45.0,14.0,0.0,0.0,1.0,0.0,25862,25244,2072
0.0,17.0,10.0,0.0,1.0,0.0,1.0,0,1817,15482
0.0,25.0,12.0,0.0,0.0,1.0,0.0,23345,19223,12609
0.0,32.0,14.0,0.0,0.0,1.0,0.0,8856,7747,5005
0.0,35.0,11.0,0.0,0.0,1.0,1.0,4839,7285,6858
0.0,45.0,12.0,0.0,0.0,0.0,0.0,16734,13805,16446
0.0,44.0,13.0,0.0,0.0,1.0,0.0,25862,25244,25565
0.0,19.0,13.0,0.0,0.0,0.0,0.0,6236,13166,19163
0.0,28.0,17.0,0.0,0.0,1.0,0.0,707,0,0
0.0,47.0,16.0,0.0,0.0,1.0,0.0,14706,20863,25565
0.0,52.0,11.0,0.0,0.0,0.0,1.0,21352,23174,21427
0.0,24.0,12.0,0.0,0.0,0.0,0.0,14879,6014,11773
0.0,25.0,12.0,0.0,0.0,1.0,0.0,19789,21400,25565
0.0,23.0,15.0,0.0,0.0,0.0,0.0,0,11358,24685
0.0,51.0,14.0,0.0,0.0,1.0,0.0,25862,25244,25565
0.0,29.0,13.0,0.0,0.0,1.0,0.0,17134,17747,25274
0.0,53.0,3.0,0.0,0.0,1.0,1.0,21399,18730,19621
0.0,41.0,7.0,0.0,0.0,1.0,1.0,24865,11746,11030
0.0,17.0,10.0,0.0,0.0,0.0,1.0,374,809,17289
0.0,27.0,12.0,0.0,1.0,1.0,0.0,20445,22279,23972
0.0,26.0,6.0,0.0,1.0,0.0,1.0,12106,9915,12710
0.0,27.0,11.0,0.0,0.0,1.0,1.0,11779,12953,25565
0.0,23.0,15.0,0.0,0.0,0.0,0.0,6054,10998,15274
0.0,26.0,16.0,0.0,0.0,0.0,0.0,11099,17880,0
0.0,39.0,11.0,0.0,0.0,1.0,1.0,25570,25244,22600
0.0,31.0,17.0,0.0,0.0,0.0,0.0,11460,14054,3332
0.0,31.0,18.0,0.0,0.0,0.0,0.0,0,0,0
0.0,55.0,12.0,0.0,0.0,0.0,0.0,25862,25244,23454
0.0,20.0,13.0,0.0,0.0,0.0,0.0,3858,5190,10885
0.0,34.0,12.0,0.0,0.0,0.0,0.0,4508,15975,7881
0.0,24.0,16.0,0.0,0.0,1.0,0.0,13593,9507,18045
0.0,52.0,13.0,0.0,0.0,1.0,0.0,25862,25244,25565
0.0,54.0,12.0,0.0,0.0,0.0,0.0,25494,25244,19406
0.0,21.0,10.0,0.0,0.0,1.0,1.0,1515,8180,25565
0.0,53.0,16.0,0.0,0.0,1.0,0.0,25862,25244,25565
0.0,25.0,12.0,0.0,0.0,0.0,0.0,10155,1380,25565
0.0,26.0,18.0,0.0,0.0,1.0,0.0,18358,10527,21375
0.0,18.0,12.0,0.0,0.0,0.0,0.0,600,4880,5196
0.0,35.0,13.0,0.0,0.0,0.0,0.0,9538,0,11269
0.0,32.0,12.0,0.0,0.0,1.0,0.0,24700,25244,25565
0.0,34.0,18.0,0.0,0.0,0.0,0.0,8854,7136,5775
0.0,31.0,16.0,0.0,0.0,1.0,0.0,0,0,0
0.0,20.0,12.0,0.0,1.0,0.0,0.0,1881,1669,12221
0.0,31.0,12.0,0.0,0.0,0.0,0.0,18537,16620,15374
0.0,54.0,12.0,0.0,1.0,1.0,0.0,23362,13458,22600
0.0,24.0,12.0,0.0,0.0,1.0,0.0,11172,19190,14966
0.0,19.0,12.0,0.0,1.0,1.0,0.0,1834,3443,15255
0.0,35.0,14.0,0.0,1.0,1.0,0.0,25862,25244,22724
0.0,49.0,16.0,0.0,0.0,1.0,0.0,25862,25244,0
0.0,26.0,16.0,0.0,1.0,1.0,0.0,25862,25244,25565
0.0,30.0,16.0,0.0,0.0,0.0,0.0,24977,25244,25565
0.0,32.0,12.0,0.0,0.0,1.0,0.0,25259,25244,24796
0.0,19.0,12.0,0.0,0.0,0.0,0.0,8531,4621,0
0.0,18.0,10.0,0.0,0.0,0.0,1.0,3360,0,0
0.0,18.0,9.0,0.0,0.0,0.0,1.0,8401,3172,14022
0.0,20.0,12.0,0.0,0.0,0.0,0.0,2694,6216,4176
0.0,46.0,13.0,0.0,0.0,1.0,0.0,25862,25244,25565
0.0,51.0,12.0,0.0,0.0,1.0,0.0,25862,14061,0
0.0,23.0,18.0,0.0,0.0,1.0,0.0,1401,11232,17520
0.0,31.0,16.0,0.0,0.0,1.0,0.0,0,10071,13150
0.0,28.0,16.0,0.0,0.0,0.0,0.0,18735,19076,23319
0.0,25.0,15.0,0.0,0.0,1.0,0.0,14608,14801,1376
0.0,35.0,18.0,0.0,1.0,0.0,0.0,13729,25244,25565
0.0,47.0,12.0,0.0,0.0,1.0,0.0,25862,25244,25565
0.0,23.0,12.0,0.0,0.0,1.0,0.0,12769,15017,7980
0.0,24.0,12.0,0.0,0.0,1.0,0.0,4457,8270,23398
0.0,55.0,14.0,0.0,0.0,1.0,0.0,0,0,0
0.0,33.0,12.0,0.0,1.0,1.0,0.0,25862,25244,25565
0.0,53.0,14.0,0.0,0.0,1.0,0.0,25862,25244,25565
0.0,18.0,12.0,0.0,0.0,0.0,0.0,1223,6857,8967
0.0,53.0,10.0,0.0,0.0,1.0,1.0,17220,15270,0
0.0,41.0,12.0,0.0,0.0,1.0,0.0,25862,13250,25565
0.0,28.0,18.0,0.0,0.0,1.0,0.0,18303,22139,3232
0.0,37.0,12.0,0.0,0.0,1.0,0.0,0,0,0
0.0,16.0,10.0,0.0,0.0,0.0,1.0,0,385,0
0.0,53.0,12.0,0.0,1.0,0.0,0.0,0,0,0
0.0,26.0,12.0,0.0,0.0,0.0,0.0,12588,12439,12640
0.0,19.0,12.0,0.0,0.0,0.0,0.0,3256,3692,10440
0.0,38.0,14.0,0.0,0.0,1.0,0.0,25263,20882,24826
0.0,38.0,12.0,0.0,0.0,1.0,0.0,22957,24880,25565
0.0,16.0,9.0,0.0,1.0,0.0,1.0,82,156,1030
0.0,19.0,12.0,0.0,0.0,0.0,0.0,1524,1797,0
0.0,36.0,12.0,0.0,0.0,1.0,0.0,11769,11881,13761
0.0,52.0,9.0,0.0,0.0,1.0,1.0,17116,18147,24279
0.0,43.0,13.0,0.0,0.0,0.0,0.0,25821,23913,18507
0.0,31.0,13.0,0.0,0.0,1.0,0.0,498,528,587
0.0,37.0,12.0,0.0,0.0,0.0,0.0,24452,25168,20836
0.0,21.0,14.0,0.0,0.0,0.0,0.0,3548,0,3511
0.0,37.0,12.0,0.0,0.0,1.0,0.0,25862,25244,25565
0.0,24.0,6.0,0.0,1.0,1.0,1.0,21587,8948,25565
0.0,55.0,12.0,0.0,0.0,1.0,0.0,23262,23401,0
0.0,31.0,18.0,0.0,1.0,1.0,0.0,5176,0,0
0.0,27.0,14.0,0.0,0.0,1.0,0.0,7353,190,315
0.0,54.0,12.0,0.0,0.0,1.0,0.0,24262,20297,23963
0.0,35.0,13.0,0.0,0.0,1.0,0.0,25862,25244,25565
0.0,26.0,16.0,0.0,0.0,1.0,0.0,2972,13179,25565
0.0,45.0,12.0,0.0,0.0,1.0,0.0,20884,19896,20827
0.0,26.0,12.0,0.0,0.0,1.0,0.0,21432,25136,25565
0.0,55.0,13.0,0.0,0.0,1.0,0.0,19904,18453,16827
0.0,29.0,10.0,0.0,0.0,1.0,1.0,4081,2621,25565
0.0,28.0,17.0,0.0,0.0,0.0,0.0,10588,13193,13467
0.0,27.0,14.0,0.0,0.0,1.0,0.0,0,0,0
0.0,29.0,16.0,0.0,0.0,1.0,0.0,25862,25244,25565
0.0,20.0,13.0,0.0,0.0,0.0,0.0,5664,5129,18528
0.0,45.0,12.0,0.0,0.0,0.0,0.0,0,0,0
0.0,20.0,14.0,0.0,0.0,0.0,0.0,8025,12912,9790
0.0,35.0,18.0,0.0,0.0,0.0,0.0,0,0,0
0.0,47.0,12.0,0.0,0.0,1.0,0.0,0,0,0
0.0,53.0,9.0,0.0,0.0,1.0,1.0,23051,24119,25565
0.0,47.0,14.0,0.0,0.0,0.0,0.0,0,0,0
0.0,30.0,16.0,0.0,0.0,1.0,0.0,5208,14639,19041
0.0,32.0,13.0,0.0,1.0,1.0,0.0,12077,14188,15447
0.0,21.0,12.0,0.0,1.0,1.0,0.0,8127,915,25565
0.0,18.0,12.0,0.0,1.0,0.0,0.0,958,1087,0
0.0,38.0,12.0,0.0,1.0,1.0,0.0,16072,11087,12007
0.0,44.0,14.0,0.0,1.0,1.0,0.0,0,0,0
0.0,28.0,16.0,0.0,0.0,1.0,0.0,17986,17339,17948
0.0,28.0,17.0,0.0,0.0,0.0,0.0,4638,0,10623
0.0,43.0,14.0,0.0,0.0,1.0,0.0,14293,8699,13520
0.0,24.0,16.0,0.0,0.0,1.0,0.0,11187,12112,22662
0.0,19.0,12.0,0.0,0.0,0.0,0.0,1415,1762,13143
0.0,39.0,12.0,1.0,0.0,1.0,0.0,25862,25244,25565
0.0,16.0,10.0,1.0,0.0,0.0,1.0,1144,0,8773
0.0,21.0,13.0,0.0,1.0,0.0,0.0,3015,0,17628
0.0,30.0,13.0,0.0,0.0,1.0,0.0,23656,21636,25565
0.0,35.0,11.0,0.0,1.0,1.0,1.0,10647,5618,11067
0.0,46.0,12.0,0.0,0.0,1.0,0.0,9998,9202,9282
0.0,35.0,16.0,0.0,0.0,1.0,0.0,1718,1602,5917
0.0,29.0,14.0,0.0,0.0,1.0,0.0,0,0,0
0.0,28.0,12.0,1.0,0.0,1.0,0.0,16340,15468,20931
0.0,40.0,18.0,0.0,0.0,1.0,0.0,23035,22676,11374
0.0,50.0,16.0,0.0,1.0,1.0,0.0,25862,24864,25565
0.0,24.0,11.0,0.0,0.0,1.0,1.0,16791,16754,19382
0.0,33.0,12.0,0.0,0.0,1.0,0.0,6076,0,7139
0.0,21.0,12.0,0.0,0.0,1.0,0.0,9520,10117,24999
0.0,38.0,16.0,0.0,0.0,0.0,0.0,3830,8973,21591
0.0,40.0,12.0,0.0,0.0,1.0,0.0,24260,18773,0
0.0,43.0,14.0,0.0,0.0,1.0,0.0,25862,12257,7535
0.0,32.0,14.0,0.0,0.0,1.0,0.0,25053,25244,25565
0.0,32.0,13.0,0.0,0.0,1.0,0.0,24267,25244,25565
0.0,17.0,11.0,0.0,0.0,0.0,1.0,335,2754,13954
0.0,29.0,8.0,0.0,0.0,1.0,1.0,3552,5373,3171
0.0,42.0,12.0,0.0,0.0,1.0,0.0,25862,25244,25565
0.0,33.0,16.0,0.0,0.0,1.0,0.0,11031,7197,12719
0.0,26.0,13.0,0.0,0.0,1.0,0.0,13621,22846,13240
0.0,25.0,13.0,0.0,0.0,0.0,0.0,25713,25244,19
0.0,26.0,12.0,0.0,0.0,0.0,0.0,8237,16852,3258
0.0,50.0,9.0,0.0,0.0,1.0,1.0,25862,25244,25565
0.0,36.0,12.0,0.0,0.0,1.0,0.0,11903,13812,20524
0.0,36.0,13.0,0.0,0.0,1.0,0.0,0,0,0
0.0,45.0,12.0,0.0,0.0,1.0,0.0,25862,19099,25565
0.0,21.0,12.0,0.0,0.0,0.0,0.0,2484,17008,19312
0.0,25.0,12.0,0.0,1.0,1.0,0.0,2267,4361,3020
0.0,22.0,8.0,0.0,1.0,1.0,1.0,10878,12480,19487
0.0,54.0,12.0,0.0,0.0,1.0,0.0,22314,5862,12575
0.0,44.0,13.0,0.0,0.0,1.0,0.0,22741,21944,22411
0.0,19.0,13.0,0.0,0.0,0.0,0.0,2218,3029,705
0.0,41.0,12.0,0.0,1.0,1.0,0.0,19287,21693,23429
0.0,17.0,10.0,0.0,0.0,0.0,1.0,20,1092,18609
0.0,50.0,18.0,0.0,0.0,1.0,0.0,23611,23376,23316
0.0,27.0,12.0,0.0,0.0,1.0,0.0,23960,19717,8965
0.0,21.0,12.0,1.0,0.0,1.0,0.0,876,0,0
0.0,34.0,11.0,0.0,0.0,1.0,1.0,0,4010,18133
0.0,29.0,17.0,0.0,0.0,1.0,0.0,12743,13882,13158
0.0,31.0,15.0,0.0,0.0,1.0,0.0,18795,14493,25392
0.0,33.0,18.0,0.0,0.0,1.0,0.0,25306,4886,25565
0.0,19.0,12.0,0.0,0.0,1.0,0.0,3858,7262,0
0.0,23.0,18.0,0.0,0.0,0.0,0.0,4089,4601,25565
0.0,30.0,9.0,0.0,0.0,1.0,1.0,19285,9893,21520
0.0,34.0,18.0,0.0,0.0,1.0,0.0,25862,25244,25565
0.0,44.0,12.0,0.0,1.0,1.0,0.0,5104,3751,0
0.0,19.0,8.0,0.0,1.0,0.0,1.0,0,4431,8824
0.0,22.0,12.0,0.0,1.0,1.0,0.0,8785,10140,13809
0.0,28.0,12.0,0.0,1.0,1.0,0.0,13484,13177,14117
0.0,41.0,8.0,0.0,1.0,1.0,1.0,2518,0,0
0.0,32.0,12.0,0.0,1.0,0.0,0.0,5713,2399,0
0.0,54.0,5.0,0.0,1.0,1.0,1.0,4769,2181,2720
0.0,42.0,12.0,0.0,0.0,1.0,0.0,1963,4189,1552
0.0,51.0,6.0,0.0,1.0,0.0,1.0,10229,11775,10295
0.0,32.0,12.0,0.0,0.0,1.0,0.0,25862,25244,25565
0.0,55.0,5.0,0.0,1.0,1.0,1.0,16646,16933,18441
0.0,48.0,14.0,0.0,0.0,1.0,0.0,9130,0,0
0.0,17.0,10.0,0.0,0.0,0.0,1.0,0,322,2587
0.0,24.0,17.0,0.0,0.0,1.0,0.0,8417,5588,0
0.0,53.0,12.0,0.0,0.0,1.0,0.0,25862,21006,19051
0.0,28.0,16.0,0.0,0.0,0.0,0.0,4532,8382,12604
0.0,52.0,16.0,0.0,0.0,1.0,0.0,25862,25244,25565
0.0,25.0,12.0,0.0,0.0,1.0,0.0,18664,15758,14804
0.0,48.0,11.0,0.0,1.0,0.0,1.0,25862,25244,25565
0.0,24.0,12.0,0.0,0.0,1.0,0.0,39,0,8240
0.0,52.0,13.0,0.0,0.0,1.0,0.0,25862,25244,25565
0.0,23.0,12.0,0.0,0.0,0.0,0.0,14017,6510,5636
0.0,18.0,11.0,0.0,0.0,0.0,1.0,1848,3267,0
0.0,28.0,12.0,0.0,0.0,1.0,0.0,25008,24986,24382
0.0,34.0,12.0,0.0,0.0,0.0,0.0,23204,25244,15597
0.0,52.0,10.0,0.0,0.0,1.0,1.0,23568,25244,25565
0.0,38.0,12.0,0.0,0.0,1.0,0.0,19287,21394,21010
0.0,26.0,11.0,0.0,0.0,1.0,1.0,25862,16650,935
0.0,53.0,12.0,0.0,0.0,1.0,0.0,20837,21120,11204
0.0,21.0,12.0,0.0,0.0,0.0,0.0,1595,5167,0
0.0,40.0,12.0,0.0,0.0,0.0,0.0,22003,20299,23506
0.0,27.0,14.0,0.0,0.0,0.0,0.0,6117,6515,0
0.0,23.0,14.0,0.0,0.0,1.0,0.0,13850,15977,17909
0.0,36.0,9.0,0.0,1.0,1.0,1.0,24751,25244,25565
0.0,45.0,12.0,0.0,0.0,1.0,0.0,23513,25244,9477
0.0,34.0,14.0,0.0,1.0,1.0,0.0,0,2863,0
0.0,40.0,12.0,0.0,0.0,1.0,0.0,17810,16883,18590
0.0,47.0,15.0,0.0,0.0,1.0,0.0,25862,25244,25565
0.0,19.0,12.0,0.0,0.0,0.0,0.0,0,5953,13589
0.0,35.0,5.0,0.0,1.0,1.0,1.0,6395,9462,6161
0.0,22.0,16.0,0.0,1.0,1.0,0.0,4465,10477,19026
0.0,42.0,6.0,0.0,0.0,1.0,1.0,16166,17318,25565
0.0,49.0,12.0,0.0,0.0,1.0,0.0,17539,17309,25565
0.0,32.0,17.0,0.0,0.0,1.0,0.0,1109,1982,15662
0.0,25.0,12.0,0.0,0.0,1.0,0.0,25862,25244,25565
0.0,54.0,13.0,0.0,0.0,1.0,0.0,0,15762,25565
0.0,30.0,13.0,0.0,0.0,1.0,0.0,25862,25244,25565
0.0,24.0,12.0,0.0,0.0,1.0,0.0,16186,22560,15908
0.0,41.0,16.0,0.0,0.0,0.0,0.0,25862,25244,25565
0.0,28.0,16.0,0.0,0.0,0.0,0.0,0,0,16994
0.0,26.0,16.0,0.0,0.0,0.0,0.0,2790,4947,8395
0.0,24.0,18.0,0.0,0.0,0.0,0.0,2124,10357,12206
0.0,17.0,10.0,0.0,0.0,0.0,1.0,0,1276,12351
0.0,19.0,8.0,0.0,0.0,1.0,1.0,39,1137,5327
0.0,34.0,16.0,0.0,0.0,1.0,0.0,22402,23269,25565
0.0,16.0,10.0,0.0,0.0,0.0,1.0,14,0,8813
0.0,25.0,12.0,0.0,0.0,1.0,0.0,8523,8859,6833
0.0,26.0,12.0,0.0,0.0,1.0,0.0,23770,24254,25565
0.0,36.0,9.0,0.0,0.0,1.0,1.0,17614,25244,8575
0.0,30.0,11.0,0.0,0.0,1.0,1.0,25069,25244,25565
0.0,29.0,14.0,0.0,0.0,1.0,0.0,25862,25244,25565
0.0,45.0,15.0,0.0,0.0,1.0,0.0,23717,24989,25565
0.0,17.0,10.0,0.0,0.0,0.0,1.0,1046,1429,8846
0.0,29.0,17.0,0.0,0.0,0.0,0.0,4804,19719,25565
0.0,50.0,12.0,0.0,0.0,0.0,0.0,16718,15214,4847
0.0,24.0,12.0,0.0,0.0,0.0,0.0,14389,17887,2840
0.0,18.0,10.0,0.0,0.0,0.0,1.0,0,1033,4865
0.0,20.0,14.0,0.0,0.0,0.0,0.0,10349,5045,12632
0.0,20.0,12.0,0.0,0.0,1.0,0.0,8852,14013,19664
0.0,25.0,13.0,0.0,0.0,1.0,0.0,18284,25125,15222
0.0,22.0,12.0,0.0,0.0,1.0,0.0,10653,9736,10750
0.0,42.0,5.0,0.0,1.0,1.0,1.0,16370,17867,18383
0.0,18.0,12.0,0.0,1.0,0.0,0.0,3566,3416,4894
0.0,17.0,10.0,0.0,1.0,0.0,1.0,2359,3650,4834
0.0,16.0,8.0,0.0,1.0,0.0,1.0,1536,2372,4751
0.0,41.0,8.0,0.0,0.0,1.0,1.0,16846,12493,609
0.0,35.0,7.0,0.0,0.0,1.0,1.0,10715,6087,15178
0.0,45.0,12.0,0.0,0.0,1.0,0.0,25862,25244,25565
0.0,49.0,11.0,0.0,0.0,1.0,1.0,25862,25020,25565
0.0,23.0,10.0,0.0,0.0,1.0,1.0,25862,25244,25565
0.0,28.0,17.0,0.0,0.0,1.0,0.0,16278,17370,19015
0.0,19.0,11.0,0.0,0.0,0.0,1.0,0,1694,9853
0.0,32.0,18.0,0.0,0.0,1.0,0.0,18985,0,18890
0.0,21.0,13.0,0.0,0.0,0.0,0.0,7110,3115,7471
0.0,55.0,13.0,0.0,0.0,1.0,0.0,13738,13025,5989
0.0,32.0,18.0,0.0,0.0,1.0,0.0,25862,25244,25565
0.0,40.0,12.0,0.0,0.0,1.0,0.0,13635,15298,20628
0.0,51.0,11.0,0.0,1.0,1.0,1.0,14256,15612,13812
0.0,25.0,14.0,0.0,0.0,1.0,0.0,25862,25244,13998
0.0,40.0,11.0,0.0,0.0,1.0,1.0,24087,23589,22750
0.0,28.0,12.0,0.0,0.0,1.0,0.0,6734,854,0
0.0,54.0,14.0,0.0,0.0,1.0,0.0,25862,24363,25565
0.0,18.0,12.0,0.0,0.0,0.0,0.0,2414,3477,8889
0.0,16.0,9.0,0.0,0.0,0.0,1.0,715,2773,7003
0.0,40.0,12.0,0.0,0.0,1.0,0.0,25862,11036,25565
0.0,20.0,12.0,0.0,0.0,1.0,0.0,10641,12756,4643
0.0,27.0,14.0,0.0,0.0,1.0,0.0,217,1640,0
0.0,18.0,12.0,0.0,0.0,0.0,0.0,3198,7036,7420
0.0,38.0,13.0,0.0,0.0,1.0,0.0,0,0,0
0.0,30.0,12.0,0.0,0.0,1.0,0.0,25860,18014,0
0.0,31.0,8.0,0.0,0.0,1.0,1.0,24019,25244,23808
0.0,30.0,14.0,0.0,0.0,1.0,0.0,25862,25244,25565
0.0,31.0,12.0,0.0,0.0,1.0,0.0,25862,25244,25565
0.0,23.0,12.0,0.0,0.0,0.0,0.0,19495,11381,21479
0.0,49.0,7.0,0.0,0.0,1.0,1.0,7710,2866,11206
0.0,21.0,10.0,0.0,0.0,0.0,1.0,0,0,6740
0.0,31.0,13.0,0.0,0.0,1.0,0.0,13374,12869,0
0.0,32.0,14.0,0.0,1.0,1.0,0.0,564,1457,0
0.0,21.0,14.0,1.0,0.0,1.0,0.0,10647,13467,19169
0.0,37.0,10.0,0.0,0.0,1.0,1.0,21556,21360,25565
0.0,26.0,12.0,0.0,0.0,1.0,0.0,18548,9619,17637
0.0,29.0,13.0,0.0,0.0,1.0,0.0,20792,22789,15176
0.0,17.0,8.0,1.0,0.0,0.0,1.0,0,0,12760
0.0,44.0,6.0,1.0,0.0,0.0,1.0,17338,7537,7269
0.0,35.0,16.0,0.0,0.0,1.0,0.0,0,21926,21514
0.0,29.0,18.0,0.0,0.0,0.0,0.0,25177,23274,22274
0.0,52.0,10.0,0.0,0.0,1.0,1.0,21967,22100,22362
0.0,40.0,12.0,1.0,0.0,1.0,0.0,10071,10527,7891
0.0,19.0,12.0,1.0,0.0,0.0,0.0,6321,1151,14700
0.0,36.0,16.0,0.0,0.0,1.0,0.0,22859,25244,25565
0.0,50.0,12.0,0.0,0.0,1.0,0.0,25862,25244,25565
0.0,53.0,12.0,0.0,0.0,1.0,0.0,23282,21276,21658
0.0,30.0,16.0,0.0,0.0,1.0,0.0,0,2555,15566
0.0,38.0,8.0,0.0,0.0,1.0,1.0,20686,18236,1222
0.0,19.0,9.0,0.0,0.0,0.0,1.0,1626,2754,3285
0.0,36.0,12.0,0.0,0.0,1.0,0.0,25034,24092,25565
0.0,26.0,12.0,0.0,0.0,1.0,0.0,25862,24504,24329
0.0,48.0,12.0,0.0,0.0,1.0,0.0,23147,5298,25565
0.0,17.0,8.0,0.0,0.0,0.0,1.0,304,1887,5963
0.0,40.0,12.0,0.0,0.0,1.0,0.0,23209,25244,22543
0.0,55.0,4.0,0.0,0.0,1.0,1.0,25862,24406,15798
0.0,55.0,6.0,0.0,0.0,1.0,1.0,15374,13777,14306
0.0,23.0,9.0,1.0,0.0,0.0,1.0,11405,11403,15566
0.0,21.0,12.0,1.0,0.0,0.0,0.0,10590,11195,13091
0.0,31.0,12.0,0.0,0.0,1.0,0.0,25862,25244,25565
0.0,23.0,15.0,0.0,0.0,1.0,0.0,4681,4521,12100
0.0,30.0,10.0,1.0,0.0,1.0,1.0,8292,8404,12197
0.0,25.0,12.0,1.0,0.0,1.0,0.0,9326,0,0
0.0,39.0,12.0,0.0,0.0,1.0,0.0,25521,18451,24213
0.0,24.0,7.0,0.0,0.0,1.0,1.0,9702,9435,15232
0.0,50.0,4.0,1.0,0.0,0.0,1.0,22300,18317,13396
0.0,43.0,12.0,0.0,0.0,1.0,0.0,24924,17687,22043
0.0,38.0,16.0,0.0,0.0,1.0,0.0,0,0,4473
0.0,34.0,12.0,0.0,0.0,1.0,0.0,24579,24280,25565
0.0,31.0,12.0,0.0,0.0,1.0,0.0,18974,19425,0
0.0,52.0,14.0,0.0,0.0,1.0,0.0,25862,25244,25565
0.0,54.0,6.0,1.0,0.0,0.0,1.0,9500,8706,4723
0.0,28.0,16.0,0.0,0.0,1.0,0.0,8921,16698,20360
0.0,31.0,12.0,0.0,0.0,1.0,0.0,12114,8456,19419
0.0,26.0,9.0,0.0,0.0,1.0,1.0,13787,8841,6399
0.0,37.0,9.0,1.0,0.0,1.0,1.0,14146,15554,15447
0.0,23.0,12.0,0.0,0.0,1.0,0.0,23960,25244,23661
0.0,20.0,10.0,0.0,0.0,1.0,1.0,2187,820,12147
0.0,47.0,8.0,0.0,0.0,1.0,1.0,0,0,0
0.0,22.0,12.0,0.0,0.0,1.0,0.0,0,0,0
0.0,36.0,10.0,0.0,0.0,1.0,1.0,4785,3257,3495
0.0,35.0,12.0,0.0,0.0,1.0,0.0,11961,12303,12555
0.0,29.0,12.0,1.0,0.0,1.0,0.0,22694,16594,23747
0.0,34.0,11.0,1.0,0.0,1.0,1.0,15253,10935,15962
0.0,36.0,8.0,1.0,0.0,1.0,1.0,0,5482,8002
0.0,16.0,9.0,1.0,0.0,0.0,1.0,0,278,3984
0.0,36.0,16.0,0.0,0.0,1.0,0.0,24291,25244,25565
0.0,19.0,10.0,1.0,0.0,1.0,1.0,3521,5987,19490
0.0,26.0,12.0,0.0,1.0,1.0,0.0,0,0,0
0.0,37.0,12.0,0.0,0.0,1.0,0.0,0,0,0
0.0,30.0,12.0,0.0,0.0,1.0,0.0,0,4175,127
0.0,51.0,12.0,0.0,0.0,1.0,0.0,25862,25244,25565
0.0,18.0,11.0,0.0,0.0,0.0,1.0,0,0,5998
0.0,31.0,12.0,0.0,0.0,1.0,0.0,19606,17269,25565
0.0,47.0,2.0,0.0,0.0,1.0,1.0,10580,25244,10643
0.0,24.0,10.0,0.0,0.0,1.0,1.0,12859,14298,8772
0.0,28.0,14.0,0.0,0.0,1.0,0.0,15798,15934,1562
0.0,51.0,16.0,0.0,0.0,1.0,0.0,25862,25244,25565
0.0,16.0,9.0,0.0,0.0,0.0,1.0,0,0,4974
0.0,42.0,12.0,0.0,0.0,1.0,0.0,25862,25244,24681
0.0,26.0,16.0,0.0,0.0,1.0,0.0,22099,21937,25565
0.0,51.0,11.0,0.0,0.0,1.0,1.0,11093,4667,0
0.0,32.0,12.0,0.0,0.0,1.0,0.0,24175,24105,25565
0.0,49.0,12.0,0.0,0.0,0.0,0.0,7559,11779,0
0.0,39.0,5.0,0.0,0.0,1.0,1.0,13082,1434,18324
0.0,31.0,12.0,0.0,0.0,1.0,0.0,23707,14962,21121
0.0,25.0,14.0,0.0,0.0,1.0,0.0,16852,14448,18243
0.0,45.0,14.0,0.0,0.0,1.0,0.0,14307,13827,8509
0.0,20.0,9.0,0.0,0.0,1.0,1.0,16522,15676,17122
0.0,19.0,8.0,1.0,0.0,0.0,1.0,1932,1554,8572
0.0,17.0,9.0,1.0,0.0,0.0,1.0,0,981,8900
0.0,34.0,15.0,0.0,0.0,1.0,0.0,25378,25244,25565
0.0,39.0,18.0,0.0,0.0,1.0,0.0,24085,24221,25565
0.0,52.0,13.0,0.0,0.0,0.0,0.0,25862,25244,25565
0.0,32.0,14.0,0.0,0.0,1.0,0.0,16344,18064,19695
0.0,49.0,10.0,0.0,0.0,1.0,1.0,2147,12885,8584
0.0,26.0,16.0,0.0,0.0,1.0,0.0,21936,23043,17394
0.0,34.0,12.0,0.0,0.0,1.0,0.0,12490,11637,9044
0.0,31.0,5.0,0.0,1.0,1.0,1.0,7651,8459,12051
0.0,53.0,11.0,0.0,0.0,1.0,1.0,15780,17393,19332
0.0,43.0,8.0,1.0,0.0,0.0,1.0,20106,15271,25565
0.0,29.0,12.0,0.0,0.0,1.0,0.0,25862,24927,2919
0.0,29.0,12.0,0.0,0.0,1.0,0.0,22271,22062,10421
0.0,32.0,18.0,0.0,0.0,1.0,0.0,25862,25244,25565
0.0,36.0,17.0,0.0,0.0,1.0,0.0,24898,25244,25565
0.0,17.0,11.0,0.0,0.0,0.0,1.0,713,1774,2301
0.0,53.0,16.0,0.0,0.0,1.0,0.0,25862,0,8828
0.0,44.0,18.0,0.0,0.0,1.0,0.0,20514,24212,25565
0.0,45.0,12.0,0.0,0.0,1.0,0.0,25862,25244,20945
0.0,47.0,10.0,0.0,0.0,1.0,1.0,25862,25244,20808
0.0,39.0,12.0,0.0,0.0,1.0,0.0,25862,25244,25565
0.0,25.0,14.0,0.0,0.0,1.0,0.0,4436,11193,8286
0.0,20.0,12.0,0.0,0.0,1.0,0.0,18276,13008,0
0.0,23.0,12.0,0.0,0.0,0.0,0.0,0,0,8305
0.0,33.0,18.0,0.0,0.0,1.0,0.0,25862,25244,25565
0.0,29.0,15.0,0.0,0.0,1.0,0.0,0,0,0
0.0,28.0,12.0,0.0,0.0,1.0,0.0,25862,21942,25565
0.0,42.0,11.0,0.0,0.0,1.0,1.0,21787,14265,15491
0.0,30.0,16.0,0.0,0.0,1.0,0.0,3987,4612,5844
0.0,45.0,9.0,0.0,0.0,1.0,1.0,21991,23532,24341
0.0,27.0,16.0,0.0,0.0,1.0,0.0,21738,24248,25565
0.0,31.0,17.0,0.0,0.0,1.0,0.0,19985,21999,25565
0.0,29.0,14.0,0.0,0.0,1.0,0.0,8740,18575,21038
0.0,27.0,12.0,0.0,0.0,1.0,0.0,12908,16596,10408
0.0,31.0,13.0,0.0,0.0,1.0,0.0,25862,25244,25565
0.0,26.0,16.0,0.0,0.0,0.0,0.0,16221,6784,66
0.0,28.0,12.0,0.0,0.0,1.0,0.0,0,5178,22779
0.0,53.0,9.0,0.0,0.0,1.0,1.0,20839,20990,21192
0.0,22.0,16.0,0.0,0.0,0.0,0.0,4975,7281,9254
0.0,40.0,9.0,0.0,1.0,1.0,1.0,17404,17509,5980
0.0,37.0,14.0,0.0,0.0,1.0,0.0,18501,2639,13430
0.0,44.0,12.0,0.0,0.0,1.0,0.0,25862,25244,21567
0.0,47.0,12.0,0.0,0.0,1.0,0.0,25862,25244,0
0.0,18.0,11.0,0.0,0.0,0.0,1.0,2578,3754,938
0.0,42.0,8.0,0.0,0.0,0.0,1.0,17925,301,14117
0.0,42.0,10.0,0.0,0.0,1.0,1.0,25218,23543,25565
0.0,39.0,12.0,0.0,0.0,1.0,0.0,18770,19618,25565
0.0,21.0,12.0,0.0,0.0,0.0,0.0,2404,7013,59
0.0,32.0,17.0,0.0,0.0,1.0,0.0,0,0,0
0.0,17.0,11.0,0.0,0.0,0.0,1.0,1019,1242,0
0.0,25.0,12.0,0.0,0.0,1.0,0.0,21139,19805,12929
0.0,29.0,10.0,0.0,0.0,0.0,1.0,8209,15218,11305
0.0,28.0,16.0,0.0,0.0,0.0,0.0,0,0,0
0.0,47.0,14.0,0.0,0.0,0.0,0.0,25862,25244,23053
0.0,23.0,16.0,0.0,0.0,0.0,0.0,1405,603,2404
0.0,39.0,17.0,0.0,0.0,1.0,0.0,22238,24796,15008
0.0,52.0,6.0,0.0,1.0,0.0,1.0,18049,13692,17836
0.0,26.0,12.0,0.0,0.0,1.0,0.0,22449,25244,25565
0.0,31.0,15.0,0.0,0.0,1.0,0.0,25862,25244,25565
0.0,46.0,11.0,0.0,0.0,1.0,1.0,14602,6909,3505
0.0,35.0,18.0,0.0,0.0,1.0,0.0,11303,25244,0
0.0,44.0,14.0,1.0,0.0,1.0,0.0,0,0,0
0.0,22.0,14.0,1.0,0.0,1.0,0.0,748,11105,18209
0.0,30.0,10.0,0.0,0.0,1.0,1.0,0,0,3152
0.0,55.0,5.0,0.0,1.0,0.0,1.0,14885,13107,0
0.0,27.0,12.0,0.0,0.0,1.0,0.0,14622,14332,20205
0.0,27.0,16.0,0.0,0.0,1.0,0.0,0,10139,0
0.0,51.0,12.0,0.0,0.0,1.0,0.0,24687,25244,25565
0.0,33.0,18.0,0.0,0.0,0.0,0.0,15155,22687,25565
0.0,37.0,13.0,0.0,0.0,1.0,0.0,21865,23412,0
0.0,30.0,12.0,0.0,0.0,1.0,0.0,25862,24005,25565
0.0,50.0,8.0,0.0,0.0,1.0,1.0,21060,20836,22187
0.0,31.0,11.0,0.0,0.0,0.0,1.0,25862,25244,25565
0.0,29.0,17.0,0.0,0.0,1.0,0.0,14097,8556,0
0.0,55.0,12.0,0.0,0.0,1.0,0.0,9796,12801,14777
0.0,20.0,13.0,0.0,0.0,0.0,0.0,649,0,6834
0.0,21.0,14.0,0.0,0.0,0.0,0.0,0,0,0
0.0,52.0,12.0,0.0,0.0,1.0,0.0,25862,25244,25565
0.0,45.0,12.0,0.0,0.0,1.0,0.0,25862,25244,25565
0.0,29.0,16.0,0.0,0.0,1.0,0.0,25862,25244,25565
0.0,31.0,17.0,0.0,0.0,1.0,0.0,25862,25244,25565
0.0,34.0,17.0,0.0,0.0,1.0,0.0,25666,25244,25565
0.0,25.0,12.0,0.0,0.0,1.0,0.0,15882,16589,22377
0.0,34.0,8.0,0.0,0.0,1.0,1.0,24164,19054,21542
0.0,55.0,12.0,0.0,0.0,1.0,0.0,25862,18942,22853
0.0,41.0,12.0,0.0,0.0,1.0,0.0,25862,25244,25565
0.0,37.0,12.0,0.0,0.0,1.0,0.0,25862,25244,25565
0.0,22.0,12.0,0.0,0.0,0.0,0.0,5445,5899,9703
0.0,39.0,18.0,0.0,0.0,0.0,0.0,24330,24076,25149
0.0,37.0,12.0,0.0,0.0,1.0,0.0,22686,19361,22012
0.0,39.0,12.0,0.0,0.0,1.0,0.0,18055,20965,17538
0.0,54.0,9.0,0.0,0.0,1.0,1.0,25862,23165,20996
0.0,32.0,18.0,0.0,0.0,1.0,0.0,25862,25244,25565
0.0,50.0,12.0,0.0,0.0,1.0,0.0,23086,24441,25565
0.0,40.0,16.0,0.0,0.0,1.0,0.0,25862,25244,18868
0.0,24.0,13.0,0.0,0.0,1.0,0.0,19089,19250,22591
0.0,29.0,18.0,0.0,0.0,1.0,0.0,25862,25244,25565
0.0,29.0,17.0,0.0,1.0,1.0,0.0,23213,25244,25565
0.0,30.0,15.0,0.0,0.0,1.0,0.0,20406,23919,24839
0.0,31.0,12.0,0.0,0.0,1.0,0.0,25862,25244,25565
0.0,52.0,9.0,0.0,0.0,1.0,1.0,0,0,0
0.0,44.0,9.0,1.0,0.0,0.0,1.0,16178,8082,5614
0.0,28.0,12.0,0.0,0.0,1.0,0.0,25862,25244,25565
0.0,42.0,12.0,0.0,0.0,1.0,0.0,22945,22245,24547
0.0,24.0,13.0,0.0,0.0,1.0,0.0,22684,23283,25565
0.0,47.0,9.0,0.0,0.0,1.0,1.0,25862,25244,17581
0.0,29.0,18.0,0.0,0.0,1.0,0.0,25862,25244,25565
0.0,51.0,12.0,0.0,0.0,1.0,0.0,25862,25244,19284
0.0,25.0,12.0,0.0,0.0,1.0,0.0,11985,15746,14554
0.0,43.0,12.0,0.0,0.0,1.0,0.0,13321,0,16861
0.0,37.0,10.0,0.0,0.0,1.0,1.0,25862,7915,25565
0.0,33.0,13.0,0.0,0.0,1.0,0.0,25862,25244,25565
0.0,55.0,16.0,0.0,0.0,1.0,0.0,25862,25244,25565
0.0,19.0,13.0,0.0,0.0,0.0,0.0,3327,1652,3198
0.0,50.0,12.0,0.0,0.0,1.0,0.0,24669,24551,25565
0.0,51.0,18.0,0.0,0.0,1.0,0.0,25862,25244,25565
0.0,33.0,16.0,0.0,0.0,1.0,0.0,22028,21656,25278
0.0,28.0,13.0,0.0,0.0,1.0,0.0,13107,14065,19550
0.0,38.0,10.0,0.0,0.0,1.0,1.0,18202,18510,21334
0.0,38.0,12.0,0.0,0.0,1.0,0.0,0,0,0
0.0,28.0,12.0,0.0,0.0,1.0,0.0,11865,15178,18649
0.0,27.0,12.0,0.0,0.0,1.0,0.0,14213,20644,21049
0.0,37.0,12.0,0.0,0.0,1.0,0.0,25862,25244,25565
0.0,48.0,12.0,0.0,0.0,1.0,0.0,0,1404,21477
0.0,16.0,10.0,0.0,0.0,0.0,1.0,0,0,2474
0.0,21.0,11.0,0.0,0.0,0.0,1.0,5067,7118,11526
0.0,22.0,12.0,0.0,0.0,0.0,0.0,6518,11795,20888
0.0,33.0,18.0,0.0,0.0,1.0,0.0,25862,24930,25565
0.0,29.0,18.0,0.0,0.0,1.0,0.0,21601,21887,25565
0.0,20.0,12.0,0.0,0.0,0.0,0.0,1699,8461,22797
0.0,47.0,12.0,0.0,0.0,1.0,0.0,19177,18281,15741
0.0,47.0,8.0,0.0,0.0,1.0,1.0,20369,17031,25565
0.0,27.0,16.0,0.0,0.0,1.0,0.0,24636,25244,25565
0.0,50.0,8.0,0.0,0.0,1.0,1.0,25862,25244,25565
0.0,51.0,12.0,0.0,0.0,1.0,0.0,25862,25244,25565
0.0,37.0,7.0,0.0,0.0,0.0,1.0,17496,17017,17764
0.0,35.0,12.0,0.0,0.0,1.0,0.0,23899,20155,24502
0.0,41.0,14.0,0.0,0.0,1.0,0.0,25862,25244,25565
0.0,50.0,16.0,0.0,0.0,1.0,0.0,25862,25244,25565
0.0,43.0,12.0,1.0,0.0,1.0,0.0,0,0,0
0.0,23.0,14.0,0.0,0.0,0.0,0.0,9836,3830,120
0.0,26.0,10.0,0.0,0.0,0.0,1.0,14048,13073,15445
0.0,48.0,7.0,0.0,0.0,0.0,1.0,7563,10857,13462
0.0,54.0,10.0,0.0,0.0,1.0,1.0,25862,25244,25565
0.0,23.0,12.0,0.0,0.0,0.0,0.0,1019,5973,16744
0.0,53.0,13.0,0.0,0.0,1.0,0.0,10580,17545,6059
0.0,34.0,12.0,0.0,0.0,1.0,0.0,17506,19887,25565
0.0,39.0,13.0,0.0,0.0,1.0,0.0,17673,8773,1645
0.0,36.0,14.0,0.0,0.0,1.0,0.0,0,0,3693
0.0,24.0,12.0,0.0,0.0,1.0,0.0,8002,10226,0
0.0,24.0,15.0,0.0,0.0,0.0,0.0,4540,16154,22055
0.0,25.0,16.0,0.0,0.0,1.0,0.0,20410,21573,25565
0.0,35.0,12.0,0.0,0.0,1.0,0.0,25862,25244,25565
0.0,37.0,12.0,0.0,0.0,0.0,0.0,49,0,878
0.0,28.0,16.0,0.0,0.0,1.0,0.0,488,0,12522
0.0,27.0,13.0,0.0,0.0,1.0,0.0,18315,14903,5751
0.0,36.0,16.0,0.0,0.0,1.0,0.0,25862,16788,15209
0.0,26.0,12.0,0.0,0.0,1.0,0.0,25862,13451,25565
0.0,36.0,12.0,0.0,0.0,1.0,0.0,25862,25244,25315
0.0,44.0,12.0,1.0,0.0,1.0,0.0,25862,25244,22488
0.0,34.0,16.0,0.0,0.0,1.0,0.0,25862,25244,25565
0.0,48.0,16.0,0.0,0.0,1.0,0.0,25862,25244,23524
0.0,40.0,11.0,0.0,0.0,1.0,1.0,25394,16489,25565
0.0,47.0,9.0,0.0,0.0,1.0,1.0,25862,25244,25565
0.0,43.0,12.0,0.0,0.0,1.0,0.0,19747,17620,20696
0.0,55.0,8.0,0.0,0.0,1.0,1.0,0,0,0
0.0,51.0,12.0,0.0,0.0,1.0,0.0,0,0,0
0.0,23.0,14.0,0.0,0.0,0.0,0.0,16305,10819,18222
0.0,30.0,12.0,0.0,0.0,1.0,0.0,14665,16177,11284
0.0,52.0,11.0,0.0,0.0,1.0,1.0,3388,829,7903
0.0,38.0,10.0,0.0,0.0,1.0,1.0,20235,14383,13979
0.0,36.0,12.0,0.0,0.0,1.0,0.0,24787,25244,0
0.0,25.0,12.0,0.0,0.0,0.0,0.0,19906,2118,25565
0.0,27.0,8.0,0.0,0.0,1.0,1.0,16869,17502,19391
0.0,27.0,12.0,0.0,0.0,1.0,0.0,161,0,0
0.0,23.0,12.0,0.0,0.0,1.0,0.0,15800,16577,19496
0.0,31.0,13.0,0.0,0.0,1.0,0.0,22265,21881,8281
0.0,29.0,10.0,0.0,0.0,1.0,1.0,20702,20318,25565
0.0,46.0,12.0,0.0,0.0,1.0,0.0,25862,24680,21516
0.0,17.0,11.0,0.0,0.0,0.0,1.0,0,326,2159
0.0,44.0,12.0,0.0,0.0,1.0,0.0,25862,25244,25565
0.0,34.0,12.0,0.0,0.0,1.0,0.0,25862,25244,25565
0.0,42.0,12.0,0.0,0.0,1.0,0.0,25862,25244,25565
0.0,38.0,12.0,0.0,0.0,1.0,0.0,17563,16435,6455
0.0,37.0,14.0,0.0,0.0,1.0,0.0,20964,20768,22166
0.0,21.0,14.0,0.0,0.0,0.0,0.0,3431,1617,15300
0.0,49.0,12.0,0.0,0.0,0.0,0.0,25862,25244,25565
0.0,43.0,9.0,0.0,0.0,0.0,1.0,25821,15758,19568
0.0,43.0,12.0,1.0,0.0,1.0,0.0,17298,0,0
0.0,25.0,17.0,0.0,0.0,1.0,0.0,6493,2179,0
0.0,24.0,12.0,0.0,0.0,1.0,0.0,17586,18322,5816
0.0,32.0,14.0,0.0,0.0,1.0,0.0,18241,17318,15538
0.0,23.0,10.0,0.0,0.0,1.0,1.0,14990,13096,0
0.0,23.0,11.0,0.0,0.0,0.0,1.0,18525,18063,17505
0.0,46.0,9.0,0.0,0.0,0.0,1.0,9416,9025,12593
0.0,31.0,18.0,0.0,0.0,0.0,0.0,25862,25244,10411
0.0,18.0,13.0,1.0,0.0,0.0,0.0,104,59,0
0.0,49.0,9.0,0.0,0.0,1.0,1.0,21779,15839,20735
0.0,29.0,11.0,0.0,0.0,1.0,1.0,4669,0,844
0.0,51.0,14.0,0.0,0.0,1.0,0.0,25862,25244,0
0.0,43.0,14.0,0.0,0.0,1.0,0.0,25862,25244,25565
0.0,49.0,10.0,0.0,0.0,1.0,1.0,18783,17524,17213
0.0,52.0,12.0,0.0,0.0,1.0,0.0,25862,25244,22305
0.0,21.0,12.0,0.0,0.0,1.0,0.0,5196,1497,11015
0.0,37.0,11.0,0.0,0.0,1.0,1.0,23343,24622,24148
0.0,46.0,11.0,0.0,0.0,1.0,1.0,14753,5299,0
0.0,33.0,10.0,0.0,0.0,1.0,1.0,19383,7084,0
0.0,38.0,14.0,0.0,0.0,0.0,0.0,0,0,0
0.0,34.0,13.0,0.0,0.0,1.0,0.0,0,0,0
0.0,29.0,12.0,0.0,0.0,1.0,0.0,25862,25244,25565
0.0,55.0,11.0,0.0,0.0,1.0,1.0,19209,12701,0
0.0,31.0,12.0,0.0,0.0,1.0,0.0,13754,16292,13832
0.0,21.0,12.0,0.0,0.0,0.0,0.0,10012,12407,8999
0.0,48.0,8.0,0.0,0.0,1.0,1.0,3664,0,0
0.0,46.0,12.0,0.0,0.0,1.0,0.0,22465,20397,22894
0.0,29.0,16.0,0.0,0.0,1.0,0.0,21599,20279,24468
0.0,24.0,13.0,0.0,0.0,1.0,0.0,4338,8067,14160
0.0,34.0,15.0,1.0,0.0,0.0,0.0,9883,0,0
0.0,22.0,12.0,0.0,0.0,1.0,0.0,11023,9933,9954
0.0,39.0,12.0,0.0,0.0,1.0,0.0,25862,25244,25565
0.0,31.0,12.0,0.0,0.0,1.0,0.0,25862,25244,25565
0.0,47.0,12.0,0.0,0.0,1.0,0.0,25862,18601,23053
0.0,27.0,12.0,0.0,0.0,1.0,0.0,11640,11066,603
0.0,40.0,14.0,0.0,0.0,1.0,0.0,25862,25244,25565
0.0,20.0,12.0,0.0,0.0,0.0,0.0,0,281,17612
0.0,17.0,10.0,0.0,0.0,0.0,1.0,0,206,7291
0.0,36.0,9.0,0.0,0.0,1.0,1.0,18938,17463,15611
0.0,21.0,12.0,0.0,0.0,0.0,0.0,5964,1790,14154
0.0,52.0,12.0,1.0,0.0,1.0,0.0,25862,25244,25565
0.0,41.0,9.0,0.0,0.0,1.0,1.0,18223,16861,20663
0.0,48.0,12.0,0.0,0.0,1.0,0.0,24344,21613,19886
0.0,20.0,12.0,0.0,0.0,0.0,0.0,16342,3160,16435
0.0,29.0,12.0,0.0,0.0,1.0,0.0,14265,13662,15456
0.0,32.0,10.0,0.0,0.0,1.0,1.0,11362,5222,8584
0.0,19.0,12.0,0.0,0.0,1.0,0.0,5986,13279,0
0.0,28.0,7.0,0.0,0.0,1.0,1.0,23354,24411,20975
0.0,35.0,12.0,0.0,0.0,1.0,0.0,2502,13818,18107
0.0,33.0,14.0,0.0,0.0,1.0,0.0,25862,25244,25565
0.0,54.0,7.0,0.0,0.0,1.0,1.0,9698,10473,7758
0.0,41.0,12.0,0.0,0.0,1.0,0.0,25862,25244,25565
0.0,44.0,9.0,0.0,0.0,1.0,1.0,25862,18541,16338
0.0,42.0,8.0,0.0,0.0,1.0,1.0,20827,23716,25565
0.0,35.0,12.0,0.0,0.0,1.0,0.0,19405,17939,19500
0.0,30.0,13.0,1.0,0.0,1.0,0.0,25862,25244,24247
0.0,26.0,12.0,0.0,0.0,1.0,0.0,25862,25244,25565
0.0,17.0,12.0,0.0,0.0,0.0,0.0,682,1051,2172
0.0,31.0,10.0,1.0,0.0,1.0,1.0,5253,9870,8206
0.0,36.0,11.0,0.0,1.0,1.0,1.0,19465,24808,25454
0.0,50.0,10.0,1.0,0.0,1.0,1.0,18204,17810,16580
0.0,38.0,12.0,0.0,1.0,1.0,0.0,0,25244,25565
0.0,21.0,10.0,0.0,1.0,1.0,1.0,16356,18256,12741
0.0,23.0,16.0,0.0,0.0,0.0,0.0,1624,22041,21476
0.0,33.0,12.0,0.0,0.0,1.0,0.0,10225,7747,10037
0.0,22.0,11.0,0.0,0.0,1.0,1.0,16795,17606,20982
0.0,29.0,12.0,0.0,0.0,0.0,0.0,0,5641,0
0.0,54.0,16.0,0.0,0.0,1.0,0.0,25862,13300,0
0.0,39.0,12.0,0.0,0.0,1.0,0.0,25862,25244,25565
0.0,47.0,5.0,0.0,0.0,1.0,1.0,0,7099,0
0.0,45.0,6.0,0.0,0.0,1.0,1.0,25862,25244,0
0.0,29.0,16.0,0.0,0.0,1.0,0.0,25862,25244,25565
0.0,42.0,18.0,0.0,0.0,1.0,0.0,25862,25244,25565
0.0,44.0,12.0,0.0,0.0,1.0,0.0,6348,5378,0
0.0,48.0,12.0,0.0,1.0,1.0,0.0,24211,24581,25565
0.0,25.0,14.0,0.0,0.0,1.0,0.0,10263,0,9369
0.0,34.0,12.0,0.0,0.0,1.0,0.0,25357,23602,25565
0.0,42.0,12.0,0.0,0.0,1.0,0.0,25862,25244,25565
0.0,51.0,12.0,0.0,0.0,1.0,0.0,25862,25244,22336
0.0,52.0,9.0,0.0,0.0,1.0,1.0,0,0,0
0.0,27.0,14.0,0.0,0.0,1.0,0.0,25862,25244,25565
0.0,33.0,12.0,0.0,1.0,1.0,0.0,12118,12692,4259
0.0,32.0,16.0,0.0,0.0,1.0,0.0,14060,14099,0
0.0,34.0,10.0,0.0,0.0,1.0,1.0,15374,4166,0
0.0,33.0,12.0,0.0,1.0,1.0,0.0,0,0,5841
0.0,40.0,12.0,0.0,1.0,1.0,0.0,25862,12418,14231
0.0,19.0,12.0,0.0,1.0,0.0,0.0,2055,3459,3326
0.0,22.0,13.0,0.0,0.0,0.0,0.0,19591,25244,727
0.0,53.0,9.0,0.0,0.0,1.0,1.0,3585,10706,0
0.0,28.0,12.0,0.0,0.0,1.0,0.0,21027,21505,20818
0.0,49.0,9.0,0.0,0.0,1.0,1.0,22334,19706,25565
0.0,46.0,13.0,1.0,0.0,1.0,0.0,25862,25244,25565
0.0,50.0,16.0,0.0,0.0,1.0,0.0,13611,25244,25565
0.0,42.0,15.0,0.0,0.0,1.0,0.0,25862,25244,25565
0.0,51.0,13.0,0.0,0.0,1.0,0.0,25862,25244,25565
0.0,25.0,11.0,1.0,0.0,1.0,1.0,13125,14511,6147
0.0,44.0,4.0,0.0,1.0,1.0,1.0,5388,8737,8058
0.0,54.0,16.0,0.0,1.0,1.0,0.0,25862,25244,25565
0.0,26.0,10.0,0.0,1.0,0.0,1.0,16624,14887,0
0.0,53.0,14.0,0.0,0.0,0.0,0.0,25862,25244,25565
0.0,32.0,15.0,0.0,1.0,1.0,0.0,0,6413,0
0.0,28.0,12.0,0.0,0.0,0.0,0.0,0,0,0
0.0,32.0,14.0,0.0,0.0,0.0,0.0,11060,12557,17022
0.0,55.0,14.0,0.0,0.0,1.0,0.0,25862,25244,590
0.0,34.0,9.0,1.0,0.0,0.0,1.0,4785,20796,3997
0.0,55.0,5.0,0.0,0.0,1.0,1.0,0,8180,13209
0.0,37.0,12.0,0.0,0.0,0.0,0.0,18364,18580,24019
0.0,48.0,13.0,0.0,1.0,1.0,0.0,25862,24259,24320
0.0,30.0,12.0,0.0,0.0,1.0,0.0,4673,4755,0
0.0,25.0,17.0,0.0,0.0,0.0,0.0,2073,3853,7160
0.0,20.0,13.0,0.0,0.0,0.0,0.0,6861,5093,0
0.0,34.0,13.0,0.0,0.0,1.0,0.0,25862,25244,25565
0.0,45.0,11.0,0.0,0.0,1.0,1.0,25862,13674,18937
0.0,20.0,12.0,0.0,0.0,0.0,0.0,10176,10772,15055
0.0,25.0,12.0,0.0,0.0,0.0,0.0,14426,10398,14335
0.0,54.0,14.0,0.0,0.0,0.0,0.0,22118,23996,23457
0.0,50.0,11.0,0.0,0.0,1.0,1.0,24824,20505,0
0.0,18.0,11.0,0.0,0.0,0.0,1.0,0,1418,8482
0.0,36.0,16.0,0.0,0.0,1.0,0.0,25862,25244,25565
0.0,45.0,14.0,0.0,0.0,1.0,0.0,25862,25244,25565
0.0,40.0,13.0,0.0,0.0,1.0,0.0,25862,25244,16654
0.0,27.0,12.0,0.0,0.0,1.0,0.0,15075,16202,12933
0.0,24.0,16.0,0.0,0.0,1.0,0.0,6801,25244,25565
0.0,31.0,7.0,1.0,0.0,1.0,1.0,17863,19459,15788
0.0,37.0,12.0,1.0,0.0,1.0,0.0,0,4306,6897
0.0,33.0,12.0,1.0,0.0,1.0,0.0,14295,12434,0
0.0,42.0,12.0,0.0,1.0,1.0,0.0,25862,13034,25565
0.0,48.0,10.0,0.0,1.0,1.0,1.0,25862,25244,25565
0.0,27.0,12.0,1.0,0.0,1.0,0.0,17968,15527,19314
0.0,43.0,10.0,0.0,0.0,1.0,1.0,16458,8466,12413
0.0,50.0,9.0,0.0,0.0,1.0,1.0,20931,20580,21077
0.0,46.0,12.0,1.0,0.0,1.0,0.0,22124,19604,20184
0.0,24.0,15.0,0.0,0.0,1.0,0.0,22935,24375,25565
0.0,25.0,12.0,0.0,0.0,1.0,0.0,4933,6279,21990
0.0,34.0,16.0,0.0,0.0,0.0,0.0,25862,25244,25565
0.0,49.0,12.0,0.0,0.0,1.0,0.0,25862,25244,25565
0.0,24.0,12.0,0.0,0.0,0.0,0.0,21548,22592,13566
0.0,54.0,12.0,0.0,0.0,0.0,0.0,0,0,0
0.0,50.0,8.0,0.0,1.0,0.0,1.0,10327,7399,2867
0.0,47.0,5.0,0.0,0.0,1.0,1.0,25862,17377,17273
0.0,27.0,16.0,0.0,0.0,0.0,0.0,1693,0,0
0.0,24.0,12.0,0.0,0.0,0.0,0.0,12406,12932,11254
0.0,24.0,14.0,0.0,0.0,1.0,0.0,25655,25244,13696
0.0,43.0,12.0,0.0,1.0,1.0,0.0,25862,18738,24263
0.0,20.0,12.0,1.0,0.0,0.0,0.0,0,4435,11910
0.0,36.0,10.0,0.0,1.0,0.0,1.0,9079,12785,2112
0.0,27.0,12.0,0.0,0.0,1.0,0.0,20128,21496,17004
0.0,33.0,12.0,0.0,0.0,0.0,0.0,25862,25244,25565
0.0,25.0,18.0,0.0,0.0,0.0,0.0,12917,19262,23924
0.0,31.0,16.0,0.0,0.0,1.0,0.0,12988,19429,22095
0.0,40.0,12.0,0.0,0.0,1.0,0.0,22743,25244,24455
0.0,29.0,8.0,0.0,0.0,1.0,1.0,9169,6352,20576
0.0,37.0,12.0,0.0,0.0,1.0,0.0,16807,12638,21971
0.0,45.0,8.0,0.0,0.0,1.0,1.0,10190,7305,9283
0.0,22.0,8.0,0.0,0.0,1.0,1.0,106,43,210
0.0,18.0,10.0,0.0,0.0,0.0,1.0,0,1491,238
0.0,19.0,12.0,0.0,0.0,1.0,0.0,4975,4947,2525
0.0,30.0,12.0,0.0,0.0,1.0,0.0,21401,20834,25565
0.0,22.0,11.0,0.0,0.0,1.0,1.0,10488,12453,10081
0.0,42.0,12.0,0.0,0.0,1.0,0.0,25862,25244,25565
0.0,44.0,12.0,0.0,0.0,1.0,0.0,25862,25244,25565
0.0,18.0,12.0,0.0,0.0,0.0,0.0,3452,8205,6118
0.0,33.0,17.0,0.0,0.0,1.0,0.0,20729,25244,25565
0.0,30.0,12.0,0.0,0.0,1.0,0.0,16481,17391,20574
0.0,30.0,12.0,0.0,0.0,1.0,0.0,19587,18499,20823
0.0,44.0,12.0,0.0,0.0,1.0,0.0,15188,15114,2661
0.0,37.0,8.0,0.0,0.0,1.0,1.0,2584,0,7528
0.0,40.0,11.0,0.0,0.0,0.0,1.0,1052,1885,6177
0.0,23.0,10.0,0.0,0.0,1.0,1.0,19967,15767,6054
0.0,40.0,12.0,0.0,0.0,1.0,0.0,23979,23482,25565
0.0,43.0,16.0,0.0,0.0,1.0,0.0,0,1966,0
0.0,41.0,12.0,0.0,0.0,1.0,0.0,17177,19792,25565
0.0,24.0,13.0,0.0,1.0,1.0,0.0,16005,14813,16834
0.0,40.0,12.0,0.0,0.0,1.0,0.0,24671,23194,25284
0.0,33.0,13.0,0.0,0.0,0.0,0.0,11385,16065,0
0.0,38.0,11.0,0.0,0.0,1.0,1.0,19589,16526,0
0.0,36.0,12.0,0.0,0.0,1.0,0.0,17829,16292,13447
0.0,39.0,12.0,0.0,0.0,1.0,0.0,1289,0,1203
0.0,37.0,10.0,0.0,0.0,1.0,1.0,9132,4569,9941
0.0,42.0,10.0,0.0,0.0,1.0,1.0,12735,11637,1921
0.0,25.0,16.0,0.0,0.0,0.0,0.0,11176,7813,18244
0.0,27.0,15.0,0.0,0.0,0.0,0.0,15261,19371,14139
0.0,25.0,17.0,0.0,0.0,0.0,0.0,10337,19004,8831
0.0,47.0,8.0,0.0,0.0,1.0,1.0,13347,13114,8841
0.0,25.0,14.0,0.0,0.0,1.0,0.0,17853,17909,17975
0.0,27.0,16.0,0.0,0.0,1.0,0.0,18015,18591,25565
0.0,49.0,10.0,0.0,0.0,1.0,1.0,17291,14240,16298
0.0,36.0,11.0,0.0,0.0,1.0,1.0,18290,15334,15259
0.0,43.0,11.0,0.0,0.0,1.0,1.0,25862,25244,0
0.0,18.0,12.0,0.0,0.0,0.0,0.0,2512,2390,20744
0.0,42.0,12.0,0.0,0.0,1.0,0.0,25862,22213,25565
0.0,26.0,12.0,0.0,0.0,0.0,0.0,10141,4238,12828
0.0,54.0,12.0,0.0,0.0,1.0,0.0,22416,21119,23323
0.0,20.0,14.0,0.0,0.0,0.0,0.0,304,1124,0
0.0,17.0,10.0,0.0,0.0,0.0,1.0,121,1595,8741
0.0,24.0,14.0,0.0,0.0,1.0,0.0,21329,22157,25565
0.0,24.0,12.0,0.0,0.0,0.0,0.0,13513,4870,11581
0.0,29.0,12.0,0.0,0.0,1.0,0.0,24199,23967,25565
0.0,32.0,8.0,0.0,0.0,1.0,1.0,20837,22862,25565
0.0,24.0,16.0,0.0,0.0,1.0,0.0,20376,25244,25565
0.0,29.0,18.0,0.0,0.0,1.0,0.0,25862,25244,25565
0.0,17.0,11.0,0.0,0.0,0.0,1.0,500,0,10888
0.0,51.0,10.0,0.0,0.0,0.0,1.0,10903,15343,3035
0.0,42.0,12.0,0.0,0.0,1.0,0.0,25862,25244,3787
0.0,24.0,14.0,0.0,0.0,0.0,0.0,2714,6866,5601
0.0,47.0,12.0,0.0,0.0,1.0,0.0,8264,0,0
0.0,39.0,14.0,0.0,0.0,1.0,0.0,0,0,2877
0.0,17.0,10.0,0.0,0.0,0.0,1.0,0,249,0
0.0,28.0,12.0,0.0,0.0,1.0,0.0,17886,17343,18844
0.0,30.0,14.0,0.0,0.0,1.0,0.0,25862,25244,25565
0.0,47.0,12.0,0.0,0.0,1.0,0.0,25862,24665,25565
0.0,23.0,16.0,1.0,0.0,1.0,0.0,5899,8547,16905
0.0,44.0,9.0,0.0,0.0,1.0,1.0,25862,25244,25565
0.0,49.0,16.0,0.0,0.0,1.0,0.0,25862,25244,25565
0.0,34.0,12.0,0.0,0.0,1.0,0.0,25862,25244,25565
0.0,50.0,13.0,0.0,0.0,1.0,0.0,0,0,0
0.0,34.0,13.0,0.0,0.0,1.0,0.0,19742,19763,21755
0.0,29.0,12.0,0.0,0.0,1.0,0.0,14828,14210,14528
0.0,19.0,10.0,0.0,0.0,0.0,1.0,4765,5455,16732
0.0,21.0,12.0,0.0,0.0,1.0,0.0,13601,7202,10746
0.0,31.0,12.0,0.0,0.0,1.0,0.0,17069,16963,13592
0.0,42.0,8.0,0.0,0.0,1.0,1.0,20265,18893,9781
0.0,36.0,8.0,0.0,0.0,1.0,1.0,18848,18503,18042
0.0,38.0,12.0,0.0,0.0,1.0,0.0,25862,25244,25565
0.0,42.0,9.0,0.0,0.0,1.0,1.0,17839,17438,14225
0.0,18.0,10.0,0.0,0.0,0.0,1.0,0,1874,8148
0.0,27.0,15.0,0.0,0.0,1.0,0.0,20041,20546,20732
0.0,34.0,7.0,0.0,0.0,1.0,1.0,18546,15162,18906
0.0,37.0,12.0,0.0,0.0,0.0,0.0,0,0,0
0.0,17.0,9.0,0.0,0.0,0.0,1.0,0,0,2830
0.0,39.0,13.0,0.0,0.0,1.0,0.0,21762,23725,24396
0.0,42.0,11.0,0.0,0.0,1.0,1.0,21023,14824,21375
0.0,16.0,9.0,0.0,0.0,0.0,1.0,0,0,4033
0.0,42.0,16.0,0.0,0.0,1.0,0.0,25862,24322,195
0.0,35.0,11.0,1.0,0.0,1.0,1.0,25862,23715,25565
0.0,24.0,12.0,1.0,0.0,1.0,0.0,25862,22583,4785
0.0,37.0,12.0,1.0,0.0,1.0,0.0,11975,15316,18913
0.0,16.0,9.0,0.0,0.0,0.0,1.0,0,0,882
0.0,26.0,12.0,0.0,0.0,0.0,0.0,25862,12686,25565
0.0,27.0,12.0,0.0,0.0,0.0,0.0,21889,25244,24777
0.0,31.0,15.0,0.0,0.0,1.0,0.0,24471,25000,25565
0.0,49.0,9.0,0.0,0.0,1.0,1.0,25862,25244,25565
0.0,38.0,16.0,0.0,0.0,1.0,0.0,25482,24635,25565
0.0,34.0,16.0,0.0,0.0,1.0,0.0,25862,25244,25565
0.0,16.0,10.0,0.0,0.0,0.0,1.0,241,773,8354
0.0,46.0,12.0,0.0,0.0,1.0,0.0,25862,25244,25565
0.0,22.0,12.0,0.0,0.0,0.0,0.0,10684,11299,24793
0.0,20.0,12.0,0.0,0.0,0.0,0.0,5707,13460,21894
0.0,37.0,16.0,0.0,0.0,1.0,0.0,23159,25244,25565
0.0,37.0,12.0,0.0,0.0,1.0,0.0,25862,25244,25565
0.0,51.0,12.0,0.0,0.0,1.0,0.0,19881,19532,0
0.0,55.0,12.0,0.0,0.0,1.0,0.0,25410,22565,25321
0.0,21.0,14.0,0.0,0.0,0.0,0.0,13196,11453,21431
0.0,19.0,12.0,0.0,0.0,0.0,0.0,7314,10407,8484
0.0,19.0,12.0,0.0,0.0,0.0,0.0,756,3795,2320
0.0,37.0,12.0,0.0,0.0,1.0,0.0,25862,25244,0
0.0,35.0,13.0,0.0,0.0,1.0,0.0,25862,25244,25565
0.0,19.0,12.0,1.0,0.0,0.0,0.0,1656,0,0
0.0,30.0,13.0,0.0,0.0,1.0,0.0,17091,15216,25565
0.0,19.0,12.0,0.0,0.0,0.0,0.0,1338,5020,12847
0.0,46.0,12.0,0.0,0.0,1.0,0.0,0,0,0
0.0,55.0,16.0,0.0,0.0,1.0,0.0,25862,25244,25565
0.0,53.0,16.0,0.0,0.0,1.0,0.0,25862,25244,25565
0.0,28.0,17.0,0.0,0.0,0.0,0.0,9992,14494,25565
0.0,24.0,16.0,0.0,0.0,0.0,0.0,10721,14677,18893
0.0,30.0,12.0,0.0,0.0,0.0,0.0,15077,16627,3288
0.0,24.0,13.0,0.0,0.0,0.0,0.0,1912,4017,18913
0.0,37.0,12.0,0.0,0.0,1.0,0.0,25862,25244,25565
0.0,43.0,12.0,0.0,0.0,1.0,0.0,25862,25244,25565
0.0,40.0,16.0,0.0,0.0,1.0,0.0,25862,25244,25565
0.0,22.0,12.0,0.0,0.0,1.0,0.0,1223,0,0
0.0,22.0,12.0,0.0,0.0,0.0,0.0,11299,13068,10694
0.0,34.0,16.0,0.0,0.0,1.0,0.0,25862,25244,25565
0.0,52.0,12.0,0.0,0.0,1.0,0.0,14567,20471,25565
0.0,29.0,12.0,0.0,0.0,1.0,0.0,18768,18025,19052
0.0,27.0,12.0,0.0,0.0,0.0,0.0,20086,13592,0
0.0,26.0,12.0,0.0,0.0,1.0,0.0,0,0,0
0.0,29.0,12.0,0.0,0.0,1.0,0.0,21803,21770,18402
0.0,34.0,14.0,0.0,0.0,1.0,0.0,25862,25244,25565
0.0,34.0,12.0,0.0,0.0,1.0,0.0,23642,23543,25565
0.0,42.0,18.0,0.0,0.0,1.0,0.0,25862,25244,25565
0.0,31.0,16.0,0.0,0.0,1.0,0.0,25862,25244,25565
0.0,29.0,13.0,0.0,0.0,1.0,0.0,17547,18990,25043
0.0,52.0,9.0,1.0,0.0,0.0,1.0,10370,7679,0
0.0,17.0,11.0,0.0,0.0,0.0,1.0,0,1069,8095
0.0,55.0,8.0,0.0,0.0,1.0,1.0,17089,19323,19905
0.0,16.0,10.0,0.0,0.0,0.0,1.0,0,0,13916
0.0,54.0,11.0,0.0,0.0,1.0,1.0,0,0,0
0.0,38.0,12.0,0.0,0.0,1.0,0.0,25862,25244,25565
0.0,49.0,6.0,0.0,0.0,1.0,1.0,18401,22671,19200
0.0,28.0,12.0,0.0,0.0,1.0,0.0,905,0,0
0.0,19.0,12.0,0.0,0.0,0.0,0.0,3039,5416,9695
0.0,40.0,9.0,0.0,0.0,1.0,1.0,20682,19980,19989
0.0,47.0,12.0,0.0,0.0,1.0,0.0,0,0,0
0.0,53.0,12.0,0.0,0.0,1.0,0.0,21775,20241,19898
0.0,28.0,12.0,0.0,0.0,1.0,0.0,20868,15980,21730
0.0,44.0,16.0,0.0,0.0,1.0,0.0,25862,25244,25565
0.0,48.0,17.0,0.0,0.0,1.0,0.0,0,0,0
0.0,16.0,10.0,0.0,0.0,0.0,1.0,0,0,726
0.0,51.0,10.0,0.0,0.0,1.0,1.0,22947,22716,0
0.0,23.0,14.0,0.0,0.0,1.0,0.0,10016,16478,0
0.0,17.0,10.0,0.0,0.0,0.0,1.0,0,1593,8145
0.0,26.0,12.0,0.0,0.0,1.0,0.0,15378,15517,17461
0.0,42.0,17.0,0.0,0.0,1.0,0.0,1910,988,0
0.0,44.0,12.0,0.0,0.0,1.0,0.0,24697,25244,25565
0.0,39.0,12.0,0.0,0.0,1.0,0.0,25862,25244,13935
0.0,26.0,16.0,0.0,0.0,1.0,0.0,25862,25244,25565
0.0,29.0,17.0,0.0,0.0,1.0,0.0,25862,25244,25565
0.0,30.0,14.0,0.0,0.0,1.0,0.0,3199,50,0
0.0,49.0,8.0,0.0,0.0,1.0,1.0,25862,18478,20062
0.0,33.0,9.0,0.0,0.0,1.0,1.0,19287,18829,23154
0.0,34.0,12.0,0.0,0.0,1.0,0.0,9209,16315,0
0.0,51.0,10.0,1.0,0.0,1.0,1.0,7876,7455,6088
0.0,33.0,12.0,1.0,0.0,1.0,0.0,25862,25244,25565
0.0,25.0,16.0,1.0,0.0,0.0,0.0,0,2023,2975
0.0,26.0,16.0,1.0,0.0,0.0,0.0,12908,12652,16438
0.0,30.0,14.0,0.0,0.0,1.0,0.0,25862,25244,0
0.0,24.0,12.0,0.0,0.0,1.0,0.0,19620,19010,25565
0.0,34.0,16.0,0.0,0.0,1.0,0.0,25862,25244,25565
0.0,41.0,12.0,0.0,0.0,1.0,0.0,25862,25244,25565
0.0,47.0,16.0,0.0,0.0,1.0,0.0,25862,25244,25565
0.0,17.0,11.0,0.0,0.0,0.0,1.0,1393,2852,2508
0.0,36.0,12.0,0.0,0.0,1.0,0.0,14616,17830,5278
0.0,31.0,18.0,0.0,0.0,1.0,0.0,25862,20599,25565
0.0,39.0,12.0,0.0,0.0,1.0,0.0,25862,25244,2147
0.0,46.0,12.0,0.0,0.0,1.0,0.0,25862,25244,0
0.0,20.0,13.0,0.0,0.0,0.0,0.0,5692,6119,0
0.0,18.0,11.0,0.0,0.0,0.0,1.0,0,0,2129
0.0,51.0,12.0,0.0,0.0,1.0,0.0,25862,25244,25565
0.0,38.0,9.0,0.0,0.0,1.0,1.0,25862,25244,25565
0.0,35.0,12.0,0.0,0.0,1.0,0.0,0,0,0
0.0,31.0,14.0,0.0,0.0,1.0,0.0,25862,23767,24600
0.0,44.0,8.0,0.0,0.0,1.0,1.0,25862,25244,25565
0.0,28.0,12.0,0.0,0.0,1.0,0.0,25572,23588,25565
0.0,23.0,12.0,0.0,0.0,1.0,0.0,21505,25244,25565
0.0,29.0,14.0,0.0,0.0,1.0,0.0,0,1896,7217
0.0,35.0,8.0,0.0,1.0,1.0,1.0,23315,19848,22686
0.0,36.0,14.0,0.0,0.0,1.0,0.0,25862,25244,25565
0.0,40.0,12.0,0.0,0.0,1.0,0.0,25862,25244,25565
0.0,52.0,7.0,0.0,1.0,1.0,1.0,25862,14514,25565
0.0,30.0,13.0,0.0,0.0,1.0,0.0,1064,0,0
0.0,46.0,8.0,0.0,0.0,0.0,1.0,25862,24449,25565
0.0,46.0,8.0,0.0,0.0,1.0,1.0,16679,23059,25565
0.0,33.0,12.0,0.0,0.0,0.0,0.0,6583,9954,15664
0.0,34.0,12.0,1.0,0.0,1.0,0.0,0,0,18717
0.0,43.0,9.0,0.0,0.0,1.0,1.0,25862,25244,25565
0.0,17.0,11.0,0.0,0.0,0.0,1.0,0,3221,11791
0.0,21.0,12.0,0.0,0.0,0.0,0.0,14910,17957,0
0.0,32.0,12.0,0.0,0.0,0.0,0.0,19373,16605,25565
0.0,42.0,12.0,0.0,0.0,0.0,0.0,21154,19706,20709
0.0,43.0,12.0,0.0,1.0,1.0,0.0,25862,25244,25565
0.0,49.0,7.0,0.0,0.0,1.0,1.0,21509,17918,17298
0.0,37.0,10.0,0.0,1.0,1.0,1.0,13356,12591,16679
0.0,20.0,14.0,0.0,0.0,0.0,0.0,3201,3615,13008
0.0,25.0,17.0,0.0,0.0,1.0,0.0,8348,3459,12781
0.0,20.0,13.0,1.0,0.0,0.0,0.0,813,0,1306
0.0,31.0,12.0,0.0,0.0,1.0,0.0,18809,21835,16732
0.0,21.0,14.0,0.0,0.0,1.0,0.0,16781,21176,19110
0.0,37.0,9.0,1.0,0.0,1.0,1.0,25862,25244,25565
0.0,25.0,12.0,0.0,0.0,1.0,0.0,25862,22329,20353
0.0,33.0,12.0,0.0,0.0,1.0,0.0,7994,10251,2902
0.0,44.0,12.0,0.0,0.0,0.0,0.0,25862,16697,25565
0.0,22.0,12.0,0.0,0.0,0.0,0.0,1291,0,3917
0.0,47.0,8.0,1.0,0.0,1.0,1.0,25862,25244,25565
0.0,29.0,12.0,1.0,0.0,0.0,0.0,25862,25244,14909
0.0,24.0,13.0,1.0,0.0,0.0,0.0,13202,14165,3093
0.0,54.0,14.0,1.0,0.0,1.0,0.0,23554,24748,25565
0.0,22.0,12.0,1.0,0.0,0.0,0.0,15553,3949,24981
0.0,49.0,14.0,0.0,0.0,1.0,0.0,25862,0,25565
0.0,53.0,10.0,0.0,0.0,1.0,1.0,23016,23285,25565
0.0,22.0,12.0,0.0,0.0,1.0,0.0,24097,9109,1439
0.0,43.0,14.0,0.0,0.0,1.0,0.0,25862,18782,0
0.0,44.0,12.0,0.0,0.0,1.0,0.0,25862,25244,25565
0.0,47.0,12.0,0.0,0.0,1.0,0.0,23370,3828,23225
0.0,46.0,17.0,0.0,0.0,0.0,0.0,25862,25244,25565
0.0,53.0,5.0,0.0,0.0,0.0,1.0,20498,23693,25565
0.0,27.0,14.0,0.0,0.0,1.0,0.0,25862,25244,25565
0.0,42.0,16.0,0.0,0.0,1.0,0.0,23186,23756,25565
0.0,54.0,14.0,0.0,0.0,1.0,0.0,25862,25244,25565
0.0,24.0,14.0,0.0,0.0,0.0,0.0,4050,1214,16353
0.0,46.0,12.0,0.0,0.0,1.0,0.0,17800,9720,1478
0.0,16.0,10.0,0.0,0.0,0.0,1.0,0,718,566
0.0,49.0,13.0,0.0,0.0,1.0,0.0,25862,17509,25565
0.0,17.0,11.0,0.0,0.0,0.0,1.0,0,0,19336
0.0,36.0,15.0,0.0,0.0,0.0,0.0,25862,25244,25565
0.0,33.0,12.0,0.0,0.0,1.0,0.0,19103,18619,9753
0.0,42.0,9.0,0.0,1.0,1.0,1.0,25862,25244,25565
0.0,22.0,14.0,0.0,0.0,1.0,0.0,23689,22744,25565
0.0,27.0,12.0,0.0,0.0,1.0,0.0,25862,25244,25565
0.0,22.0,14.0,0.0,0.0,0.0,0.0,5950,3860,25565
0.0,26.0,16.0,0.0,0.0,1.0,0.0,16775,18315,21768
0.0,35.0,12.0,0.0,0.0,1.0,0.0,24822,25244,25565
0.0,37.0,6.0,0.0,1.0,1.0,1.0,13780,8321,1015
0.0,41.0,12.0,0.0,0.0,1.0,0.0,25862,25244,25565
0.0,29.0,14.0,0.0,0.0,1.0,0.0,8779,800,2354
0.0,53.0,10.0,0.0,0.0,1.0,1.0,15357,9304,19680
0.0,16.0,9.0,0.0,0.0,0.0,1.0,0,0,0
0.0,25.0,12.0,0.0,0.0,1.0,0.0,16820,16600,15243
0.0,36.0,12.0,0.0,0.0,1.0,0.0,25862,25244,25565
0.0,53.0,12.0,0.0,0.0,1.0,0.0,25862,25244,25565
0.0,46.0,9.0,0.0,0.0,0.0,1.0,25862,25244,25565
0.0,40.0,8.0,0.0,0.0,1.0,1.0,22463,14652,14460
0.0,37.0,12.0,0.0,0.0,1.0,0.0,25862,25244,25565
0.0,55.0,12.0,0.0,0.0,1.0,0.0,25862,25244,25565
0.0,17.0,11.0,0.0,0.0,0.0,1.0,394,3770,0
0.0,49.0,12.0,0.0,0.0,1.0,0.0,22737,11311,0
0.0,18.0,12.0,0.0,0.0,0.0,0.0,6438,8379,14081
0.0,25.0,12.0,1.0,0.0,1.0,0.0,20280,19964,23610
0.0,26.0,12.0,0.0,0.0,1.0,0.0,16274,15535,19584
0.0,52.0,16.0,0.0,0.0,0.0,0.0,25862,25244,25565
0.0,44.0,12.0,0.0,0.0,1.0,0.0,20664,20243,21860
0.0,31.0,12.0,0.0,0.0,0.0,0.0,20715,24148,25565
0.0,24.0,12.0,0.0,0.0,0.0,0.0,22089,23414,25565
0.0,36.0,12.0,1.0,0.0,1.0,0.0,15835,19980,25565
0.0,35.0,14.0,0.0,0.0,1.0,0.0,25112,25244,25565
0.0,28.0,15.0,0.0,0.0,1.0,0.0,586,0,0
0.0,32.0,16.0,0.0,0.0,1.0,0.0,0,0,1822
0.0,32.0,12.0,0.0,0.0,1.0,0.0,19606,9920,15
0.0,33.0,14.0,0.0,0.0,1.0,0.0,25862,25244,25565
0.0,27.0,15.0,0.0,0.0,0.0,0.0,3531,5552,8565
0.0,27.0,16.0,0.0,0.0,1.0,0.0,25862,25244,25565
0.0,26.0,13.0,0.0,0.0,1.0,0.0,16568,9951,25565
0.0,25.0,16.0,1.0,0.0,1.0,0.0,1238,218,0
0.0,30.0,12.0,1.0,0.0,1.0,0.0,18211,23768,22231
0.0,20.0,12.0,0.0,0.0,1.0,0.0,6769,19446,25565
0.0,24.0,10.0,0.0,0.0,1.0,1.0,5974,3803,2627
0.0,28.0,11.0,1.0,0.0,1.0,1.0,2045,861,0
0.0,32.0,12.0,0.0,0.0,1.0,0.0,25214,25244,25565
0.0,42.0,8.0,0.0,0.0,1.0,1.0,20188,21054,23249
0.0,17.0,11.0,0.0,0.0,0.0,1.0,0,0,20183
0.0,31.0,12.0,0.0,0.0,1.0,0.0,18405,18052,20144
0.0,30.0,14.0,0.0,0.0,1.0,0.0,17533,18381,21149
0.0,16.0,9.0,0.0,0.0,0.0,1.0,1187,768,0
0.0,27.0,12.0,0.0,0.0,1.0,0.0,22093,21856,25565
0.0,40.0,8.0,0.0,0.0,1.0,1.0,19450,18433,18430
0.0,21.0,11.0,0.0,0.0,1.0,1.0,2921,867,0
0.0,41.0,8.0,0.0,0.0,1.0,1.0,20633,19982,21986
0.0,27.0,9.0,0.0,0.0,1.0,1.0,13623,18926,14610
0.0,47.0,12.0,0.0,0.0,1.0,0.0,25862,25244,20610
0.0,22.0,12.0,0.0,0.0,0.0,0.0,21920,12328,19852
0.0,31.0,12.0,0.0,0.0,1.0,0.0,494,224,0
0.0,43.0,16.0,0.0,0.0,1.0,0.0,25862,25244,25565
0.0,30.0,12.0,0.0,0.0,1.0,0.0,18423,19190,25565
0.0,32.0,18.0,0.0,0.0,1.0,0.0,25862,25244,25565
0.0,30.0,16.0,0.0,0.0,1.0,0.0,24009,25244,19757
0.0,27.0,16.0,0.0,0.0,1.0,0.0,19162,19443,19506
0.0,34.0,8.0,0.0,1.0,0.0,1.0,15173,13900,15920
0.0,31.0,12.0,0.0,0.0,1.0,0.0,17579,16362,17926
0.0,54.0,12.0,0.0,0.0,1.0,0.0,25862,19588,25565
0.0,16.0,10.0,0.0,0.0,0.0,1.0,0,2734,11622
0.0,17.0,9.0,0.0,0.0,0.0,1.0,0,1015,2924
0.0,28.0,16.0,0.0,0.0,1.0,0.0,12590,4882,25565
0.0,32.0,9.0,0.0,0.0,1.0,1.0,11826,8651,25565
0.0,37.0,12.0,0.0,0.0,1.0,0.0,25862,25244,25565
0.0,19.0,13.0,0.0,0.0,0.0,0.0,3848,0,12154
0.0,16.0,10.0,0.0,0.0,0.0,1.0,159,2628,5394
0.0,34.0,9.0,0.0,0.0,1.0,1.0,18805,16138,24792
0.0,24.0,11.0,0.0,0.0,0.0,1.0,4553,1076,17199
0.0,20.0,10.0,0.0,0.0,0.0,1.0,14077,15558,13094
0.0,42.0,11.0,0.0,0.0,1.0,1.0,25224,21341,18899
0.0,42.0,12.0,0.0,0.0,1.0,0.0,899,1613,1998
0.0,28.0,14.0,0.0,0.0,1.0,0.0,19751,19108,20159
0.0,54.0,9.0,0.0,0.0,1.0,1.0,22118,21058,24747
0.0,42.0,8.0,0.0,0.0,1.0,1.0,21842,20150,17991
0.0,23.0,12.0,0.0,0.0,1.0,0.0,25862,25244,25565
0.0,55.0,11.0,0.0,0.0,1.0,1.0,0,6968,17146
0.0,19.0,12.0,0.0,0.0,0.0,0.0,4616,5317,3885
0.0,46.0,12.0,0.0,0.0,1.0,0.0,25862,25244,25565
0.0,32.0,12.0,0.0,0.0,1.0,0.0,25678,24918,21016
0.0,49.0,14.0,0.0,0.0,1.0,0.0,25862,25244,25565
0.0,16.0,9.0,0.0,0.0,0.0,1.0,0,0,4640
0.0,41.0,13.0,0.0,0.0,1.0,0.0,0,0,0
0.0,37.0,11.0,0.0,0.0,1.0,1.0,22592,6635,16877
0.0,18.0,12.0,0.0,0.0,0.0,0.0,0,0,10218
0.0,16.0,8.0,0.0,0.0,0.0,1.0,0,0,3997
0.0,42.0,9.0,0.0,0.0,1.0,1.0,12167,16523,16227
0.0,21.0,14.0,0.0,0.0,0.0,0.0,5735,0,4352
0.0,20.0,12.0,0.0,0.0,0.0,0.0,0,1124,0
0.0,27.0,13.0,0.0,0.0,1.0,0.0,11869,12672,25565
0.0,30.0,10.0,0.0,0.0,1.0,1.0,18680,16494,885
0.0,21.0,12.0,0.0,0.0,0.0,0.0,14698,12754,19106
0.0,44.0,14.0,0.0,0.0,1.0,0.0,22847,21903,25565
0.0,17.0,11.0,0.0,0.0,0.0,1.0,0,394,4243
0.0,32.0,16.0,0.0,0.0,0.0,0.0,24038,23561,23534
0.0,49.0,13.0,0.0,0.0,1.0,0.0,25862,25244,25565
0.0,49.0,16.0,0.0,0.0,1.0,0.0,25862,25244,25565
0.0,31.0,12.0,1.0,0.0,1.0,0.0,25862,25244,25565
0.0,31.0,14.0,0.0,0.0,1.0,0.0,25862,14271,2403
0.0,48.0,16.0,0.0,0.0,1.0,0.0,25026,22615,23036
0.0,19.0,13.0,0.0,0.0,0.0,0.0,4042,5353,8522
0.0,30.0,12.0,0.0,0.0,1.0,0.0,14791,9983,8599
0.0,47.0,8.0,0.0,0.0,1.0,1.0,23715,20893,25565
0.0,17.0,10.0,0.0,0.0,0.0,1.0,656,4270,11011
0.0,22.0,12.0,0.0,0.0,1.0,0.0,9992,6214,19556
0.0,31.0,12.0,0.0,0.0,1.0,0.0,23398,25165,22832
0.0,49.0,2.0,0.0,0.0,1.0,1.0,20282,18967,23412
0.0,22.0,9.0,0.0,0.0,0.0,1.0,6703,7283,5952
0.0,32.0,12.0,0.0,0.0,1.0,0.0,24585,24450,20564
0.0,25.0,13.0,0.0,0.0,0.0,0.0,18881,22445,23525
0.0,28.0,15.0,0.0,0.0,1.0,0.0,25461,23115,0
0.0,25.0,17.0,0.0,0.0,1.0,0.0,84,0,0
0.0,45.0,8.0,0.0,0.0,1.0,1.0,15937,13397,9627
0.0,42.0,12.0,0.0,0.0,1.0,0.0,25862,25244,25565
0.0,17.0,11.0,0.0,0.0,0.0,1.0,0,0,8951
0.0,29.0,12.0,0.0,0.0,1.0,0.0,25862,25244,25565
0.0,36.0,15.0,0.0,0.0,1.0,0.0,25862,25244,25565
0.0,34.0,12.0,0.0,0.0,1.0,0.0,25862,25244,25565
0.0,34.0,12.0,0.0,0.0,1.0,0.0,20594,9279,8334
0.0,48.0,12.0,0.0,0.0,1.0,0.0,25862,25244,25565
0.0,17.0,11.0,0.0,0.0,0.0,1.0,2486,9460,21300
0.0,30.0,12.0,0.0,0.0,1.0,0.0,25862,25244,25565
0.0,39.0,11.0,0.0,0.0,1.0,1.0,0,0,0
0.0,17.0,10.0,0.0,0.0,0.0,1.0,98,2777,0
0.0,28.0,18.0,0.0,0.0,1.0,0.0,25862,25244,25565
0.0,16.0,10.0,0.0,0.0,0.0,1.0,1211,3226,17566
0.0,50.0,18.0,0.0,0.0,1.0,0.0,25862,25244,25565
0.0,32.0,12.0,0.0,0.0,1.0,0.0,25625,25244,25565
0.0,45.0,14.0,0.0,0.0,1.0,0.0,25862,25244,25565
0.0,17.0,10.0,0.0,0.0,0.0,1.0,0,550,1923
0.0,40.0,13.0,0.0,0.0,1.0,0.0,7108,16367,20656
0.0,43.0,12.0,0.0,0.0,1.0,0.0,25862,25244,25565
0.0,31.0,12.0,0.0,0.0,1.0,0.0,17114,16281,17637
0.0,27.0,12.0,0.0,0.0,1.0,0.0,19113,13785,16952
0.0,18.0,12.0,0.0,0.0,0.0,0.0,4430,3052,15730
0.0,36.0,8.0,0.0,0.0,1.0,1.0,10353,13868,99
0.0,29.0,12.0,0.0,0.0,1.0,0.0,18605,20036,20829
0.0,26.0,17.0,0.0,0.0,1.0,0.0,19230,20397,25565
0.0,44.0,8.0,0.0,0.0,1.0,1.0,3811,1072,0
0.0,25.0,12.0,0.0,0.0,1.0,0.0,2815,11021,11696
0.0,27.0,16.0,0.0,0.0,0.0,0.0,133,107,22856
0.0,34.0,12.0,0.0,0.0,1.0,0.0,22108,15264,17396
0.0,26.0,12.0,0.0,0.0,1.0,0.0,0,2512,2629
0.0,33.0,11.0,0.0,0.0,1.0,1.0,20043,18757,19190
0.0,21.0,12.0,0.0,0.0,1.0,0.0,11385,17792,21492
0.0,33.0,14.0,0.0,0.0,1.0,0.0,10231,5170,10251
0.0,27.0,7.0,0.0,0.0,1.0,1.0,9881,7170,0
0.0,50.0,12.0,0.0,0.0,1.0,0.0,0,0,0
0.0,20.0,13.0,0.0,0.0,0.0,0.0,0,0,0
0.0,54.0,8.0,0.0,0.0,0.0,1.0,0,0,0
0.0,24.0,10.0,0.0,0.0,1.0,1.0,4720,2566,2174
0.0,40.0,9.0,0.0,0.0,1.0,1.0,16091,14571,15832
0.0,36.0,7.0,0.0,1.0,1.0,1.0,0,0,0
0.0,43.0,10.0,0.0,0.0,1.0,1.0,25862,25244,25565
0.0,28.0,11.0,0.0,0.0,1.0,1.0,21948,19672,25565
0.0,50.0,9.0,0.0,0.0,1.0,1.0,25862,25244,25565
0.0,33.0,9.0,0.0,0.0,1.0,1.0,16734,17930,23627
0.0,25.0,12.0,0.0,0.0,1.0,0.0,19099,9739,22543
0.0,38.0,12.0,0.0,0.0,1.0,0.0,25862,25244,25565
0.0,19.0,12.0,0.0,0.0,1.0,0.0,2126,4388,20852
0.0,33.0,12.0,0.0,0.0,1.0,0.0,8779,10643,25565
0.0,24.0,16.0,0.0,0.0,1.0,0.0,10654,20589,23160
0.0,43.0,13.0,0.0,0.0,1.0,0.0,25862,25244,25565
0.0,25.0,12.0,0.0,0.0,1.0,0.0,24134,25244,24158
0.0,53.0,8.0,0.0,0.0,1.0,1.0,4191,1393,9098
0.0,23.0,12.0,0.0,0.0,0.0,0.0,3725,0,5556
0.0,48.0,11.0,0.0,0.0,1.0,1.0,12020,13338,8371
0.0,25.0,12.0,0.0,0.0,1.0,0.0,16840,14930,14358
0.0,16.0,10.0,0.0,0.0,0.0,1.0,574,1182,5578
0.0,45.0,13.0,0.0,0.0,0.0,0.0,21944,22324,22704
0.0,45.0,18.0,0.0,0.0,1.0,0.0,25862,2762,19530
0.0,53.0,12.0,0.0,0.0,1.0,0.0,22120,22512,0
0.0,54.0,11.0,0.0,0.0,1.0,1.0,21231,17685,17097
0.0,37.0,7.0,0.0,0.0,1.0,1.0,21987,20623,20042
0.0,27.0,12.0,0.0,0.0,0.0,0.0,25862,25244,25565
0.0,41.0,16.0,0.0,0.0,1.0,0.0,18123,0,0
0.0,16.0,10.0,0.0,0.0,0.0,1.0,0,161,829
0.0,34.0,18.0,0.0,0.0,1.0,0.0,2953,3400,25565
0.0,47.0,12.0,0.0,0.0,1.0,0.0,25849,23031,25565
0.0,27.0,12.0,0.0,0.0,1.0,0.0,6567,7484,5043
0.0,29.0,17.0,0.0,0.0,1.0,0.0,0,0,4370
0.0,26.0,16.0,0.0,0.0,1.0,0.0,2643,5061,5236
0.0,37.0,12.0,0.0,0.0,1.0,0.0,14610,22189,0
0.0,41.0,12.0,0.0,0.0,1.0,0.0,25862,25244,25565
0.0,53.0,10.0,0.0,0.0,1.0,1.0,4322,0,0
0.0,17.0,10.0,0.0,0.0,0.0,1.0,576,1187,0
0.0,31.0,12.0,0.0,0.0,1.0,0.0,23942,8330,21220
0.0,19.0,10.0,0.0,0.0,0.0,1.0,884,376,1949
0.0,40.0,12.0,0.0,0.0,1.0,0.0,16689,9286,13421
0.0,44.0,9.0,0.0,0.0,0.0,1.0,11152,11179,12516
0.0,23.0,16.0,0.0,0.0,1.0,0.0,5556,3991,0
0.0,30.0,18.0,0.0,0.0,1.0,0.0,10008,16360,25565
0.0,31.0,18.0,0.0,0.0,1.0,0.0,18640,14627,24422
0.0,23.0,17.0,0.0,0.0,0.0,0.0,0,3199,25565
0.0,20.0,13.0,0.0,0.0,0.0,0.0,3472,4372,7832
0.0,34.0,16.0,0.0,0.0,1.0,0.0,22947,25244,25565
0.0,24.0,16.0,0.0,0.0,0.0,0.0,14673,15988,9001
0.0,25.0,10.0,0.0,0.0,1.0,1.0,2253,3061,5157
0.0,21.0,12.0,0.0,0.0,0.0,0.0,10698,4057,16197
0.0,33.0,12.0,0.0,1.0,1.0,0.0,17408,19002,9726
0.0,27.0,11.0,0.0,0.0,1.0,1.0,15433,7471,25565
0.0,34.0,12.0,0.0,0.0,1.0,0.0,25862,25244,25565
0.0,25.0,15.0,0.0,0.0,0.0,0.0,7959,14374,19737
0.0,24.0,16.0,0.0,0.0,0.0,0.0,0,17008,1835
0.0,28.0,14.0,0.0,0.0,1.0,0.0,0,5623,7929
0.0,31.0,10.0,0.0,0.0,1.0,1.0,3235,115,23066
0.0,40.0,12.0,0.0,0.0,1.0,0.0,6450,23566,23030
0.0,52.0,7.0,0.0,0.0,1.0,1.0,14399,17875,13932
0.0,33.0,12.0,0.0,0.0,1.0,0.0,25416,22608,22101
0.0,28.0,15.0,0.0,0.0,1.0,0.0,18762,14450,10
0.0,35.0,15.0,0.0,0.0,1.0,0.0,25862,18854,2366
0.0,29.0,12.0,0.0,0.0,0.0,0.0,25862,22127,0
0.0,35.0,12.0,0.0,0.0,1.0,0.0,25862,17590,0
0.0,51.0,9.0,0.0,0.0,1.0,1.0,13801,21600,25565
0.0,24.0,17.0,0.0,0.0,1.0,0.0,6667,21308,22037
0.0,41.0,12.0,0.0,0.0,1.0,0.0,25862,24986,25565
0.0,35.0,12.0,0.0,0.0,1.0,0.0,24236,25244,22837
0.0,28.0,16.0,0.0,0.0,1.0,0.0,14963,14471,0
0.0,17.0,10.0,0.0,0.0,0.0,1.0,0,1006,5057
0.0,34.0,8.0,0.0,0.0,1.0,1.0,24187,22537,25565
0.0,23.0,12.0,0.0,0.0,1.0,0.0,10174,15658,20280
0.0,33.0,16.0,0.0,0.0,1.0,0.0,17865,3760,5358
0.0,38.0,12.0,0.0,0.0,1.0,0.0,3664,4986,4407
0.0,19.0,12.0,0.0,0.0,0.0,0.0,0,7675,8688
0.0,26.0,12.0,0.0,0.0,0.0,0.0,14426,15080,16601
0.0,21.0,14.0,0.0,0.0,0.0,0.0,9708,594,2256
0.0,22.0,12.0,0.0,0.0,1.0,0.0,5568,11053,9491
0.0,48.0,12.0,0.0,0.0,1.0,0.0,25862,25244,25565
0.0,18.0,12.0,0.0,0.0,1.0,0.0,10582,9141,7965
0.0,50.0,8.0,0.0,0.0,0.0,1.0,12085,11435,11410
0.0,17.0,11.0,0.0,0.0,0.0,1.0,0,2247,9094
0.0,44.0,12.0,0.0,0.0,1.0,0.0,25862,25244,23298
0.0,17.0,10.0,0.0,0.0,0.0,1.0,0,0,0
0.0,40.0,16.0,0.0,0.0,1.0,0.0,25862,25244,25565
0.0,38.0,17.0,0.0,0.0,0.0,0.0,0,0,0
0.0,29.0,12.0,0.0,0.0,1.0,0.0,23756,24617,25565
0.0,45.0,12.0,0.0,0.0,1.0,0.0,25862,20415,25565
0.0,51.0,10.0,0.0,0.0,1.0,1.0,25854,14711,25565
0.0,29.0,14.0,0.0,0.0,1.0,0.0,476,458,675
0.0,23.0,12.0,0.0,0.0,1.0,0.0,25455,10481,25565
0.0,25.0,13.0,0.0,0.0,1.0,0.0,25862,12038,24994
0.0,23.0,12.0,0.0,0.0,1.0,0.0,6797,0,0
0.0,53.0,13.0,0.0,0.0,1.0,0.0,25862,25244,25565
0.0,21.0,14.0,0.0,0.0,0.0,0.0,0,10244,16138
0.0,22.0,13.0,0.0,0.0,1.0,0.0,21193,12149,23008
0.0,19.0,12.0,0.0,0.0,1.0,0.0,12320,10738,25565
0.0,26.0,12.0,0.0,0.0,1.0,0.0,25862,25244,18495
0.0,25.0,16.0,0.0,0.0,1.0,0.0,21803,23260,25565
0.0,24.0,12.0,0.0,0.0,1.0,0.0,13525,12770,12562
0.0,40.0,9.0,0.0,0.0,1.0,1.0,25537,21666,21870
0.0,24.0,12.0,0.0,0.0,0.0,0.0,7057,537,8297
0.0,33.0,13.0,0.0,0.0,1.0,0.0,25862,25244,25565
0.0,43.0,12.0,0.0,0.0,1.0,0.0,25862,23459,25565
0.0,53.0,9.0,0.0,0.0,1.0,1.0,22537,19846,14006
0.0,25.0,12.0,0.0,0.0,0.0,0.0,20020,21582,25392
0.0,53.0,12.0,0.0,0.0,1.0,0.0,25862,25244,25565
0.0,22.0,11.0,0.0,0.0,1.0,1.0,2647,10266,17020
0.0,29.0,12.0,0.0,0.0,1.0,0.0,25862,25244,25565
0.0,48.0,14.0,0.0,0.0,1.0,0.0,25862,25244,25565
0.0,36.0,16.0,0.0,0.0,1.0,0.0,25862,25244,25565
0.0,38.0,10.0,0.0,0.0,1.0,1.0,13115,12067,25565
0.0,18.0,11.0,0.0,0.0,0.0,1.0,3023,5477,0
0.0,49.0,12.0,0.0,0.0,1.0,0.0,0,0,0
0.0,16.0,8.0,0.0,0.0,0.0,1.0,0,1669,10647
0.0,53.0,12.0,0.0,0.0,1.0,0.0,25862,25244,25565
0.0,35.0,12.0,0.0,0.0,1.0,0.0,25862,25244,25565
0.0,54.0,8.0,0.0,0.0,1.0,1.0,25862,25244,25565
0.0,32.0,12.0,0.0,0.0,1.0,0.0,25862,25244,25565
0.0,23.0,16.0,0.0,0.0,1.0,0.0,17782,19568,0
0.0,26.0,18.0,0.0,0.0,1.0,0.0,6955,290,0
0.0,24.0,16.0,0.0,0.0,1.0,0.0,24659,25244,25565
0.0,22.0,12.0,1.0,0.0,0.0,0.0,19262,12063,25565
0.0,26.0,14.0,0.0,0.0,1.0,0.0,20731,18234,23955
0.0,30.0,12.0,0.0,0.0,1.0,0.0,25862,25244,25565
0.0,19.0,12.0,0.0,0.0,0.0,0.0,1113,3138,16070
0.0,31.0,10.0,0.0,0.0,1.0,1.0,17937,17961,25565
0.0,17.0,11.0,0.0,0.0,0.0,1.0,0,0,0
0.0,23.0,9.0,0.0,0.0,1.0,1.0,16830,16885,10090
0.0,47.0,12.0,0.0,0.0,1.0,0.0,19716,25244,0
0.0,18.0,11.0,0.0,0.0,0.0,1.0,94,1203,11773
0.0,17.0,10.0,0.0,0.0,0.0,1.0,984,2499,4246
0.0,27.0,11.0,0.0,0.0,0.0,1.0,16789,12862,7755
0.0,31.0,12.0,0.0,0.0,1.0,0.0,22067,22017,25117
0.0,44.0,18.0,0.0,0.0,1.0,0.0,20674,21128,20823
0.0,36.0,13.0,0.0,0.0,1.0,0.0,25862,12065,25565
0.0,32.0,11.0,0.0,0.0,1.0,1.0,22906,19987,21046
0.0,18.0,11.0,0.0,0.0,0.0,1.0,2629,2444,9975
0.0,51.0,12.0,0.0,0.0,0.0,0.0,19303,18263,18300
0.0,40.0,12.0,0.0,0.0,1.0,0.0,25470,21733,25565
0.0,41.0,12.0,0.0,0.0,1.0,0.0,25862,25244,25565
0.0,21.0,12.0,0.0,0.0,0.0,0.0,9179,6336,14491
0.0,25.0,12.0,0.0,0.0,1.0,0.0,24342,21665,24412
0.0,31.0,12.0,0.0,0.0,1.0,0.0,23474,7595,9729
0.0,33.0,15.0,0.0,0.0,0.0,0.0,25862,25244,25565
0.0,24.0,14.0,0.0,0.0,0.0,0.0,14457,13664,13932
0.0,19.0,12.0,0.0,0.0,1.0,0.0,9798,10583,4998
0.0,34.0,11.0,0.0,0.0,1.0,1.0,13877,8472,913
0.0,35.0,12.0,0.0,0.0,1.0,0.0,20394,21126,25565
0.0,24.0,12.0,0.0,0.0,1.0,0.0,22428,21577,25180
0.0,20.0,12.0,0.0,0.0,0.0,0.0,6397,0,4132
0.0,37.0,12.0,0.0,0.0,1.0,0.0,19038,25244,4968
0.0,47.0,9.0,0.0,0.0,1.0,1.0,21188,21965,24836
0.0,26.0,13.0,0.0,0.0,1.0,0.0,13456,16722,25565
0.0,42.0,12.0,0.0,0.0,1.0,0.0,25862,25244,25565
0.0,44.0,12.0,0.0,0.0,1.0,0.0,0,0,22110
0.0,34.0,12.0,0.0,0.0,1.0,0.0,19128,18811,18318
0.0,28.0,12.0,0.0,0.0,1.0,0.0,25862,25244,25565
0.0,20.0,12.0,0.0,0.0,0.0,0.0,22479,18326,3185
0.0,25.0,12.0,0.0,0.0,1.0,0.0,13266,18637,5966
0.0,32.0,10.0,0.0,0.0,1.0,1.0,20974,21269,22683
0.0,25.0,16.0,0.0,0.0,1.0,0.0,21121,25244,25565
0.0,21.0,12.0,0.0,0.0,0.0,0.0,7426,11562,5450
0.0,19.0,12.0,0.0,0.0,0.0,0.0,5200,11820,15628
0.0,36.0,12.0,0.0,0.0,1.0,0.0,25862,25244,25565
0.0,29.0,18.0,0.0,0.0,1.0,0.0,16113,25244,25565
0.0,39.0,10.0,0.0,0.0,0.0,1.0,13204,13846,21987
0.0,54.0,8.0,0.0,0.0,1.0,1.0,14356,15300,15862
0.0,16.0,9.0,0.0,0.0,0.0,1.0,0,485,4113
0.0,23.0,12.0,0.0,0.0,1.0,0.0,20261,20327,22095
0.0,53.0,8.0,0.0,0.0,1.0,1.0,19444,14965,7505
0.0,38.0,14.0,0.0,0.0,1.0,0.0,25862,25244,25565
0.0,52.0,12.0,0.0,0.0,1.0,0.0,25862,25244,25565
0.0,32.0,15.0,0.0,0.0,1.0,0.0,25862,25244,25565
0.0,22.0,12.0,0.0,0.0,1.0,0.0,13088,14317,13866
0.0,27.0,12.0,0.0,0.0,0.0,0.0,23102,24694,25498
0.0,45.0,12.0,0.0,0.0,1.0,0.0,16256,0,0
0.0,28.0,18.0,0.0,0.0,1.0,0.0,18827,20125,25565
0.0,20.0,12.0,0.0,0.0,0.0,0.0,8644,7134,13965
0.0,20.0,12.0,0.0,0.0,0.0,0.0,1705,6087,4367
0.0,51.0,9.0,0.0,0.0,1.0,1.0,0,0,7386
0.0,29.0,12.0,0.0,0.0,1.0,0.0,25543,21881,25565
0.0,28.0,14.0,0.0,0.0,1.0,0.0,24659,23639,25565
0.0,42.0,15.0,0.0,0.0,1.0,0.0,12961,16727,8259
0.0,21.0,12.0,0.0,0.0,0.0,0.0,11242,12611,13604
0.0,33.0,15.0,0.0,0.0,1.0,0.0,19655,20700,20836
0.0,39.0,17.0,0.0,0.0,1.0,0.0,25862,25244,22262
0.0,37.0,12.0,0.0,0.0,1.0,0.0,17765,17162,25565
0.0,46.0,12.0,0.0,0.0,1.0,0.0,25860,22798,21593
0.0,22.0,15.0,0.0,0.0,0.0,0.0,0,0,1886
0.0,46.0,8.0,0.0,0.0,1.0,1.0,25465,21026,25565
0.0,20.0,12.0,0.0,0.0,0.0,0.0,7426,6087,25565
0.0,18.0,11.0,0.0,0.0,0.0,1.0,0,0,20020
0.0,38.0,12.0,0.0,0.0,1.0,0.0,25862,25244,25565
0.0,41.0,12.0,0.0,0.0,1.0,0.0,20298,15685,25565
0.0,18.0,11.0,0.0,0.0,0.0,1.0,3070,5043,5670
0.0,17.0,11.0,0.0,0.0,0.0,1.0,0,2916,9469
0.0,29.0,11.0,0.0,0.0,1.0,1.0,25862,25244,25565
0.0,29.0,10.0,0.0,0.0,1.0,1.0,12351,10302,14612
0.0,41.0,9.0,1.0,0.0,1.0,1.0,19244,11997,20631
0.0,19.0,12.0,0.0,0.0,0.0,0.0,3145,6878,13177
0.0,19.0,12.0,0.0,0.0,0.0,0.0,0,906,1979
0.0,46.0,12.0,0.0,0.0,1.0,0.0,25862,25244,25565
0.0,21.0,12.0,0.0,0.0,0.0,0.0,8088,7897,14366
0.0,17.0,11.0,0.0,0.0,0.0,1.0,652,1105,15294
0.0,16.0,10.0,0.0,0.0,0.0,1.0,907,2621,5729
0.0,28.0,13.0,0.0,0.0,1.0,0.0,22761,16625,20996
0.0,32.0,12.0,0.0,0.0,1.0,0.0,25862,24212,0
0.0,55.0,8.0,0.0,0.0,1.0,1.0,0,0,1463
0.0,28.0,15.0,0.0,0.0,1.0,0.0,25862,25244,25565
0.0,45.0,12.0,0.0,0.0,1.0,0.0,4951,143,1704
0.0,37.0,12.0,0.0,0.0,1.0,0.0,20055,21004,22719
0.0,16.0,9.0,0.0,0.0,0.0,1.0,823,523,13249
0.0,37.0,14.0,0.0,0.0,1.0,0.0,25862,25244,25565
0.0,31.0,16.0,0.0,0.0,1.0,0.0,18552,18637,21718
0.0,29.0,12.0,0.0,0.0,1.0,0.0,7187,24400,25565
0.0,47.0,12.0,0.0,0.0,0.0,0.0,17598,25244,21358
0.0,55.0,12.0,0.0,0.0,1.0,0.0,25862,24930,8804
0.0,28.0,17.0,0.0,0.0,1.0,0.0,16558,18132,20595
0.0,46.0,12.0,0.0,0.0,0.0,0.0,23488,21314,22532
0.0,40.0,9.0,0.0,0.0,1.0,1.0,15621,17148,25565
0.0,26.0,12.0,0.0,0.0,1.0,0.0,12159,12663,0
0.0,49.0,8.0,0.0,0.0,1.0,1.0,22253,24450,22628
0.0,54.0,12.0,0.0,0.0,1.0,0.0,0,0,0
0.0,39.0,11.0,0.0,0.0,1.0,1.0,25862,25244,25565
0.0,29.0,18.0,0.0,0.0,1.0,0.0,14281,20601,25565
0.0,19.0,13.0,0.0,0.0,0.0,0.0,2091,23,14903
0.0,37.0,18.0,0.0,0.0,1.0,0.0,18927,17509,19227
0.0,44.0,12.0,0.0,0.0,1.0,0.0,22796,21876,25565
0.0,29.0,12.0,0.0,0.0,1.0,0.0,21050,20161,24233
0.0,50.0,12.0,0.0,0.0,1.0,0.0,15222,15776,15829
0.0,17.0,9.0,0.0,0.0,0.0,1.0,0,1620,8091
0.0,27.0,12.0,0.0,0.0,1.0,0.0,18868,22021,25565
0.0,53.0,12.0,0.0,0.0,1.0,0.0,1783,1765,0
0.0,22.0,12.0,0.0,0.0,0.0,0.0,8766,10327,10866
0.0,21.0,12.0,0.0,0.0,0.0,0.0,2864,5869,10620
0.0,27.0,11.0,0.0,0.0,1.0,1.0,16187,16568,16407
0.0,39.0,9.0,0.0,0.0,1.0,1.0,21252,25244,23604
0.0,26.0,12.0,0.0,0.0,0.0,0.0,18296,18550,17653
0.0,37.0,9.0,0.0,0.0,1.0,1.0,16534,7100,2202
0.0,27.0,16.0,0.0,0.0,0.0,0.0,9718,8459,13619
0.0,21.0,11.0,0.0,0.0,0.0,1.0,29,0,1824
0.0,45.0,8.0,0.0,0.0,1.0,1.0,2500,0,3221
0.0,17.0,7.0,0.0,0.0,0.0,1.0,0,0,4426
0.0,21.0,12.0,0.0,0.0,1.0,0.0,8135,6893,5205
0.0,18.0,12.0,0.0,0.0,0.0,0.0,901,7211,12380
0.0,36.0,12.0,0.0,0.0,1.0,0.0,24152,25068,25565
0.0,22.0,12.0,0.0,0.0,1.0,0.0,16027,18374,20688
0.0,24.0,12.0,0.0,0.0,1.0,0.0,10850,11134,20529
0.0,32.0,12.0,0.0,0.0,1.0,0.0,18057,16004,18520
0.0,17.0,10.0,0.0,0.0,0.0,1.0,127,351,5643
0.0,29.0,12.0,0.0,0.0,1.0,0.0,9753,6852,12982
0.0,33.0,11.0,0.0,0.0,1.0,1.0,10807,11349,25565
0.0,22.0,12.0,0.0,0.0,1.0,0.0,10114,9288,2366
0.0,48.0,8.0,0.0,0.0,1.0,1.0,25862,25244,25565
0.0,27.0,12.0,0.0,0.0,1.0,0.0,10974,16163,7371
0.0,46.0,8.0,0.0,0.0,1.0,1.0,18102,14770,17158
0.0,16.0,10.0,0.0,0.0,0.0,1.0,0,0,4676
0.0,34.0,9.0,0.0,0.0,1.0,1.0,0,2866,14335
0.0,30.0,13.0,0.0,0.0,1.0,0.0,14538,15098,22776
0.0,17.0,11.0,0.0,0.0,0.0,1.0,0,1590,10363
0.0,42.0,8.0,0.0,0.0,1.0,1.0,3178,5611,7180
0.0,46.0,9.0,0.0,0.0,0.0,1.0,25862,25244,20341
0.0,35.0,12.0,0.0,0.0,1.0,0.0,25860,24219,25565
0.0,52.0,12.0,0.0,0.0,1.0,0.0,0,0,0
0.0,23.0,13.0,0.0,0.0,1.0,0.0,5451,4189,14915
0.0,26.0,16.0,0.0,0.0,1.0,0.0,12455,15860,20434
0.0,41.0,16.0,0.0,0.0,1.0,0.0,16334,0,0
0.0,26.0,14.0,1.0,0.0,0.0,0.0,17759,18924,25565
0.0,41.0,13.0,1.0,0.0,0.0,0.0,25862,25244,25565
0.0,53.0,12.0,0.0,0.0,1.0,0.0,25862,25244,431
0.0,22.0,12.0,0.0,0.0,1.0,0.0,21086,19198,0
0.0,19.0,12.0,0.0,0.0,0.0,0.0,14687,12289,650
0.0,24.0,12.0,0.0,0.0,1.0,0.0,19297,17150,16531
0.0,22.0,13.0,0.0,0.0,0.0,0.0,3993,7664,10663
0.0,20.0,12.0,0.0,0.0,0.0,0.0,6979,15631,21306
0.0,37.0,11.0,0.0,0.0,1.0,1.0,10880,11113,12414
0.0,42.0,8.0,0.0,0.0,1.0,1.0,18268,18913,17685
0.0,20.0,12.0,0.0,0.0,0.0,0.0,94,0,15031
0.0,51.0,15.0,0.0,0.0,1.0,0.0,25862,16453,14606
0.0,16.0,9.0,0.0,0.0,0.0,1.0,0,131,121
0.0,51.0,12.0,0.0,0.0,1.0,0.0,14477,11619,0
0.0,25.0,12.0,0.0,0.0,1.0,0.0,12906,12276,15184
0.0,52.0,12.0,0.0,0.0,1.0,0.0,25862,25244,25565
0.0,25.0,16.0,0.0,0.0,1.0,0.0,11434,12878,10303
0.0,26.0,18.0,0.0,0.0,1.0,0.0,0,21632,21873
0.0,43.0,8.0,0.0,0.0,0.0,1.0,0,312,166
0.0,45.0,8.0,0.0,0.0,0.0,1.0,0,0,0
0.0,55.0,13.0,0.0,0.0,1.0,0.0,11560,14081,14816
0.0,50.0,6.0,0.0,0.0,1.0,1.0,19150,18528,22606
0.0,19.0,12.0,0.0,0.0,0.0,0.0,5290,13188,20724
0.0,29.0,12.0,0.0,0.0,1.0,0.0,24128,22812,25565
0.0,53.0,8.0,0.0,0.0,1.0,1.0,17304,16066,11418
0.0,18.0,9.0,0.0,0.0,0.0,1.0,4099,5647,8082
0.0,51.0,10.0,0.0,0.0,1.0,1.0,823,13281,18813
0.0,49.0,12.0,0.0,0.0,1.0,0.0,12588,12056,11259
0.0,36.0,10.0,0.0,0.0,0.0,1.0,13946,14650,13100
0.0,44.0,13.0,0.0,0.0,1.0,0.0,25862,25244,25565
0.0,22.0,14.0,0.0,0.0,0.0,0.0,14185,10473,13199
0.0,18.0,12.0,0.0,0.0,0.0,0.0,0,91,16520
0.0,18.0,12.0,0.0,1.0,0.0,0.0,3858,1925,9706
0.0,37.0,8.0,0.0,1.0,1.0,1.0,21773,10731,0
0.0,49.0,8.0,0.0,1.0,1.0,1.0,15964,2028,0
0.0,49.0,8.0,0.0,1.0,0.0,1.0,18243,13905,7482
0.0,55.0,6.0,0.0,1.0,0.0,1.0,6113,8540,5058
0.0,45.0,12.0,0.0,0.0,0.0,0.0,6017,7206,0
0.0,30.0,14.0,0.0,0.0,1.0,0.0,23170,19045,20323
0.0,21.0,12.0,0.0,1.0,0.0,0.0,3546,5552,2246
0.0,19.0,12.0,0.0,1.0,0.0,0.0,9757,0,117
0.0,19.0,10.0,0.0,0.0,1.0,1.0,2621,8540,14972
0.0,52.0,4.0,0.0,1.0,1.0,1.0,25862,11079,14384
0.0,22.0,11.0,0.0,1.0,0.0,1.0,7341,2535,14188
0.0,50.0,6.0,0.0,1.0,1.0,1.0,25862,17497,25565
0.0,37.0,12.0,1.0,0.0,1.0,0.0,15931,15032,14211
0.0,31.0,11.0,0.0,0.0,1.0,1.0,0,4241,6758
0.0,23.0,12.0,0.0,0.0,1.0,0.0,6832,7208,16255
0.0,32.0,12.0,0.0,0.0,0.0,0.0,25862,25244,25565
0.0,51.0,8.0,1.0,0.0,1.0,1.0,25837,25244,4460
0.0,29.0,12.0,1.0,0.0,1.0,0.0,22389,22221,25565
0.0,33.0,12.0,1.0,0.0,1.0,0.0,13834,13372,15392
0.0,50.0,16.0,1.0,0.0,1.0,0.0,11011,12185,14386
0.0,31.0,13.0,0.0,0.0,1.0,0.0,21963,19856,0
0.0,33.0,12.0,0.0,0.0,1.0,0.0,23401,25244,25565
0.0,31.0,12.0,0.0,0.0,1.0,0.0,21961,19882,24105
0.0,48.0,12.0,0.0,0.0,1.0,0.0,18280,16605,15812
0.0,42.0,12.0,0.0,0.0,1.0,0.0,20743,21389,25565
0.0,19.0,12.0,0.0,0.0,0.0,0.0,10278,17194,18219
0.0,18.0,11.0,0.0,0.0,0.0,1.0,1985,764,5642
0.0,27.0,12.0,0.0,0.0,1.0,0.0,22696,25244,25565
0.0,31.0,12.0,0.0,1.0,1.0,0.0,21875,24986,25565
0.0,25.0,12.0,0.0,1.0,1.0,0.0,16781,16451,17996
0.0,27.0,17.0,0.0,0.0,0.0,0.0,17187,20052,25565
0.0,20.0,12.0,0.0,0.0,1.0,0.0,13891,13947,13301
0.0,42.0,8.0,0.0,0.0,1.0,1.0,25862,25244,0
0.0,19.0,10.0,1.0,0.0,1.0,1.0,312,2030,8881
0.0,43.0,13.0,0.0,0.0,1.0,0.0,23305,24296,25565
0.0,33.0,14.0,0.0,0.0,1.0,0.0,10653,5708,14621
0.0,34.0,17.0,0.0,0.0,1.0,0.0,17678,18465,21037
0.0,28.0,13.0,0.0,0.0,1.0,0.0,17091,20200,7201
0.0,55.0,12.0,0.0,0.0,1.0,0.0,25862,25244,0
0.0,24.0,16.0,0.0,0.0,1.0,0.0,2222,0,2992
0.0,28.0,14.0,0.0,0.0,1.0,0.0,12077,8400,25565
0.0,26.0,9.0,0.0,0.0,1.0,1.0,11959,17067,21287
0.0,39.0,18.0,0.0,0.0,1.0,0.0,20404,19101,18689
0.0,18.0,10.0,0.0,0.0,1.0,1.0,6375,15893,12961
0.0,33.0,16.0,0.0,0.0,1.0,0.0,25862,25244,25565
0.0,45.0,12.0,1.0,0.0,1.0,0.0,0,0,0
0.0,28.0,13.0,0.0,0.0,1.0,0.0,14132,13836,15572
0.0,31.0,13.0,0.0,0.0,0.0,0.0,23966,25244,25565
0.0,26.0,13.0,0.0,0.0,1.0,0.0,216,687,5020
0.0,30.0,16.0,0.0,0.0,1.0,0.0,5731,2107,9434
0.0,25.0,16.0,0.0,0.0,0.0,0.0,0,0,19961
0.0,40.0,16.0,0.0,1.0,0.0,0.0,20390,19634,24385
0.0,41.0,12.0,0.0,1.0,1.0,0.0,25862,25244,25565
0.0,30.0,7.0,0.0,0.0,1.0,1.0,25711,18295,25565
0.0,28.0,16.0,0.0,0.0,1.0,0.0,4881,18845,23033
0.0,17.0,9.0,0.0,1.0,0.0,1.0,1215,2694,17886
0.0,16.0,9.0,0.0,1.0,0.0,1.0,0,4032,7315
0.0,27.0,9.0,0.0,0.0,1.0,1.0,22504,25244,25565
0.0,27.0,12.0,0.0,0.0,1.0,0.0,25862,25244,28
0.0,35.0,12.0,0.0,0.0,1.0,0.0,25862,24706,25565
0.0,24.0,9.0,0.0,0.0,1.0,1.0,18535,18012,20660
0.0,17.0,11.0,0.0,0.0,0.0,1.0,1344,1448,7588
0.0,26.0,18.0,1.0,0.0,0.0,0.0,6368,17490,6360
0.0,24.0,16.0,0.0,0.0,0.0,0.0,0,8024,12481
0.0,21.0,13.0,0.0,0.0,0.0,0.0,513,578,0
0.0,24.0,12.0,0.0,0.0,1.0,0.0,14393,21011,25565
0.0,19.0,12.0,0.0,0.0,0.0,0.0,2098,7734,0
0.0,44.0,10.0,0.0,0.0,1.0,1.0,25862,19677,25565
0.0,40.0,12.0,0.0,0.0,1.0,0.0,25807,25244,25565
0.0,35.0,13.0,0.0,0.0,1.0,0.0,18764,18319,15946
0.0,31.0,17.0,0.0,0.0,1.0,0.0,4173,11553,23505
0.0,31.0,16.0,0.0,0.0,1.0,0.0,23258,25244,25565
0.0,18.0,12.0,0.0,0.0,0.0,0.0,2433,3787,0
0.0,30.0,10.0,0.0,0.0,1.0,1.0,858,0,0
0.0,34.0,12.0,0.0,0.0,1.0,0.0,25862,25244,25565
0.0,21.0,10.0,1.0,0.0,1.0,1.0,8793,14430,8850
0.0,28.0,16.0,0.0,0.0,1.0,0.0,18811,19747,25565
0.0,25.0,13.0,0.0,0.0,1.0,0.0,1033,9277,9254
0.0,27.0,13.0,0.0,0.0,1.0,0.0,9918,13098,24907
0.0,48.0,15.0,1.0,0.0,1.0,0.0,19986,21971,23030
0.0,17.0,11.0,1.0,0.0,0.0,1.0,1497,804,10965
0.0,35.0,15.0,1.0,0.0,0.0,0.0,0,0,0
0.0,23.0,12.0,0.0,1.0,0.0,0.0,14657,8008,13452
0.0,24.0,12.0,0.0,1.0,1.0,0.0,9430,25244,25565
0.0,24.0,14.0,1.0,0.0,1.0,0.0,8991,2469,853
0.0,48.0,12.0,1.0,0.0,1.0,0.0,15655,25172,25203
0.0,26.0,12.0,0.0,0.0,1.0,0.0,15737,20107,10844
0.0,54.0,8.0,0.0,0.0,1.0,1.0,25862,25244,25565
0.0,29.0,13.0,0.0,0.0,1.0,0.0,25862,25244,25565
0.0,47.0,14.0,0.0,0.0,1.0,0.0,22912,25152,22241
0.0,25.0,9.0,0.0,1.0,1.0,1.0,13176,6379,0
0.0,31.0,12.0,0.0,0.0,1.0,0.0,25862,25244,25565
0.0,32.0,12.0,1.0,0.0,1.0,0.0,19595,19867,25565
0.0,43.0,10.0,0.0,0.0,1.0,1.0,13848,6972,19858
0.0,18.0,11.0,0.0,0.0,0.0,1.0,7461,9197,22008
0.0,34.0,10.0,0.0,0.0,1.0,1.0,21875,13982,23140
0.0,52.0,12.0,0.0,0.0,1.0,0.0,3958,0,13790
0.0,24.0,17.0,0.0,0.0,1.0,0.0,6172,6954,0
0.0,38.0,12.0,0.0,0.0,1.0,0.0,25086,25244,25565
0.0,37.0,12.0,1.0,0.0,1.0,0.0,0,0,0
0.0,49.0,13.0,0.0,0.0,1.0,0.0,25862,22692,25565
0.0,30.0,10.0,0.0,0.0,1.0,1.0,23145,25244,25565
0.0,55.0,12.0,0.0,0.0,1.0,0.0,25862,25244,25565
0.0,29.0,14.0,0.0,0.0,1.0,0.0,25862,25244,25565
0.0,45.0,18.0,0.0,0.0,1.0,0.0,0,0,0
0.0,33.0,8.0,0.0,0.0,1.0,1.0,25862,25244,25565
0.0,37.0,10.0,1.0,0.0,1.0,1.0,14250,20488,21522
0.0,46.0,17.0,0.0,0.0,0.0,0.0,22573,21960,20177
0.0,28.0,12.0,0.0,0.0,1.0,0.0,19620,17443,18733
0.0,24.0,17.0,0.0,0.0,1.0,0.0,102,10327,13679
0.0,32.0,12.0,0.0,0.0,1.0,0.0,25862,25244,25565
0.0,33.0,12.0,0.0,0.0,1.0,0.0,0,0,0
0.0,27.0,12.0,1.0,0.0,1.0,0.0,17788,14974,12239
0.0,28.0,12.0,1.0,0.0,0.0,0.0,13008,20605,1920
0.0,20.0,13.0,0.0,0.0,0.0,0.0,7633,13698,16916
0.0,32.0,17.0,0.0,0.0,1.0,0.0,9324,8420,12060
0.0,51.0,12.0,0.0,0.0,1.0,0.0,25862,25244,25565
0.0,43.0,12.0,0.0,0.0,1.0,0.0,22606,20816,0
0.0,49.0,12.0,0.0,0.0,1.0,0.0,25862,25244,11387
0.0,23.0,15.0,0.0,0.0,0.0,0.0,8133,6363,23836
0.0,52.0,10.0,0.0,0.0,1.0,1.0,20725,20820,0
0.0,51.0,12.0,1.0,0.0,0.0,0.0,16219,15017,14078
0.0,31.0,12.0,0.0,0.0,1.0,0.0,23082,14160,0
0.0,32.0,11.0,0.0,0.0,1.0,1.0,19162,20710,4349
0.0,28.0,9.0,0.0,0.0,1.0,1.0,11293,3094,7624
0.0,36.0,12.0,0.0,0.0,1.0,0.0,0,0,0
0.0,51.0,8.0,0.0,0.0,1.0,1.0,15974,12967,0
0.0,45.0,12.0,0.0,1.0,1.0,0.0,9318,13476,21152
0.0,18.0,10.0,0.0,1.0,0.0,1.0,0,779,0
0.0,18.0,10.0,0.0,0.0,0.0,1.0,0,2438,0
0.0,41.0,6.0,0.0,1.0,1.0,1.0,0,0,0
0.0,43.0,8.0,0.0,0.0,1.0,1.0,10588,12584,9463
0.0,43.0,8.0,0.0,1.0,1.0,1.0,13043,12242,11724
0.0,27.0,13.0,0.0,0.0,1.0,0.0,13337,11071,9110
0.0,22.0,12.0,0.0,0.0,0.0,0.0,8025,10096,13307
0.0,48.0,12.0,0.0,1.0,1.0,0.0,25862,19595,16242
0.0,27.0,14.0,1.0,0.0,1.0,0.0,10741,208,17637
0.0,28.0,15.0,0.0,0.0,0.0,0.0,12469,11906,4034
0.0,19.0,13.0,0.0,0.0,0.0,0.0,1616,1291,19813
0.0,20.0,14.0,0.0,0.0,0.0,0.0,2210,0,2814
0.0,21.0,14.0,0.0,0.0,0.0,0.0,0,3480,668
0.0,21.0,14.0,0.0,0.0,0.0,0.0,219,1379,15507
0.0,26.0,16.0,0.0,0.0,0.0,0.0,11446,12249,4370
0.0,29.0,14.0,0.0,0.0,1.0,0.0,0,0,12361
0.0,41.0,16.0,0.0,0.0,0.0,0.0,25680,25244,25565
0.0,34.0,11.0,1.0,0.0,1.0,1.0,7465,9759,13104
0.0,21.0,9.0,1.0,0.0,1.0,1.0,1140,8742,8995
0.0,43.0,12.0,1.0,0.0,0.0,0.0,0,0,0
0.0,28.0,11.0,0.0,0.0,1.0,1.0,23784,23697,25565
0.0,44.0,8.0,0.0,0.0,1.0,1.0,3889,2095,1671
0.0,21.0,14.0,0.0,0.0,1.0,0.0,10919,10935,8092
0.0,32.0,13.0,0.0,0.0,1.0,0.0,25862,25244,25565
0.0,51.0,12.0,0.0,0.0,1.0,0.0,16068,13384,25565
0.0,16.0,9.0,0.0,0.0,0.0,1.0,515,2111,9307
0.0,48.0,12.0,0.0,0.0,1.0,0.0,25862,24542,25163
0.0,24.0,13.0,0.0,0.0,0.0,0.0,7433,5870,5324
0.0,19.0,11.0,0.0,0.0,0.0,1.0,6648,0,0
0.0,28.0,14.0,0.0,0.0,1.0,0.0,8586,10121,11857
0.0,26.0,12.0,0.0,0.0,1.0,0.0,950,0,0
0.0,38.0,16.0,0.0,0.0,1.0,0.0,25862,25244,25565
0.0,35.0,12.0,0.0,0.0,1.0,0.0,12957,8386,0
0.0,27.0,12.0,0.0,0.0,1.0,0.0,20815,20322,25565
0.0,22.0,16.0,0.0,0.0,0.0,0.0,899,949,0
0.0,46.0,14.0,0.0,0.0,1.0,0.0,25862,25244,25565
0.0,28.0,16.0,0.0,0.0,1.0,0.0,17778,18310,24863
0.0,20.0,14.0,0.0,0.0,1.0,0.0,0,806,1454
0.0,43.0,6.0,0.0,0.0,1.0,1.0,25410,25244,23121
0.0,16.0,8.0,0.0,0.0,0.0,1.0,0,3568,10168
0.0,26.0,16.0,0.0,0.0,1.0,0.0,23691,25244,25565
0.0,32.0,12.0,0.0,0.0,1.0,0.0,14473,20302,12680
0.0,30.0,16.0,0.0,0.0,1.0,0.0,23468,23690,24750
0.0,22.0,10.0,0.0,0.0,1.0,1.0,12363,9503,12646
0.0,31.0,16.0,0.0,0.0,0.0,0.0,4395,20429,24626
0.0,28.0,12.0,0.0,0.0,1.0,0.0,22122,25244,12159
0.0,27.0,12.0,0.0,0.0,1.0,0.0,15133,17733,25565
0.0,49.0,6.0,1.0,0.0,1.0,1.0,2978,2082,0
0.0,47.0,16.0,0.0,0.0,1.0,0.0,14700,13327,4491
0.0,45.0,15.0,0.0,0.0,0.0,0.0,10990,10747,11677
0.0,17.0,10.0,0.0,0.0,0.0,1.0,741,1019,11964
0.0,29.0,12.0,0.0,0.0,1.0,0.0,14336,13334,16567
0.0,39.0,12.0,0.0,0.0,0.0,0.0,16809,12477,12457
0.0,53.0,9.0,0.0,0.0,1.0,1.0,15537,15264,17346
0.0,26.0,12.0,0.0,0.0,0.0,0.0,12085,12292,9806
0.0,25.0,12.0,0.0,0.0,1.0,0.0,16211,13748,15627
0.0,30.0,12.0,0.0,0.0,1.0,0.0,25862,3987,13545
0.0,27.0,14.0,0.0,0.0,1.0,0.0,17900,21504,25565
0.0,31.0,12.0,0.0,0.0,1.0,0.0,23164,25244,25565
0.0,40.0,12.0,0.0,0.0,1.0,0.0,19222,19291,20566
0.0,24.0,16.0,0.0,0.0,0.0,0.0,2475,8216,16193
0.0,27.0,14.0,0.0,0.0,0.0,0.0,23564,23716,702
0.0,25.0,16.0,0.0,0.0,0.0,0.0,1763,2655,16020
0.0,27.0,8.0,1.0,0.0,1.0,1.0,349,8561,0
0.0,28.0,12.0,1.0,0.0,1.0,0.0,10568,13152,15156
0.0,29.0,14.0,0.0,0.0,1.0,0.0,14981,18849,25565
0.0,23.0,17.0,0.0,0.0,1.0,0.0,5496,14622,15419
0.0,48.0,10.0,1.0,0.0,1.0,1.0,21799,16442,17641
0.0,47.0,5.0,0.0,0.0,0.0,1.0,24416,22230,8436
0.0,28.0,12.0,0.0,0.0,1.0,0.0,15472,17611,975
0.0,42.0,12.0,0.0,0.0,1.0,0.0,25862,25244,25565
0.0,34.0,12.0,0.0,0.0,1.0,0.0,25862,25244,25565
0.0,48.0,12.0,0.0,0.0,1.0,0.0,15747,14756,4557
0.0,45.0,12.0,0.0,0.0,1.0,0.0,25862,25244,25565
0.0,43.0,12.0,0.0,0.0,1.0,0.0,3056,10849,6362
0.0,19.0,12.0,0.0,0.0,0.0,0.0,0,57,3153
0.0,22.0,12.0,0.0,0.0,0.0,0.0,2939,0,4191
0.0,23.0,14.0,0.0,0.0,0.0,0.0,4786,8989,7099
0.0,29.0,16.0,0.0,0.0,1.0,0.0,9259,20114,25565
0.0,43.0,12.0,0.0,0.0,0.0,0.0,0,0,198
0.0,34.0,12.0,1.0,0.0,1.0,0.0,0,800,154
0.0,24.0,15.0,0.0,0.0,0.0,0.0,0,1966,7773
0.0,52.0,15.0,0.0,0.0,1.0,0.0,13290,13839,25565
0.0,53.0,12.0,0.0,0.0,1.0,0.0,25862,25244,25565
0.0,32.0,16.0,0.0,0.0,1.0,0.0,0,0,0
0.0,36.0,13.0,0.0,0.0,1.0,0.0,25862,25244,25565
0.0,35.0,10.0,0.0,0.0,1.0,1.0,18200,24268,25565
0.0,17.0,8.0,0.0,0.0,0.0,1.0,5833,7222,13130
0.0,47.0,4.0,0.0,0.0,1.0,1.0,16142,15467,14754
0.0,26.0,18.0,0.0,0.0,1.0,0.0,18842,18852,25565
0.0,43.0,14.0,0.0,0.0,1.0,0.0,25862,25244,25565
0.0,39.0,14.0,0.0,0.0,0.0,0.0,20071,22646,23787
0.0,34.0,18.0,0.0,0.0,1.0,0.0,25862,25244,25565
0.0,52.0,8.0,0.0,0.0,1.0,1.0,25862,25244,23154
0.0,33.0,16.0,1.0,0.0,0.0,0.0,8595,17030,6604
0.0,55.0,9.0,0.0,0.0,1.0,1.0,12467,9000,13373
0.0,20.0,13.0,0.0,0.0,0.0,0.0,4879,6275,11989
0.0,40.0,13.0,0.0,0.0,0.0,0.0,5049,9245,4083
0.0,33.0,12.0,0.0,0.0,1.0,0.0,16260,13578,9586
0.0,22.0,12.0,0.0,0.0,0.0,0.0,10137,1679,25565
0.0,42.0,14.0,0.0,0.0,1.0,0.0,0,7095,10790
0.0,32.0,9.0,0.0,0.0,0.0,1.0,5631,3890,44
0.0,28.0,12.0,0.0,0.0,1.0,0.0,16086,14158,16351
0.0,53.0,12.0,0.0,0.0,1.0,0.0,22285,21675,3855
0.0,28.0,11.0,0.0,0.0,1.0,1.0,19334,22705,17709
0.0,23.0,12.0,0.0,0.0,1.0,0.0,10653,14015,20965
0.0,52.0,12.0,0.0,0.0,1.0,0.0,0,0,2771
0.0,30.0,9.0,0.0,0.0,1.0,1.0,10954,10780,11684
0.0,36.0,2.0,0.0,0.0,1.0,1.0,5592,3933,4197
0.0,46.0,13.0,0.0,0.0,1.0,0.0,5984,7808,7635
0.0,34.0,8.0,0.0,0.0,1.0,1.0,16722,14072,18551
0.0,48.0,4.0,0.0,0.0,1.0,1.0,9408,8311,12205
0.0,17.0,10.0,0.0,0.0,0.0,1.0,0,0,17025
0.0,22.0,12.0,0.0,0.0,1.0,0.0,15010,19036,0
0.0,24.0,12.0,0.0,0.0,0.0,0.0,5016,5346,11888
0.0,52.0,3.0,0.0,0.0,1.0,1.0,10384,9131,0
0.0,54.0,0.0,0.0,0.0,1.0,1.0,0,0,0
0.0,46.0,10.0,1.0,0.0,1.0,1.0,17741,17137,21439
0.0,24.0,17.0,0.0,0.0,1.0,0.0,11873,10072,13186
0.0,24.0,12.0,0.0,0.0,1.0,0.0,16458,12966,16222
0.0,25.0,13.0,0.0,0.0,1.0,0.0,13309,15370,15696
0.0,54.0,10.0,0.0,0.0,1.0,1.0,16252,8289,10000
0.0,19.0,12.0,0.0,0.0,0.0,0.0,10026,6064,11039
0.0,28.0,16.0,0.0,0.0,1.0,0.0,12173,14838,6734
0.0,55.0,12.0,0.0,0.0,1.0,0.0,15749,16430,17861
0.0,41.0,13.0,0.0,0.0,1.0,0.0,25862,25244,25565
0.0,19.0,13.0,0.0,0.0,0.0,0.0,398,3527,25565
0.0,17.0,12.0,0.0,0.0,0.0,0.0,0,0,18823
0.0,16.0,9.0,0.0,0.0,0.0,1.0,0,0,4065
0.0,51.0,8.0,0.0,0.0,1.0,1.0,25862,25244,25565
0.0,24.0,11.0,0.0,0.0,1.0,1.0,2706,4066,9333
0.0,21.0,15.0,0.0,0.0,1.0,0.0,4116,5908,20393
0.0,24.0,11.0,1.0,0.0,0.0,1.0,0,0,0
0.0,32.0,10.0,0.0,1.0,0.0,1.0,2490,3416,13512
0.0,29.0,18.0,0.0,0.0,1.0,0.0,2232,11709,25565
0.0,40.0,5.0,0.0,1.0,1.0,1.0,18041,25244,25565
0.0,32.0,18.0,0.0,0.0,1.0,0.0,0,0,0
0.0,37.0,12.0,0.0,0.0,1.0,0.0,19722,19787,23852
0.0,40.0,15.0,0.0,0.0,1.0,0.0,24769,23801,25565
0.0,35.0,17.0,0.0,0.0,1.0,0.0,25862,25244,25565
0.0,41.0,0.0,1.0,0.0,0.0,1.0,10972,9832,7823
0.0,23.0,12.0,1.0,0.0,0.0,0.0,0,0,7062
0.0,20.0,7.0,0.0,0.0,1.0,1.0,7098,6454,10715
0.0,47.0,4.0,1.0,0.0,1.0,1.0,15645,15549,15770
0.0,37.0,12.0,1.0,0.0,0.0,0.0,4163,0,0
0.0,26.0,15.0,1.0,0.0,1.0,0.0,15439,14666,17547
0.0,32.0,12.0,1.0,0.0,1.0,0.0,813,0,21297
0.0,29.0,12.0,1.0,0.0,1.0,0.0,11417,4037,8126
0.0,19.0,12.0,1.0,0.0,0.0,0.0,245,804,5070
0.0,30.0,12.0,0.0,0.0,1.0,0.0,24089,25244,25565
0.0,28.0,12.0,0.0,0.0,1.0,0.0,19943,21770,25565
0.0,24.0,14.0,1.0,0.0,1.0,0.0,14034,20628,25565
0.0,20.0,15.0,1.0,0.0,0.0,0.0,0,0,581
0.0,20.0,14.0,0.0,0.0,0.0,0.0,1861,288,8312
0.0,36.0,14.0,0.0,0.0,1.0,0.0,9847,4709,8803
0.0,53.0,8.0,0.0,0.0,1.0,1.0,24746,23081,25565
0.0,29.0,16.0,0.0,0.0,1.0,0.0,14581,13166,25565
0.0,42.0,18.0,0.0,0.0,1.0,0.0,0,0,0
0.0,45.0,12.0,0.0,0.0,1.0,0.0,25862,25244,25565
0.0,16.0,10.0,0.0,0.0,0.0,1.0,1818,4658,25565
0.0,44.0,13.0,0.0,1.0,1.0,0.0,25030,25244,25565
0.0,47.0,12.0,0.0,0.0,1.0,0.0,17251,14201,14374
0.0,20.0,12.0,0.0,0.0,0.0,0.0,907,3636,13097
0.0,54.0,12.0,0.0,0.0,1.0,0.0,18646,18861,20478
0.0,40.0,9.0,0.0,0.0,1.0,1.0,15892,15653,0
0.0,55.0,7.0,0.0,0.0,1.0,1.0,10335,12471,8348
0.0,17.0,10.0,0.0,0.0,0.0,1.0,0,1504,7844
0.0,38.0,8.0,0.0,0.0,1.0,1.0,5363,18666,8899
0.0,29.0,12.0,0.0,0.0,1.0,0.0,18932,25179,7186
0.0,21.0,15.0,0.0,0.0,1.0,0.0,0,0,16437
0.0,27.0,11.0,0.0,0.0,1.0,1.0,22140,21305,25269
0.0,33.0,13.0,0.0,0.0,1.0,0.0,7134,14101,6608
0.0,48.0,11.0,0.0,0.0,1.0,1.0,25862,25244,25565
0.0,18.0,12.0,0.0,0.0,0.0,0.0,0,1665,13967
0.0,42.0,7.0,1.0,0.0,1.0,1.0,18887,16782,19249
0.0,19.0,8.0,1.0,0.0,0.0,1.0,5155,2413,5790
0.0,16.0,10.0,1.0,0.0,0.0,1.0,325,489,7832
0.0,26.0,18.0,0.0,0.0,1.0,0.0,24557,25244,25565
0.0,33.0,12.0,1.0,0.0,1.0,0.0,25114,7602,244
0.0,16.0,9.0,0.0,0.0,0.0,1.0,0,0,6050
0.0,29.0,12.0,0.0,0.0,1.0,0.0,21993,22513,25565
0.0,50.0,3.0,0.0,0.0,1.0,1.0,3137,2204,13976
0.0,38.0,14.0,0.0,0.0,1.0,0.0,25862,25244,25565
0.0,26.0,14.0,0.0,0.0,1.0,0.0,15517,15461,21034
0.0,29.0,12.0,0.0,0.0,1.0,0.0,20547,20154,23456
0.0,28.0,16.0,0.0,0.0,1.0,0.0,5092,23876,25565
0.0,30.0,16.0,0.0,0.0,1.0,0.0,25862,25244,25565
0.0,32.0,12.0,0.0,0.0,1.0,0.0,24103,24087,25565
0.0,36.0,12.0,1.0,0.0,1.0,0.0,23656,25244,25565
0.0,42.0,12.0,0.0,0.0,1.0,0.0,11865,17633,0
0.0,43.0,15.0,0.0,0.0,1.0,0.0,4401,6486,0
0.0,20.0,13.0,0.0,0.0,0.0,0.0,2051,3119,15856
0.0,18.0,11.0,0.0,0.0,0.0,1.0,0,1481,10805
0.0,25.0,12.0,0.0,0.0,1.0,0.0,13975,16426,0
0.0,44.0,0.0,0.0,1.0,1.0,1.0,11207,18841,10640
0.0,19.0,11.0,0.0,1.0,0.0,1.0,0,0,8708
0.0,16.0,9.0,0.0,1.0,0.0,1.0,0,0,4974
0.0,44.0,12.0,0.0,0.0,0.0,0.0,25862,25244,8232
0.0,25.0,12.0,0.0,0.0,1.0,0.0,19838,12489,23799
0.0,44.0,12.0,0.0,0.0,1.0,0.0,24687,25244,25565
0.0,30.0,9.0,0.0,0.0,1.0,1.0,10856,10425,9175
0.0,30.0,8.0,0.0,0.0,1.0,1.0,16726,25244,25565
0.0,41.0,12.0,0.0,0.0,1.0,0.0,19430,18605,25565
0.0,21.0,9.0,0.0,0.0,1.0,1.0,8615,11542,14666
0.0,49.0,7.0,1.0,0.0,0.0,1.0,3470,3720,4792
0.0,44.0,10.0,0.0,0.0,1.0,1.0,19753,19117,13802
0.0,19.0,12.0,0.0,0.0,0.0,0.0,5880,8595,13526
0.0,23.0,9.0,0.0,0.0,1.0,1.0,9455,11229,19376
0.0,19.0,12.0,0.0,1.0,0.0,0.0,1058,0,8924
0.0,38.0,12.0,0.0,0.0,1.0,0.0,25745,19570,16632
0.0,44.0,12.0,0.0,0.0,1.0,0.0,23290,17758,25565
0.0,16.0,10.0,0.0,0.0,0.0,1.0,1091,1430,11511
0.0,34.0,15.0,0.0,0.0,1.0,0.0,21783,22057,20823
0.0,46.0,4.0,1.0,0.0,0.0,1.0,9894,9591,9873
0.0,41.0,12.0,0.0,0.0,1.0,0.0,15147,8807,0
0.0,17.0,8.0,0.0,0.0,0.0,1.0,2463,7081,25565
0.0,43.0,12.0,0.0,0.0,1.0,0.0,18082,18080,19358
0.0,23.0,16.0,0.0,0.0,0.0,0.0,9414,15927,12649
0.0,37.0,17.0,0.0,0.0,1.0,0.0,20625,19991,23194
0.0,20.0,7.0,0.0,0.0,1.0,1.0,1881,4059,2861
0.0,24.0,16.0,1.0,0.0,0.0,0.0,7206,10117,22354
0.0,33.0,11.0,0.0,0.0,0.0,1.0,490,0,0
0.0,20.0,12.0,0.0,0.0,1.0,0.0,9873,9039,25361
0.0,34.0,12.0,0.0,0.0,1.0,0.0,135,0,0
0.0,23.0,13.0,0.0,0.0,1.0,0.0,16319,13166,24258
0.0,27.0,18.0,0.0,0.0,1.0,0.0,1861,20410,25565
0.0,46.0,9.0,0.0,0.0,1.0,1.0,16530,12547,12880
0.0,23.0,12.0,0.0,0.0,1.0,0.0,19530,18542,12946
0.0,48.0,7.0,0.0,0.0,1.0,1.0,22314,23000,22127
0.0,33.0,18.0,0.0,0.0,1.0,0.0,0,0,0
0.0,55.0,7.0,0.0,0.0,1.0,1.0,17584,12362,15383
0.0,45.0,12.0,0.0,0.0,1.0,0.0,21505,18913,12646
0.0,52.0,8.0,0.0,0.0,1.0,1.0,20135,20440,21495
0.0,19.0,12.0,0.0,0.0,0.0,0.0,10084,7351,17174
0.0,25.0,12.0,0.0,0.0,1.0,0.0,19773,22338,21140
0.0,41.0,8.0,0.0,0.0,1.0,1.0,17869,9995,11441
0.0,22.0,12.0,0.0,0.0,0.0,0.0,4359,0,668
0.0,19.0,8.0,0.0,0.0,0.0,1.0,8584,1479,10284
0.0,32.0,12.0,0.0,0.0,1.0,0.0,24021,25244,25565
0.0,30.0,11.0,0.0,0.0,1.0,1.0,16207,17545,18161
0.0,23.0,12.0,1.0,0.0,0.0,0.0,11297,12568,14251
0.0,16.0,8.0,0.0,0.0,0.0,1.0,0,1268,7377
0.0,20.0,11.0,0.0,0.0,1.0,1.0,1918,2161,9546
0.0,35.0,12.0,0.0,0.0,1.0,0.0,25862,25244,25565
0.0,48.0,12.0,0.0,0.0,1.0,0.0,22375,23487,24450
0.0,18.0,11.0,0.0,0.0,0.0,1.0,2259,0,4817
0.0,53.0,7.0,0.0,0.0,1.0,1.0,0,10405,2704
0.0,46.0,12.0,0.0,0.0,1.0,0.0,25862,13205,24796
0.0,19.0,12.0,0.0,0.0,0.0,0.0,3292,12303,19261
0.0,50.0,5.0,1.0,0.0,1.0,1.0,411,0,9166
0.0,29.0,12.0,0.0,0.0,1.0,0.0,496,2478,6907
0.0,27.0,9.0,0.0,0.0,1.0,1.0,4436,5656,2852
0.0,36.0,18.0,0.0,0.0,1.0,0.0,9261,6689,12744
0.0,50.0,18.0,0.0,0.0,1.0,0.0,23204,25244,25565
0.0,25.0,16.0,0.0,0.0,1.0,0.0,14506,16919,18885
0.0,32.0,9.0,0.0,0.0,1.0,1.0,18701,17252,24112
0.0,24.0,12.0,0.0,0.0,1.0,0.0,20396,19855,22656
0.0,29.0,12.0,0.0,0.0,1.0,0.0,18466,20578,22599
0.0,29.0,12.0,0.0,0.0,1.0,0.0,1109,7426,0
0.0,25.0,12.0,0.0,0.0,1.0,0.0,22046,20016,23023
0.0,34.0,18.0,0.0,0.0,1.0,0.0,20709,21251,20537
0.0,29.0,14.0,0.0,0.0,1.0,0.0,25862,25244,25565
0.0,32.0,12.0,0.0,0.0,1.0,0.0,11162,13128,0
0.0,50.0,12.0,1.0,0.0,1.0,0.0,8141,0,8082
0.0,41.0,9.0,1.0,0.0,1.0,1.0,15600,20358,12680
0.0,32.0,18.0,0.0,0.0,0.0,0.0,933,969,14966
0.0,23.0,12.0,0.0,0.0,0.0,0.0,1918,9374,0
0.0,23.0,16.0,0.0,0.0,0.0,0.0,9450,18807,335
0.0,21.0,12.0,0.0,0.0,0.0,0.0,7326,1767,14434
0.0,16.0,8.0,0.0,0.0,0.0,1.0,1644,2148,7770
0.0,35.0,13.0,0.0,0.0,1.0,0.0,11207,11637,13115
0.0,23.0,9.0,0.0,0.0,1.0,1.0,13917,14724,16493
0.0,26.0,13.0,0.0,0.0,1.0,0.0,2247,2838,0
0.0,47.0,12.0,0.0,0.0,1.0,0.0,16219,11583,20579
0.0,17.0,9.0,0.0,0.0,0.0,1.0,562,179,263
0.0,26.0,12.0,0.0,0.0,1.0,0.0,0,0,0
0.0,29.0,16.0,0.0,1.0,1.0,0.0,18041,20499,6378
0.0,26.0,12.0,0.0,0.0,0.0,0.0,16162,14527,11976
0.0,23.0,17.0,0.0,0.0,0.0,0.0,0,4877,16747
0.0,23.0,12.0,0.0,0.0,0.0,0.0,976,1579,3010
0.0,29.0,16.0,0.0,0.0,1.0,0.0,18597,18890,25565
0.0,29.0,16.0,0.0,0.0,1.0,0.0,8685,21471,25565
0.0,32.0,10.0,0.0,0.0,0.0,1.0,10167,14179,1132
0.0,25.0,11.0,1.0,0.0,1.0,1.0,11434,15898,19004
0.0,26.0,12.0,0.0,0.0,1.0,0.0,17706,20924,22197
0.0,26.0,16.0,0.0,0.0,1.0,0.0,25862,25244,25565
0.0,30.0,17.0,0.0,0.0,1.0,0.0,25862,25244,25565
0.0,34.0,11.0,0.0,0.0,1.0,1.0,23029,14770,19318
0.0,30.0,16.0,0.0,0.0,1.0,0.0,696,931,683
0.0,28.0,16.0,0.0,0.0,0.0,0.0,16180,16512,18355
0.0,48.0,9.0,0.0,0.0,1.0,1.0,8564,4794,0
0.0,28.0,10.0,0.0,0.0,1.0,1.0,5159,8814,11452
0.0,39.0,10.0,0.0,0.0,1.0,1.0,0,2886,18761
0.0,42.0,11.0,0.0,0.0,1.0,1.0,1132,1432,0
0.0,27.0,12.0,0.0,0.0,1.0,0.0,0,0,0
0.0,24.0,14.0,0.0,0.0,1.0,0.0,0,18743,22906
0.0,43.0,8.0,0.0,0.0,1.0,1.0,20423,20651,15017
0.0,16.0,8.0,0.0,0.0,0.0,1.0,310,2202,115
0.0,22.0,10.0,1.0,0.0,0.0,1.0,1599,9816,6908
0.0,45.0,4.0,1.0,0.0,1.0,1.0,9969,8894,9112
0.0,25.0,12.0,0.0,0.0,1.0,0.0,9551,8726,9901
0.0,29.0,16.0,0.0,0.0,1.0,0.0,18766,18632,19992
0.0,24.0,14.0,0.0,0.0,1.0,0.0,20521,13041,15985
0.0,34.0,7.0,0.0,1.0,1.0,1.0,6897,5405,8396
0.0,45.0,12.0,0.0,0.0,1.0,0.0,813,12382,9686
0.0,36.0,12.0,0.0,0.0,1.0,0.0,15770,7014,8596
0.0,41.0,12.0,0.0,0.0,1.0,0.0,17140,18447,21143
0.0,51.0,7.0,0.0,0.0,1.0,1.0,15704,15980,12271
0.0,19.0,12.0,0.0,0.0,0.0,0.0,4352,5643,8509
0.0,49.0,9.0,0.0,0.0,1.0,1.0,878,906,0
0.0,20.0,13.0,0.0,0.0,0.0,0.0,0,36,3536
0.0,23.0,16.0,0.0,0.0,1.0,0.0,4381,12692,14001
0.0,22.0,14.0,0.0,0.0,0.0,0.0,0,0,0
0.0,32.0,18.0,0.0,0.0,1.0,0.0,25862,25244,25565
0.0,31.0,14.0,0.0,0.0,1.0,0.0,25862,25244,25565
0.0,47.0,12.0,0.0,0.0,1.0,0.0,25862,25244,25565
0.0,26.0,9.0,1.0,0.0,1.0,1.0,8225,24952,16152
0.0,32.0,18.0,0.0,0.0,1.0,0.0,25862,23618,25565
0.0,17.0,10.0,0.0,0.0,0.0,1.0,0,1513,869
0.0,36.0,7.0,1.0,0.0,0.0,1.0,3258,770,3570
0.0,55.0,11.0,0.0,0.0,1.0,1.0,13903,13356,16125
0.0,50.0,8.0,1.0,0.0,1.0,1.0,9947,2780,3453
0.0,24.0,12.0,0.0,0.0,1.0,0.0,25862,25244,25565
0.0,38.0,8.0,0.0,0.0,0.0,1.0,7606,6861,7941
0.0,21.0,12.0,0.0,0.0,0.0,0.0,5717,899,3873
0.0,55.0,18.0,0.0,0.0,1.0,0.0,25862,25244,25565
0.0,22.0,16.0,1.0,0.0,0.0,0.0,2565,0,117
0.0,29.0,12.0,0.0,0.0,1.0,0.0,24871,21559,25565
0.0,48.0,8.0,0.0,0.0,1.0,1.0,25862,25244,25565
0.0,31.0,12.0,0.0,1.0,1.0,0.0,24601,21846,25565
0.0,54.0,10.0,1.0,0.0,0.0,1.0,16932,17409,10480
0.0,35.0,14.0,0.0,0.0,1.0,0.0,3413,13075,0
0.0,38.0,14.0,0.0,0.0,1.0,0.0,13558,11895,2803
0.0,49.0,12.0,0.0,0.0,1.0,0.0,11162,8651,11189
0.0,48.0,8.0,0.0,0.0,1.0,1.0,25862,25244,0
0.0,34.0,12.0,0.0,0.0,1.0,0.0,12594,11530,11811
0.0,16.0,9.0,0.0,0.0,0.0,1.0,0,134,142
0.0,50.0,12.0,0.0,0.0,1.0,0.0,0,0,0
0.0,34.0,12.0,0.0,0.0,1.0,0.0,8856,17207,20566
0.0,28.0,16.0,1.0,0.0,1.0,0.0,1379,0,0
0.0,25.0,14.0,0.0,0.0,1.0,0.0,9859,17491,25565
0.0,43.0,12.0,0.0,0.0,1.0,0.0,22596,25244,21578
0.0,39.0,12.0,0.0,0.0,0.0,0.0,25480,25244,22863
0.0,18.0,13.0,0.0,0.0,0.0,0.0,2251,2678,0
0.0,54.0,9.0,0.0,0.0,1.0,1.0,23666,20292,21959
0.0,55.0,8.0,0.0,0.0,1.0,1.0,3137,5077,7476
0.0,32.0,13.0,0.0,0.0,1.0,0.0,3358,9317,3947
0.0,33.0,8.0,0.0,0.0,1.0,1.0,6793,4768,10656
0.0,27.0,12.0,0.0,0.0,1.0,0.0,8137,10901,10334
0.0,51.0,8.0,0.0,0.0,1.0,1.0,6832,11895,6706
0.0,54.0,5.0,0.0,0.0,1.0,1.0,0,0,0
0.0,23.0,10.0,0.0,1.0,1.0,1.0,8848,9329,9088
0.0,16.0,8.0,0.0,1.0,0.0,1.0,1297,849,9531
0.0,36.0,3.0,0.0,1.0,0.0,1.0,10598,8683,10613
0.0,48.0,2.0,0.0,1.0,1.0,1.0,21546,24715,25565
0.0,29.0,16.0,0.0,0.0,1.0,0.0,25862,25244,25565
0.0,31.0,9.0,0.0,0.0,1.0,1.0,8685,9489,14621
0.0,18.0,12.0,0.0,0.0,1.0,0.0,0,2041,0
0.0,28.0,12.0,0.0,0.0,0.0,0.0,16905,3804,21198
0.0,42.0,13.0,0.0,0.0,1.0,0.0,2104,6562,199
0.0,53.0,8.0,0.0,0.0,1.0,1.0,8072,16908,17672
0.0,53.0,12.0,0.0,0.0,1.0,0.0,25862,25244,25565
0.0,37.0,12.0,0.0,0.0,0.0,0.0,25566,25244,25565
0.0,50.0,8.0,0.0,0.0,1.0,1.0,13156,13854,15278
0.0,30.0,12.0,0.0,0.0,1.0,0.0,8981,19792,21764
0.0,55.0,6.0,0.0,0.0,1.0,1.0,9340,9908,9091
0.0,52.0,12.0,0.0,0.0,1.0,0.0,14571,13832,15141
0.0,32.0,10.0,0.0,0.0,1.0,1.0,16807,15669,19305
0.0,17.0,11.0,0.0,0.0,0.0,1.0,1640,4940,2689
0.0,29.0,12.0,0.0,0.0,1.0,0.0,13031,5281,25565
0.0,26.0,12.0,0.0,1.0,1.0,0.0,16050,17348,21324
0.0,32.0,5.0,0.0,1.0,0.0,1.0,12624,11719,5428
0.0,29.0,12.0,0.0,0.0,1.0,0.0,25600,25244,25565
0.0,51.0,10.0,0.0,0.0,1.0,1.0,7095,14081,22676
0.0,28.0,9.0,1.0,0.0,1.0,1.0,2165,7654,5098
0.0,22.0,12.0,1.0,0.0,0.0,0.0,9788,4528,7898
0.0,53.0,17.0,0.0,0.0,1.0,0.0,0,52,588
0.0,47.0,5.0,0.0,0.0,1.0,1.0,20966,25244,25565
0.0,31.0,12.0,0.0,0.0,1.0,0.0,20929,20129,15148
0.0,22.0,10.0,1.0,0.0,0.0,1.0,13829,14290,10956
0.0,17.0,8.0,1.0,0.0,0.0,1.0,0,0,1957
0.0,31.0,9.0,1.0,0.0,0.0,1.0,15308,14704,16036
0.0,34.0,12.0,1.0,0.0,1.0,0.0,8527,8230,7426
0.0,36.0,7.0,0.0,0.0,1.0,1.0,10539,11456,11603
0.0,36.0,12.0,0.0,0.0,1.0,0.0,19030,17155,13119
0.0,42.0,9.0,1.0,0.0,1.0,1.0,25862,25244,25565
0.0,19.0,12.0,1.0,0.0,0.0,0.0,1681,0,0
0.0,18.0,11.0,1.0,0.0,0.0,1.0,1191,1479,3684
0.0,41.0,4.0,1.0,0.0,1.0,1.0,8017,12001,0
0.0,33.0,16.0,0.0,0.0,1.0,0.0,25862,25244,25565
0.0,33.0,12.0,0.0,0.0,1.0,0.0,21648,20191,20366
0.0,40.0,11.0,0.0,0.0,1.0,1.0,23605,22214,21148
0.0,41.0,5.0,0.0,0.0,1.0,1.0,12976,11909,16732
0.0,45.0,12.0,0.0,0.0,1.0,0.0,14009,15297,18203
0.0,33.0,7.0,0.0,0.0,1.0,1.0,17012,14271,14341
0.0,46.0,12.0,0.0,0.0,1.0,0.0,0,0,0
0.0,35.0,12.0,0.0,0.0,1.0,0.0,0,548,616
0.0,27.0,11.0,0.0,0.0,1.0,1.0,974,6476,10578
0.0,36.0,12.0,0.0,0.0,1.0,0.0,88,657,952
0.0,40.0,9.0,0.0,0.0,1.0,1.0,3922,0,13597
0.0,53.0,7.0,0.0,0.0,1.0,1.0,0,2732,4498
0.0,36.0,4.0,1.0,0.0,1.0,1.0,4749,2643,4433
0.0,50.0,12.0,0.0,1.0,1.0,0.0,25862,25244,0
0.0,51.0,12.0,0.0,0.0,1.0,0.0,15218,0,0
0.0,41.0,12.0,0.0,0.0,1.0,0.0,16705,6884,20412
0.0,17.0,11.0,0.0,0.0,0.0,1.0,907,304,0
0.0,24.0,12.0,0.0,0.0,0.0,0.0,5819,0,0
0.0,50.0,14.0,0.0,0.0,1.0,0.0,0,0,0
0.0,51.0,17.0,0.0,0.0,0.0,0.0,0,0,0
0.0,54.0,12.0,0.0,0.0,1.0,0.0,25862,25244,0
0.0,40.0,14.0,0.0,0.0,0.0,0.0,4271,4948,4219
0.0,39.0,12.0,0.0,0.0,1.0,0.0,11405,22150,11797
0.0,24.0,10.0,0.0,0.0,1.0,1.0,11272,11159,7783
0.0,48.0,15.0,0.0,0.0,1.0,0.0,20882,25244,16757
0.0,37.0,10.0,0.0,0.0,1.0,1.0,25862,25244,25565
0.0,49.0,16.0,0.0,0.0,1.0,0.0,25862,25244,25565
0.0,53.0,13.0,0.0,0.0,1.0,0.0,25862,25244,25565
0.0,52.0,11.0,0.0,0.0,1.0,1.0,21387,17456,25565
0.0,22.0,12.0,0.0,0.0,0.0,0.0,25474,25167,25565
0.0,22.0,12.0,0.0,0.0,0.0,0.0,4179,7804,17533
0.0,44.0,14.0,0.0,0.0,1.0,0.0,25862,23740,25565
0.0,44.0,12.0,0.0,1.0,1.0,0.0,25862,14468,0
0.0,32.0,12.0,0.0,1.0,0.0,0.0,6844,25244,25565
0.0,31.0,10.0,0.0,0.0,1.0,1.0,11916,11918,1346
0.0,31.0,18.0,0.0,0.0,1.0,0.0,8321,1534,25565
0.0,18.0,12.0,0.0,0.0,0.0,0.0,0,0,0
0.0,34.0,18.0,0.0,0.0,1.0,0.0,25862,25244,25565
0.0,23.0,8.0,0.0,1.0,1.0,1.0,23588,20478,20347
0.0,26.0,13.0,0.0,1.0,1.0,0.0,25862,25244,25565
0.0,21.0,12.0,0.0,1.0,0.0,0.0,17722,18761,6781
0.0,35.0,4.0,0.0,1.0,1.0,1.0,10502,6903,15713
0.0,54.0,6.0,0.0,1.0,1.0,1.0,1383,5085,2036
0.0,46.0,10.0,1.0,0.0,1.0,1.0,25862,25244,25565
0.0,21.0,13.0,1.0,0.0,0.0,0.0,0,0,17941
0.0,41.0,6.0,0.0,1.0,1.0,1.0,3086,9666,1331
0.0,32.0,15.0,0.0,0.0,1.0,0.0,25862,25244,25565
0.0,52.0,5.0,0.0,0.0,1.0,1.0,0,0,0
0.0,30.0,16.0,1.0,0.0,0.0,0.0,21315,19552,18816
0.0,34.0,15.0,0.0,0.0,0.0,0.0,0,0,0
0.0,38.0,9.0,0.0,0.0,1.0,1.0,8652,9188,7431
0.0,22.0,12.0,0.0,0.0,0.0,0.0,10504,15309,15787
0.0,35.0,17.0,0.0,0.0,0.0,0.0,22624,22843,23828
0.0,25.0,12.0,0.0,0.0,1.0,0.0,25862,13508,25565
0.0,34.0,18.0,1.0,0.0,1.0,0.0,588,0,0
0.0,27.0,16.0,0.0,0.0,1.0,0.0,25862,25244,25565
0.0,30.0,17.0,0.0,0.0,0.0,0.0,0,0,0
0.0,27.0,17.0,0.0,0.0,0.0,0.0,0,2648,17925
0.0,33.0,3.0,0.0,1.0,1.0,1.0,16605,14013,17895
0.0,29.0,16.0,0.0,0.0,1.0,0.0,25862,25244,25565
0.0,22.0,11.0,0.0,1.0,0.0,1.0,20126,19233,23446
0.0,19.0,11.0,0.0,1.0,0.0,1.0,3887,0,13991
0.0,40.0,11.0,0.0,0.0,1.0,1.0,25862,25244,25565
0.0,18.0,10.0,0.0,0.0,0.0,1.0,1244,3446,7089
0.0,28.0,16.0,0.0,0.0,1.0,0.0,25486,25244,25565
0.0,51.0,12.0,0.0,0.0,1.0,0.0,22445,23258,23848
0.0,41.0,12.0,0.0,0.0,1.0,0.0,25862,25244,15141
0.0,52.0,12.0,0.0,1.0,1.0,0.0,25862,25244,25565
0.0,18.0,11.0,0.0,0.0,0.0,1.0,8249,8397,2060
0.0,35.0,11.0,1.0,0.0,0.0,1.0,0,0,13883
0.0,31.0,12.0,0.0,0.0,1.0,0.0,18497,18179,25565
0.0,38.0,12.0,0.0,0.0,1.0,0.0,21391,20533,9186
0.0,42.0,16.0,0.0,0.0,1.0,0.0,25862,25244,25565
0.0,33.0,13.0,0.0,0.0,1.0,0.0,25862,25244,25565
0.0,21.0,12.0,0.0,0.0,0.0,0.0,5584,5756,8191
0.0,26.0,13.0,0.0,0.0,1.0,0.0,12022,11472,55
0.0,23.0,10.0,0.0,0.0,1.0,1.0,15811,3146,6399
0.0,30.0,12.0,0.0,0.0,1.0,0.0,11630,1450,9153
0.0,27.0,13.0,0.0,0.0,0.0,0.0,4839,0,7043
0.0,17.0,11.0,0.0,0.0,0.0,1.0,2931,9913,25565
0.0,22.0,12.0,0.0,0.0,0.0,0.0,11906,14810,0
0.0,55.0,14.0,0.0,0.0,1.0,0.0,0,0,0
0.0,19.0,13.0,0.0,0.0,0.0,0.0,188,1166,7878
0.0,51.0,12.0,0.0,0.0,1.0,0.0,21393,25244,25565
0.0,22.0,12.0,0.0,0.0,1.0,0.0,7496,5987,10619
0.0,49.0,5.0,0.0,0.0,1.0,1.0,15929,15101,6100
0.0,36.0,11.0,0.0,1.0,1.0,1.0,25862,25244,25565
0.0,24.0,12.0,0.0,0.0,1.0,0.0,0,0,0
0.0,39.0,6.0,0.0,1.0,1.0,1.0,0,6588,11526
0.0,47.0,12.0,0.0,0.0,1.0,0.0,25862,25244,25565
0.0,28.0,18.0,0.0,0.0,1.0,0.0,22551,22982,0
0.0,49.0,10.0,0.0,0.0,1.0,1.0,22775,23129,25565
0.0,19.0,12.0,0.0,0.0,0.0,0.0,1148,2741,14346
0.0,50.0,9.0,0.0,0.0,1.0,1.0,0,0,1699
0.0,37.0,12.0,0.0,0.0,1.0,0.0,25778,25244,25565
0.0,41.0,12.0,0.0,0.0,1.0,0.0,19787,8094,25144
0.0,28.0,13.0,0.0,0.0,1.0,0.0,12488,20343,13947
0.0,37.0,14.0,0.0,0.0,0.0,0.0,25862,25244,25565
0.0,19.0,12.0,0.0,0.0,0.0,0.0,1127,1167,8566
0.0,39.0,16.0,0.0,0.0,0.0,0.0,25862,25244,22903
0.0,38.0,15.0,0.0,0.0,1.0,0.0,0,0,0
0.0,44.0,14.0,0.0,1.0,1.0,0.0,0,3608,0
0.0,23.0,11.0,0.0,0.0,1.0,1.0,17345,21761,23422
0.0,36.0,12.0,0.0,0.0,1.0,0.0,25862,25244,25565
0.0,36.0,10.0,0.0,0.0,1.0,1.0,25862,25244,25565
0.0,21.0,15.0,0.0,0.0,0.0,0.0,4510,5776,16543
0.0,35.0,18.0,0.0,1.0,1.0,0.0,17841,24640,93
0.0,17.0,11.0,0.0,1.0,0.0,1.0,0,115,2307
0.0,22.0,12.0,0.0,1.0,0.0,0.0,182,7063,10805
0.0,30.0,14.0,0.0,0.0,1.0,0.0,22451,20872,22677
0.0,28.0,16.0,0.0,1.0,1.0,0.0,12602,21987,0
0.0,50.0,12.0,0.0,0.0,1.0,0.0,0,0,0
0.0,27.0,10.0,0.0,1.0,1.0,1.0,33,8875,19859
0.0,20.0,14.0,0.0,0.0,0.0,0.0,3529,3208,9089
0.0,20.0,14.0,0.0,0.0,0.0,0.0,4978,5221,25565
0.0,45.0,12.0,0.0,0.0,0.0,0.0,17908,20932,0
0.0,22.0,13.0,1.0,0.0,1.0,0.0,9193,14237,25565
0.0,49.0,12.0,0.0,0.0,0.0,0.0,0,0,0
0.0,26.0,13.0,0.0,0.0,0.0,0.0,0,3223,0
0.0,28.0,13.0,0.0,0.0,1.0,0.0,16983,18354,25565
0.0,48.0,17.0,0.0,0.0,1.0,0.0,25862,25244,25565
0.0,18.0,12.0,0.0,0.0,0.0,0.0,474,1919,262
0.0,46.0,13.0,0.0,0.0,1.0,0.0,25862,25244,25565
0.0,19.0,12.0,0.0,0.0,0.0,0.0,476,5736,25565
0.0,25.0,12.0,0.0,0.0,0.0,0.0,5866,6103,13805
0.0,25.0,12.0,0.0,0.0,0.0,0.0,0,0,0
0.0,46.0,8.0,0.0,0.0,1.0,1.0,16558,5425,22692
0.0,48.0,18.0,0.0,0.0,1.0,0.0,25862,25244,25565
0.0,23.0,12.0,0.0,0.0,0.0,0.0,8609,8225,8968
0.0,29.0,14.0,0.0,0.0,1.0,0.0,25862,25244,25565
0.0,23.0,13.0,0.0,0.0,0.0,0.0,0,5119,9787
0.0,28.0,13.0,0.0,0.0,0.0,0.0,11379,23029,10715
0.0,46.0,14.0,0.0,0.0,1.0,0.0,25862,25244,25565
0.0,39.0,10.0,0.0,0.0,1.0,1.0,0,0,0
0.0,53.0,5.0,0.0,1.0,1.0,1.0,25743,19135,21965
0.0,27.0,12.0,0.0,0.0,0.0,0.0,5078,9866,25565
0.0,25.0,12.0,0.0,1.0,0.0,0.0,25862,25244,25565
0.0,24.0,14.0,0.0,0.0,1.0,0.0,17584,17493,17841
0.0,29.0,12.0,0.0,0.0,1.0,0.0,25862,25244,25565
0.0,29.0,16.0,0.0,0.0,1.0,0.0,11042,20334,0
0.0,29.0,13.0,0.0,0.0,1.0,0.0,22965,25244,25565
0.0,32.0,15.0,0.0,0.0,1.0,0.0,25862,25244,25565
0.0,24.0,15.0,0.0,0.0,0.0,0.0,16577,25244,25565
0.0,47.0,13.0,0.0,0.0,1.0,0.0,0,0,0
0.0,25.0,16.0,0.0,0.0,1.0,0.0,25862,25244,25565
0.0,27.0,12.0,0.0,0.0,1.0,0.0,25862,25244,25565
0.0,29.0,9.0,0.0,0.0,0.0,1.0,8190,1353,2463
0.0,28.0,7.0,0.0,0.0,1.0,1.0,5558,0,20654
0.0,23.0,12.0,0.0,0.0,0.0,0.0,2424,7527,13681
0.0,41.0,12.0,0.0,0.0,0.0,0.0,8593,10767,16172
0.0,41.0,14.0,0.0,0.0,1.0,0.0,21284,20916,25565
0.0,28.0,16.0,0.0,0.0,1.0,0.0,19199,6481,23175
0.0,28.0,8.0,0.0,0.0,1.0,1.0,11883,9757,11201
0.0,39.0,6.0,0.0,1.0,1.0,1.0,13280,8441,25049
0.0,19.0,12.0,0.0,1.0,0.0,0.0,5641,11252,12899
0.0,32.0,14.0,0.0,0.0,1.0,0.0,23595,25244,24810
0.0,21.0,12.0,0.0,0.0,1.0,0.0,13682,5525,17879
0.0,24.0,14.0,0.0,1.0,1.0,0.0,14548,8746,22274
0.0,44.0,15.0,0.0,0.0,0.0,0.0,10715,17330,25565
0.0,31.0,15.0,0.0,0.0,1.0,0.0,25862,25244,25565
0.0,36.0,16.0,0.0,0.0,1.0,0.0,25862,25244,25565
0.0,24.0,15.0,0.0,0.0,0.0,0.0,0,4295,25565
0.0,18.0,12.0,0.0,0.0,0.0,0.0,3417,2766,15117
0.0,49.0,12.0,0.0,0.0,1.0,0.0,6227,16120,0
0.0,51.0,12.0,0.0,0.0,1.0,0.0,25862,25244,25565
0.0,18.0,11.0,0.0,0.0,0.0,1.0,0,0,4823
0.0,16.0,8.0,0.0,0.0,0.0,1.0,0,0,2676
0.0,22.0,16.0,0.0,0.0,0.0,0.0,1589,1611,0
0.0,41.0,12.0,0.0,0.0,1.0,0.0,18070,13574,14403
0.0,29.0,16.0,0.0,1.0,1.0,0.0,313,0,0
0.0,27.0,12.0,0.0,1.0,1.0,0.0,17604,5222,25565
0.0,32.0,16.0,0.0,0.0,0.0,0.0,0,16818,25551
0.0,51.0,12.0,0.0,0.0,1.0,0.0,25862,25244,25565
0.0,46.0,14.0,0.0,1.0,1.0,0.0,0,0,0
0.0,38.0,12.0,0.0,0.0,1.0,0.0,25749,25244,25565
0.0,38.0,12.0,0.0,1.0,1.0,0.0,131,0,25565
0.0,17.0,11.0,0.0,0.0,0.0,1.0,758,1774,25565
0.0,24.0,12.0,0.0,1.0,1.0,0.0,10157,4766,777
0.0,55.0,12.0,0.0,1.0,1.0,0.0,0,0,0
0.0,33.0,12.0,0.0,0.0,1.0,0.0,25862,25244,25565
0.0,28.0,13.0,0.0,0.0,0.0,0.0,12234,15785,7120
0.0,31.0,12.0,0.0,0.0,0.0,0.0,17218,723,396
0.0,32.0,12.0,0.0,0.0,0.0,0.0,0,0,0
0.0,29.0,12.0,0.0,0.0,1.0,0.0,15464,17474,20353
0.0,29.0,16.0,0.0,0.0,1.0,0.0,23623,23142,22503
0.0,20.0,12.0,0.0,0.0,0.0,0.0,5811,14337,25565
0.0,32.0,9.0,0.0,1.0,0.0,1.0,1058,11288,0
0.0,38.0,15.0,0.0,0.0,1.0,0.0,21991,22739,8166
0.0,30.0,9.0,0.0,0.0,0.0,1.0,22618,14285,14689
0.0,38.0,12.0,0.0,0.0,1.0,0.0,24,0,0
0.0,27.0,12.0,0.0,0.0,0.0,0.0,10986,5460,21133
0.0,55.0,12.0,0.0,0.0,1.0,0.0,16056,15596,16236
0.0,20.0,12.0,0.0,0.0,0.0,0.0,0,0,5729
0.0,24.0,13.0,0.0,0.0,1.0,0.0,9704,7593,15006
0.0,28.0,12.0,0.0,0.0,1.0,0.0,25862,25244,25565
0.0,54.0,8.0,0.0,1.0,1.0,1.0,12320,17699,20292
0.0,40.0,3.0,0.0,1.0,1.0,1.0,7576,7426,12104
0.0,47.0,8.0,0.0,1.0,1.0,1.0,15129,15420,0
0.0,29.0,15.0,0.0,0.0,1.0,0.0,21327,22259,20780
0.0,28.0,16.0,0.0,0.0,1.0,0.0,2306,9573,24382
0.0,25.0,14.0,0.0,0.0,0.0,0.0,7089,16484,6501
0.0,26.0,12.0,0.0,0.0,0.0,0.0,6197,6048,0
0.0,24.0,15.0,0.0,0.0,0.0,0.0,12747,3744,0
0.0,19.0,13.0,0.0,0.0,0.0,0.0,688,2875,799
0.0,38.0,12.0,0.0,0.0,1.0,0.0,18593,19502,6713
0.0,33.0,14.0,0.0,0.0,1.0,0.0,25862,25244,25565
0.0,43.0,12.0,0.0,0.0,0.0,0.0,20519,13649,15549
0.0,22.0,12.0,0.0,0.0,1.0,0.0,21305,19776,19666
0.0,27.0,6.0,0.0,1.0,1.0,1.0,18076,13324,16722
0.0,26.0,11.0,0.0,0.0,0.0,1.0,0,0,0
0.0,27.0,9.0,1.0,0.0,0.0,1.0,19859,20268,15741
0.0,48.0,11.0,0.0,1.0,1.0,1.0,14706,14691,15221
0.0,17.0,11.0,0.0,1.0,0.0,1.0,670,684,1563
0.0,29.0,12.0,1.0,0.0,0.0,0.0,16783,17316,25565
0.0,26.0,16.0,1.0,0.0,0.0,0.0,2165,0,22651
0.0,39.0,12.0,0.0,1.0,1.0,0.0,25862,25244,6428
0.0,23.0,13.0,0.0,1.0,0.0,0.0,8474,0,12437
0.0,45.0,12.0,0.0,0.0,1.0,0.0,12100,10746,12422
0.0,33.0,18.0,0.0,0.0,1.0,0.0,0,0,0
0.0,21.0,15.0,0.0,0.0,0.0,0.0,3568,8157,1569
0.0,22.0,14.0,0.0,0.0,0.0,0.0,1944,4886,15893
0.0,18.0,11.0,0.0,0.0,0.0,1.0,6544,13230,25565
0.0,49.0,18.0,0.0,0.0,1.0,0.0,0,0,0
0.0,26.0,12.0,0.0,1.0,1.0,0.0,14334,12009,25565
0.0,44.0,14.0,0.0,0.0,1.0,0.0,16908,1316,24276
0.0,17.0,9.0,0.0,0.0,0.0,1.0,0,1080,7248
0.0,45.0,8.0,0.0,0.0,0.0,1.0,23382,25244,25565
0.0,48.0,11.0,0.0,0.0,0.0,1.0,25862,25244,23661
0.0,22.0,16.0,0.0,1.0,0.0,0.0,17651,20383,18715
0.0,21.0,14.0,0.0,1.0,0.0,0.0,6170,9029,25565
0.0,35.0,12.0,0.0,1.0,1.0,0.0,10774,21169,15624
0.0,23.0,12.0,0.0,0.0,1.0,0.0,3838,0,5151
0.0,55.0,16.0,0.0,0.0,1.0,0.0,0,0,0
0.0,44.0,16.0,0.0,0.0,1.0,0.0,21791,20653,3383
0.0,44.0,18.0,0.0,1.0,0.0,0.0,0,0,0
0.0,45.0,18.0,0.0,0.0,1.0,0.0,0,2061,25565
0.0,25.0,14.0,0.0,0.0,1.0,0.0,10033,9127,16896
0.0,54.0,11.0,0.0,1.0,1.0,1.0,17582,24996,25565
0.0,51.0,12.0,0.0,0.0,1.0,0.0,21307,23811,6221
0.0,51.0,16.0,0.0,0.0,1.0,0.0,1462,5192,0
0.0,31.0,12.0,0.0,0.0,1.0,0.0,23317,22819,25565
0.0,52.0,12.0,0.0,1.0,1.0,0.0,0,0,0
0.0,48.0,6.0,0.0,1.0,1.0,1.0,21554,19980,2814
0.0,46.0,10.0,0.0,0.0,1.0,1.0,4442,6567,7965
0.0,53.0,13.0,0.0,0.0,1.0,0.0,25862,25244,25565
0.0,17.0,10.0,0.0,0.0,0.0,1.0,4608,952,8628
0.0,19.0,13.0,0.0,0.0,0.0,0.0,18,0,14987
0.0,46.0,8.0,0.0,0.0,1.0,1.0,20459,12697,0
0.0,39.0,13.0,0.0,0.0,1.0,0.0,25862,25244,25565
0.0,50.0,14.0,0.0,0.0,1.0,0.0,16111,4732,0
0.0,20.0,12.0,0.0,0.0,0.0,0.0,5848,2897,16892
0.0,37.0,18.0,0.0,0.0,1.0,0.0,25764,25244,22413
0.0,32.0,12.0,0.0,0.0,1.0,0.0,24091,23562,25565
0.0,29.0,16.0,0.0,0.0,1.0,0.0,23427,17966,25565
0.0,23.0,12.0,0.0,1.0,1.0,0.0,17081,13843,25565
0.0,35.0,13.0,0.0,0.0,1.0,0.0,9203,2268,19026
0.0,17.0,11.0,0.0,1.0,0.0,1.0,1509,3230,8188
0.0,18.0,12.0,0.0,1.0,0.0,0.0,3531,8968,16268
0.0,26.0,8.0,0.0,1.0,1.0,1.0,15004,15778,19901
0.0,34.0,16.0,0.0,0.0,0.0,0.0,0,0,10659
0.0,34.0,12.0,0.0,1.0,1.0,0.0,16895,20789,25565
0.0,23.0,13.0,0.0,0.0,1.0,0.0,17091,18951,23420
0.0,44.0,12.0,0.0,1.0,1.0,0.0,14240,13433,5171
0.0,18.0,12.0,0.0,1.0,0.0,0.0,5039,2702,0
0.0,17.0,11.0,0.0,1.0,0.0,1.0,1174,7602,7115
0.0,21.0,12.0,0.0,0.0,1.0,0.0,8917,9478,7489
0.0,29.0,18.0,0.0,0.0,0.0,0.0,1632,15746,25565
0.0,30.0,18.0,0.0,0.0,0.0,0.0,25862,25244,25565
0.0,38.0,10.0,0.0,0.0,0.0,1.0,18253,18768,0
0.0,49.0,10.0,0.0,0.0,1.0,1.0,6605,7867,8667
0.0,51.0,4.0,0.0,0.0,1.0,1.0,14375,16419,0
0.0,16.0,9.0,0.0,0.0,0.0,1.0,0,2324,2626
0.0,39.0,12.0,0.0,0.0,1.0,0.0,25862,25244,5527
0.0,40.0,15.0,0.0,0.0,1.0,0.0,15302,14851,20817
0.0,18.0,11.0,0.0,0.0,0.0,1.0,0,0,4000
0.0,39.0,12.0,0.0,0.0,0.0,0.0,11552,12865,3932
0.0,28.0,13.0,0.0,0.0,0.0,0.0,2373,1567,0
0.0,28.0,12.0,0.0,0.0,1.0,0.0,21131,19935,25565
0.0,27.0,10.0,0.0,0.0,1.0,1.0,23333,20992,25565
0.0,37.0,14.0,0.0,0.0,1.0,0.0,23317,23400,25565
0.0,28.0,12.0,0.0,0.0,0.0,0.0,22908,25244,25565
0.0,43.0,12.0,0.0,0.0,1.0,0.0,21427,25244,25565
0.0,29.0,16.0,0.0,0.0,1.0,0.0,10380,11061,21078
0.0,25.0,12.0,0.0,0.0,1.0,0.0,49,4003,854
0.0,26.0,12.0,0.0,0.0,1.0,0.0,22136,20005,25565
0.0,26.0,16.0,0.0,0.0,0.0,0.0,14430,16861,2583
0.0,33.0,16.0,0.0,1.0,1.0,0.0,18180,18426,19572
0.0,26.0,13.0,0.0,1.0,1.0,0.0,10741,10928,11350
0.0,17.0,11.0,0.0,0.0,0.0,1.0,0,2277,2319
0.0,35.0,16.0,0.0,1.0,1.0,0.0,19667,2225,2265
0.0,29.0,16.0,0.0,0.0,1.0,0.0,650,476,681
0.0,28.0,12.0,0.0,0.0,1.0,0.0,15751,14183,19608
0.0,23.0,16.0,0.0,0.0,1.0,0.0,17169,20752,25556
0.0,44.0,11.0,0.0,0.0,1.0,1.0,20706,9628,25565
0.0,31.0,16.0,0.0,0.0,1.0,0.0,25862,25244,25565
0.0,42.0,18.0,0.0,0.0,1.0,0.0,1174,0,0
0.0,26.0,18.0,0.0,0.0,0.0,0.0,16452,2023,1939
0.0,42.0,4.0,0.0,1.0,1.0,1.0,16611,17137,15735
0.0,45.0,2.0,0.0,1.0,1.0,1.0,15698,13299,23756
0.0,21.0,9.0,0.0,1.0,0.0,1.0,3391,19636,0
0.0,45.0,2.0,0.0,1.0,1.0,1.0,20527,20342,19125
0.0,38.0,12.0,0.0,0.0,1.0,0.0,20610,18793,15849
0.0,18.0,12.0,0.0,0.0,0.0,0.0,5631,7496,17959
0.0,17.0,11.0,0.0,0.0,0.0,1.0,2962,2206,11021
0.0,31.0,12.0,0.0,0.0,0.0,0.0,22055,22256,12265
0.0,30.0,14.0,0.0,0.0,1.0,0.0,0,0,0
0.0,38.0,6.0,0.0,1.0,1.0,1.0,18280,9100,14938
0.0,21.0,13.0,0.0,1.0,0.0,0.0,0,310,10356
0.0,39.0,10.0,0.0,0.0,1.0,1.0,1942,12772,0
0.0,25.0,12.0,0.0,0.0,0.0,0.0,24354,25244,25565
0.0,28.0,12.0,0.0,0.0,0.0,0.0,8256,5280,21603
0.0,40.0,8.0,0.0,0.0,1.0,1.0,21532,20714,21752
0.0,38.0,9.0,0.0,0.0,1.0,1.0,11044,10828,9800
0.0,41.0,12.0,0.0,0.0,1.0,0.0,0,0,0
0.0,27.0,12.0,0.0,0.0,0.0,0.0,11424,0,10888
0.0,52.0,12.0,0.0,1.0,1.0,0.0,25862,25244,21987
0.0,45.0,16.0,0.0,0.0,1.0,0.0,25159,25244,0
0.0,50.0,8.0,0.0,1.0,1.0,1.0,22596,23357,14661
0.0,17.0,11.0,0.0,1.0,0.0,1.0,2602,1703,23874
0.0,17.0,10.0,0.0,0.0,0.0,1.0,0,0,2311
0.0,54.0,11.0,0.0,0.0,1.0,1.0,7102,2866,19859
0.0,18.0,11.0,0.0,0.0,0.0,1.0,1677,584,0
0.0,43.0,8.0,0.0,0.0,1.0,1.0,14785,14251,7816
0.0,34.0,14.0,0.0,0.0,1.0,0.0,600,695,615
0.0,28.0,12.0,0.0,0.0,1.0,0.0,25862,25244,25565
0.0,55.0,12.0,0.0,0.0,1.0,0.0,25862,25244,25565
0.0,25.0,12.0,0.0,0.0,1.0,0.0,25862,10081,19500
0.0,28.0,12.0,0.0,0.0,1.0,0.0,25862,25244,25565
0.0,50.0,15.0,0.0,0.0,1.0,0.0,23090,23192,9620
0.0,22.0,12.0,0.0,0.0,0.0,0.0,6146,11560,6904
0.0,35.0,11.0,0.0,0.0,1.0,1.0,23568,20157,14545
0.0,42.0,13.0,0.0,0.0,1.0,0.0,10296,13925,13240
0.0,45.0,12.0,0.0,0.0,1.0,0.0,25862,25244,23493
0.0,34.0,14.0,0.0,0.0,1.0,0.0,25862,25244,25565
0.0,37.0,12.0,0.0,0.0,1.0,0.0,22236,21863,21505
0.0,36.0,12.0,0.0,0.0,1.0,0.0,25862,25244,25565
0.0,30.0,8.0,0.0,0.0,1.0,1.0,0,0,24044
0.0,54.0,5.0,0.0,1.0,1.0,1.0,11959,7054,2682
0.0,18.0,12.0,0.0,1.0,0.0,0.0,488,3326,4933
0.0,37.0,15.0,0.0,0.0,1.0,0.0,15811,0,0
0.0,17.0,11.0,0.0,1.0,0.0,1.0,803,249,5174
0.0,22.0,15.0,0.0,0.0,0.0,0.0,2911,1337,17023
0.0,22.0,14.0,0.0,0.0,0.0,0.0,353,6078,2787
0.0,52.0,12.0,0.0,0.0,1.0,0.0,0,0,0
0.0,46.0,8.0,0.0,0.0,1.0,1.0,22778,25244,25565
0.0,29.0,12.0,0.0,0.0,1.0,0.0,14777,14240,14335
0.0,29.0,13.0,0.0,0.0,1.0,0.0,21822,23024,25565
0.0,35.0,13.0,0.0,0.0,1.0,0.0,16509,15538,23669
0.0,41.0,11.0,0.0,0.0,1.0,1.0,4587,1289,13895
0.0,33.0,18.0,0.0,0.0,1.0,0.0,25862,20564,25565
0.0,45.0,12.0,0.0,0.0,1.0,0.0,21619,20999,16100
0.0,19.0,12.0,0.0,0.0,0.0,0.0,7904,8735,0
0.0,40.0,12.0,0.0,0.0,1.0,0.0,25862,25244,25565
0.0,50.0,9.0,0.0,0.0,1.0,1.0,7866,9849,0
0.0,37.0,12.0,0.0,0.0,1.0,0.0,25862,25072,25565
0.0,27.0,16.0,0.0,0.0,1.0,0.0,12320,11320,11472
0.0,40.0,3.0,0.0,1.0,1.0,1.0,17099,19654,17616
0.0,36.0,16.0,0.0,0.0,1.0,0.0,16918,17538,21353
0.0,38.0,8.0,0.0,0.0,1.0,1.0,20831,16811,0
0.0,34.0,12.0,0.0,0.0,0.0,0.0,15445,13266,25565
0.0,28.0,13.0,0.0,0.0,1.0,0.0,25862,25244,25565
0.0,41.0,12.0,0.0,1.0,1.0,0.0,0,1683,0
0.0,41.0,13.0,0.0,0.0,1.0,0.0,22630,17918,22212
0.0,30.0,15.0,0.0,0.0,1.0,0.0,22138,20458,25565
0.0,26.0,11.0,0.0,0.0,0.0,1.0,7512,11154,13669
0.0,47.0,12.0,0.0,0.0,1.0,0.0,12908,2207,0
0.0,34.0,15.0,0.0,0.0,1.0,0.0,14093,12670,14881
0.0,26.0,16.0,0.0,0.0,0.0,0.0,25862,25244,25565
0.0,46.0,7.0,0.0,0.0,1.0,1.0,25862,19445,25565
0.0,34.0,14.0,0.0,1.0,0.0,0.0,16822,18208,22865
0.0,18.0,12.0,0.0,0.0,0.0,0.0,6489,8633,12673
0.0,18.0,12.0,0.0,0.0,0.0,0.0,4626,11027,14956
0.0,34.0,6.0,0.0,0.0,0.0,1.0,12030,10917,6171
0.0,34.0,16.0,0.0,0.0,1.0,0.0,18785,4245,25565
0.0,16.0,8.0,0.0,1.0,0.0,1.0,0,0,8667
0.0,26.0,12.0,0.0,1.0,1.0,0.0,11701,11861,15427
0.0,43.0,10.0,0.0,0.0,1.0,1.0,4992,0,0
0.0,17.0,10.0,0.0,0.0,0.0,1.0,253,498,16
0.0,29.0,16.0,0.0,0.0,1.0,0.0,10122,16496,7389
0.0,18.0,12.0,0.0,0.0,0.0,0.0,8035,6762,16865
0.0,49.0,12.0,0.0,0.0,1.0,0.0,22808,23818,25565
0.0,20.0,12.0,0.0,0.0,0.0,0.0,10535,6946,5760
0.0,49.0,13.0,0.0,0.0,1.0,0.0,25862,25244,25565
0.0,25.0,10.0,0.0,0.0,1.0,1.0,4250,6264,0
0.0,28.0,14.0,0.0,0.0,1.0,0.0,942,6431,3623
0.0,28.0,11.0,0.0,0.0,1.0,1.0,25862,19529,25435
0.0,30.0,11.0,0.0,0.0,1.0,1.0,390,23854,19391
0.0,27.0,12.0,0.0,0.0,1.0,0.0,1906,0,23623
0.0,29.0,18.0,0.0,0.0,1.0,0.0,19273,20909,24397
0.0,29.0,12.0,0.0,1.0,1.0,0.0,4497,0,14202
0.0,41.0,16.0,0.0,0.0,1.0,0.0,16144,17672,22249
0.0,35.0,10.0,0.0,0.0,1.0,1.0,20039,20653,5912
0.0,51.0,12.0,0.0,0.0,0.0,0.0,19209,19414,22492
0.0,53.0,8.0,0.0,0.0,1.0,1.0,24397,20392,25565
0.0,34.0,12.0,0.0,0.0,1.0,0.0,18542,18498,23273
0.0,45.0,7.0,0.0,1.0,1.0,1.0,22559,25095,17461
0.0,51.0,8.0,0.0,0.0,1.0,1.0,23907,22375,24183
0.0,19.0,12.0,0.0,0.0,0.0,0.0,4875,4614,3810
0.0,30.0,12.0,0.0,0.0,1.0,0.0,25862,25244,25565
0.0,34.0,10.0,0.0,0.0,1.0,1.0,5325,3212,2103
0.0,21.0,12.0,0.0,0.0,1.0,0.0,5408,120,0
0.0,32.0,12.0,0.0,0.0,1.0,0.0,8983,7537,6916
0.0,26.0,16.0,0.0,0.0,1.0,0.0,4353,21828,25565
0.0,19.0,12.0,0.0,0.0,0.0,0.0,0,5088,17171
0.0,33.0,12.0,1.0,0.0,1.0,0.0,23836,25244,21087
0.0,29.0,12.0,0.0,0.0,1.0,0.0,0,0,0
0.0,24.0,14.0,1.0,0.0,0.0,0.0,6763,6563,4123
0.0,44.0,0.0,1.0,0.0,0.0,1.0,3817,7827,12441
0.0,54.0,12.0,1.0,0.0,0.0,0.0,0,0,0
0.0,42.0,12.0,0.0,0.0,1.0,0.0,9404,2327,4433
0.0,17.0,11.0,0.0,0.0,0.0,1.0,766,614,695
0.0,26.0,16.0,1.0,0.0,1.0,0.0,12222,13384,19945
0.0,39.0,12.0,1.0,0.0,1.0,0.0,25139,22606,23319
0.0,28.0,12.0,1.0,0.0,1.0,0.0,21634,18610,21653
0.0,44.0,8.0,1.0,0.0,1.0,1.0,16344,10049,15553
0.0,19.0,9.0,1.0,0.0,0.0,1.0,1080,2873,14344
0.0,40.0,6.0,1.0,0.0,1.0,1.0,25862,25244,25565
0.0,34.0,18.0,0.0,0.0,1.0,0.0,3550,3251,7167
0.0,20.0,12.0,1.0,0.0,1.0,0.0,1471,9380,6339
0.0,22.0,13.0,0.0,0.0,0.0,0.0,2604,0,675
0.0,50.0,11.0,0.0,0.0,1.0,1.0,0,0,0
0.0,27.0,14.0,0.0,0.0,1.0,0.0,15753,14752,25565
0.0,29.0,6.0,0.0,0.0,1.0,1.0,15817,15527,20302
0.0,37.0,10.0,0.0,0.0,1.0,1.0,0,0,0
0.0,25.0,13.0,0.0,0.0,0.0,0.0,19162,20157,11644
0.0,25.0,12.0,0.0,0.0,0.0,0.0,11119,13529,14177
0.0,23.0,12.0,0.0,0.0,1.0,0.0,6350,3973,2388
0.0,40.0,8.0,0.0,0.0,1.0,1.0,23925,24495,22756
0.0,31.0,12.0,0.0,0.0,1.0,0.0,25441,25244,25565
0.0,22.0,12.0,0.0,0.0,1.0,0.0,11736,14187,17644
0.0,53.0,7.0,0.0,0.0,1.0,1.0,13166,13929,14387
0.0,36.0,16.0,0.0,0.0,1.0,0.0,21777,21138,23882
0.0,32.0,12.0,0.0,0.0,1.0,0.0,25543,25244,25565
0.0,54.0,9.0,0.0,0.0,1.0,1.0,16615,15182,12547
0.0,32.0,15.0,0.0,0.0,1.0,0.0,25862,25244,25565
0.0,38.0,12.0,0.0,0.0,1.0,0.0,12643,13386,21779
0.0,47.0,12.0,0.0,0.0,1.0,0.0,0,3330,24119
0.0,29.0,12.0,0.0,0.0,1.0,0.0,15090,13927,6283
0.0,23.0,13.0,0.0,0.0,1.0,0.0,17373,20146,16528
0.0,28.0,13.0,0.0,0.0,0.0,0.0,13721,5006,559
0.0,21.0,12.0,1.0,0.0,0.0,0.0,4986,9358,8206
0.0,17.0,10.0,1.0,0.0,0.0,1.0,862,605,6469
0.0,21.0,9.0,0.0,0.0,0.0,1.0,0,1633,103
0.0,28.0,12.0,0.0,0.0,1.0,0.0,17128,15671,20969
0.0,49.0,3.0,0.0,0.0,1.0,1.0,0,320,5193
0.0,38.0,10.0,0.0,0.0,1.0,1.0,25862,25086,25565
0.0,17.0,9.0,0.0,0.0,0.0,1.0,0,602,702
0.0,47.0,5.0,0.0,0.0,1.0,1.0,21534,25244,24740
0.0,24.0,12.0,0.0,0.0,1.0,0.0,16285,21543,17560
0.0,28.0,12.0,0.0,0.0,1.0,0.0,16999,16897,16262
0.0,40.0,8.0,0.0,0.0,1.0,1.0,18076,21847,21714
0.0,38.0,9.0,0.0,0.0,1.0,1.0,17547,11759,6300
0.0,48.0,12.0,0.0,0.0,1.0,0.0,12304,11814,15376
0.0,28.0,12.0,0.0,0.0,1.0,0.0,13874,14947,18293
0.0,50.0,12.0,0.0,0.0,1.0,0.0,0,25244,0
0.0,32.0,9.0,0.0,0.0,1.0,1.0,19714,16138,25565
0.0,16.0,7.0,1.0,0.0,0.0,1.0,133,206,6146
0.0,32.0,12.0,0.0,0.0,1.0,0.0,13519,6703,0
0.0,28.0,12.0,0.0,0.0,1.0,0.0,14101,7478,14368
0.0,27.0,12.0,0.0,0.0,1.0,0.0,14873,15977,14952
0.0,21.0,14.0,0.0,0.0,0.0,0.0,2714,3239,5670
0.0,35.0,12.0,0.0,0.0,1.0,0.0,17643,18054,22294
0.0,26.0,13.0,0.0,0.0,1.0,0.0,19309,20223,25565
0.0,26.0,14.0,0.0,0.0,0.0,0.0,11362,446,9329
0.0,20.0,9.0,0.0,0.0,1.0,1.0,15310,13119,20183
0.0,27.0,12.0,0.0,0.0,1.0,0.0,0,13981,4408
0.0,48.0,12.0,0.0,0.0,0.0,0.0,20537,25244,25565
0.0,20.0,9.0,0.0,0.0,1.0,1.0,14309,20576,24511
0.0,42.0,12.0,1.0,0.0,1.0,0.0,22694,13954,25011
0.0,43.0,16.0,0.0,0.0,1.0,0.0,17183,22569,19969
0.0,18.0,12.0,0.0,0.0,0.0,0.0,1942,4225,10142
0.0,28.0,18.0,0.0,0.0,1.0,0.0,17388,16267,25565
0.0,49.0,12.0,0.0,0.0,1.0,0.0,21385,23129,14669
0.0,41.0,7.0,0.0,0.0,1.0,1.0,0,0,0
0.0,17.0,9.0,0.0,0.0,0.0,1.0,0,1618,13566
0.0,43.0,12.0,0.0,0.0,1.0,0.0,25862,25244,13119
0.0,18.0,12.0,0.0,0.0,0.0,0.0,0,10590,0
0.0,28.0,8.0,0.0,0.0,1.0,1.0,4324,6633,6000
0.0,23.0,11.0,0.0,0.0,1.0,1.0,6763,240,0
0.0,53.0,10.0,0.0,0.0,1.0,1.0,12100,11626,14773
0.0,17.0,9.0,1.0,0.0,0.0,1.0,251,1099,0
0.0,21.0,12.0,1.0,0.0,0.0,0.0,7012,1389,3047
0.0,22.0,12.0,1.0,0.0,0.0,0.0,0,0,0
0.0,35.0,9.0,0.0,1.0,1.0,1.0,12057,12081,25506
0.0,47.0,4.0,0.0,1.0,1.0,1.0,12304,12278,16121
0.0,54.0,6.0,0.0,1.0,1.0,1.0,14452,14915,16450
0.0,18.0,12.0,0.0,1.0,0.0,0.0,3944,7784,10650
0.0,35.0,10.0,0.0,1.0,1.0,1.0,25862,20372,9788
0.0,30.0,12.0,0.0,0.0,1.0,0.0,25862,24923,25565
0.0,16.0,10.0,0.0,0.0,0.0,1.0,1319,2003,12893
0.0,43.0,8.0,0.0,0.0,1.0,1.0,23090,21548,20738
0.0,44.0,12.0,0.0,0.0,1.0,0.0,22414,21690,25565
0.0,21.0,8.0,0.0,0.0,0.0,1.0,1317,1751,2239
0.0,33.0,11.0,0.0,0.0,1.0,1.0,25862,25244,24767
0.0,28.0,17.0,0.0,0.0,1.0,0.0,25862,25244,25565
0.0,49.0,12.0,0.0,0.0,1.0,0.0,23235,23075,25565
0.0,31.0,12.0,0.0,0.0,1.0,0.0,16035,16176,19113
0.0,30.0,12.0,0.0,0.0,1.0,0.0,25862,25242,25565
0.0,41.0,12.0,0.0,0.0,0.0,0.0,10903,9365,3393
0.0,52.0,12.0,0.0,0.0,1.0,0.0,21389,18301,15736
0.0,17.0,11.0,0.0,0.0,0.0,1.0,0,0,2431
0.0,28.0,14.0,0.0,0.0,1.0,0.0,17929,3985,25565
0.0,37.0,9.0,0.0,0.0,1.0,1.0,22680,17080,3201
0.0,27.0,18.0,0.0,0.0,0.0,0.0,0,0,15184
0.0,37.0,18.0,0.0,0.0,1.0,0.0,0,0,0
0.0,32.0,12.0,0.0,0.0,1.0,0.0,19179,20014,19683
0.0,36.0,12.0,0.0,0.0,1.0,0.0,25862,23507,25565
0.0,40.0,12.0,0.0,0.0,1.0,0.0,25862,25244,25565
0.0,20.0,12.0,0.0,0.0,0.0,0.0,8695,15778,22552
0.0,44.0,15.0,0.0,0.0,1.0,0.0,12085,1690,919
0.0,43.0,16.0,0.0,0.0,1.0,0.0,0,0,0
0.0,29.0,12.0,0.0,0.0,1.0,0.0,20952,24547,0
0.0,34.0,14.0,0.0,0.0,0.0,0.0,13605,13938,22361
0.0,27.0,7.0,0.0,0.0,1.0,1.0,3064,8461,11149
0.0,35.0,12.0,0.0,0.0,1.0,0.0,24119,22207,25565
0.0,35.0,14.0,0.0,0.0,1.0,0.0,0,0,0
0.0,52.0,12.0,0.0,0.0,1.0,0.0,25862,25244,25565
0.0,53.0,8.0,0.0,0.0,0.0,1.0,4101,8239,15594
0.0,37.0,12.0,0.0,0.0,1.0,0.0,25862,23521,25500
0.0,43.0,12.0,1.0,0.0,1.0,0.0,16571,15522,21470
0.0,23.0,14.0,0.0,0.0,0.0,0.0,8297,8835,25565
0.0,46.0,12.0,0.0,0.0,1.0,0.0,0,8656,0
0.0,52.0,12.0,0.0,0.0,0.0,0.0,19330,24932,25467
0.0,25.0,12.0,0.0,0.0,0.0,0.0,0,13259,18309
0.0,20.0,12.0,0.0,0.0,0.0,0.0,3728,0,0
0.0,34.0,12.0,0.0,0.0,1.0,0.0,21856,21260,22693
0.0,39.0,14.0,1.0,0.0,0.0,0.0,23153,19069,20212
0.0,19.0,10.0,1.0,0.0,0.0,1.0,1056,206,0
0.0,24.0,9.0,1.0,0.0,0.0,1.0,0,95,0
0.0,55.0,14.0,0.0,0.0,1.0,0.0,25862,25244,25565
0.0,26.0,12.0,0.0,0.0,0.0,0.0,8909,3894,19536
0.0,18.0,12.0,0.0,0.0,0.0,0.0,0,1420,20842
0.0,40.0,12.0,0.0,0.0,1.0,0.0,21685,22549,21139
0.0,52.0,13.0,0.0,0.0,1.0,0.0,25862,25244,0
0.0,53.0,11.0,0.0,0.0,1.0,1.0,15564,14657,4113
0.0,35.0,12.0,0.0,0.0,1.0,0.0,23466,18532,24790
0.0,32.0,12.0,0.0,0.0,1.0,0.0,16771,19167,17947
0.0,25.0,16.0,0.0,0.0,0.0,0.0,2173,7575,14980
0.0,21.0,14.0,0.0,0.0,0.0,0.0,2367,5529,11117
0.0,30.0,16.0,0.0,0.0,1.0,0.0,25862,25244,22516
0.0,18.0,12.0,0.0,0.0,0.0,0.0,474,2379,0
0.0,30.0,18.0,0.0,0.0,0.0,0.0,25862,25244,14446
0.0,31.0,8.0,0.0,0.0,0.0,1.0,21364,21113,23672
0.0,26.0,0.0,0.0,0.0,0.0,1.0,0,0,0
0.0,35.0,12.0,1.0,0.0,1.0,0.0,16977,11789,19642
0.0,35.0,12.0,0.0,0.0,0.0,0.0,18821,3926,16282
0.0,44.0,3.0,0.0,0.0,0.0,1.0,7882,7838,10616
0.0,28.0,12.0,0.0,0.0,1.0,0.0,22847,19638,25565
0.0,30.0,11.0,0.0,0.0,1.0,1.0,15823,15082,13969
0.0,16.0,10.0,0.0,0.0,0.0,1.0,0,779,5187
0.0,55.0,12.0,0.0,0.0,1.0,0.0,24181,24166,25565
0.0,29.0,13.0,0.0,0.0,1.0,0.0,25862,8013,25565
0.0,26.0,16.0,0.0,0.0,0.0,0.0,15169,17225,21173
0.0,46.0,9.0,0.0,0.0,0.0,1.0,22549,21158,21638
0.0,28.0,12.0,0.0,0.0,1.0,0.0,25641,22148,25565
0.0,31.0,13.0,0.0,0.0,1.0,0.0,12165,4103,22773
0.0,27.0,12.0,0.0,0.0,1.0,0.0,14812,17670,25565
0.0,21.0,9.0,0.0,0.0,0.0,1.0,19387,22313,20465
0.0,22.0,9.0,0.0,0.0,0.0,1.0,7953,6995,13842
0.0,28.0,12.0,0.0,0.0,0.0,0.0,25862,25244,25565
0.0,35.0,16.0,0.0,0.0,1.0,0.0,25862,25244,25565
0.0,22.0,14.0,0.0,0.0,1.0,0.0,21844,8286,25565
0.0,21.0,11.0,0.0,0.0,1.0,1.0,247,0,6709
0.0,23.0,12.0,0.0,0.0,1.0,0.0,9673,15504,20849
0.0,17.0,11.0,0.0,0.0,0.0,1.0,0,0,15125
0.0,34.0,12.0,0.0,0.0,1.0,0.0,25862,24121,25565
0.0,21.0,12.0,0.0,0.0,0.0,0.0,7155,11259,23868
0.0,37.0,10.0,0.0,0.0,1.0,1.0,25210,25244,25565
0.0,18.0,12.0,0.0,0.0,0.0,0.0,5108,5546,17415
0.0,26.0,16.0,0.0,0.0,1.0,0.0,6044,10939,23929
0.0,39.0,12.0,0.0,0.0,0.0,0.0,1736,5511,3646
0.0,20.0,12.0,0.0,0.0,0.0,0.0,509,3776,0
0.0,19.0,12.0,0.0,0.0,0.0,0.0,0,0,743
0.0,25.0,16.0,0.0,0.0,1.0,0.0,25862,15316,25565
0.0,41.0,13.0,0.0,0.0,1.0,0.0,23211,22341,7058
0.0,20.0,14.0,0.0,0.0,0.0,0.0,3464,3600,13379
0.0,52.0,10.0,0.0,0.0,1.0,1.0,24849,22186,25565
0.0,53.0,8.0,0.0,0.0,1.0,1.0,25862,25244,25565
0.0,21.0,12.0,0.0,0.0,1.0,0.0,21711,17991,25565
0.0,31.0,14.0,0.0,0.0,1.0,0.0,16178,25244,13119
0.0,45.0,12.0,0.0,0.0,1.0,0.0,25690,23749,24196
0.0,19.0,12.0,0.0,0.0,0.0,0.0,4785,12838,16181
0.0,31.0,12.0,0.0,0.0,1.0,0.0,25862,25100,25565
0.0,36.0,12.0,0.0,0.0,1.0,0.0,25862,25244,25565
0.0,48.0,12.0,0.0,0.0,1.0,0.0,24379,25244,25565
0.0,22.0,15.0,0.0,0.0,0.0,0.0,6744,4549,17659
0.0,21.0,9.0,0.0,0.0,1.0,1.0,2780,1756,0
0.0,16.0,10.0,0.0,0.0,0.0,1.0,0,3858,8750
0.0,52.0,11.0,0.0,0.0,1.0,1.0,0,0,0
0.0,47.0,16.0,0.0,0.0,1.0,0.0,25261,25244,4423
0.0,53.0,11.0,0.0,0.0,1.0,1.0,25862,25244,17374
0.0,48.0,12.0,0.0,0.0,1.0,0.0,25862,25244,25565
0.0,36.0,12.0,0.0,0.0,1.0,0.0,12812,13676,18587
0.0,32.0,12.0,0.0,0.0,1.0,0.0,3019,2401,4613
0.0,38.0,14.0,0.0,0.0,1.0,0.0,25862,25244,25565
0.0,24.0,12.0,0.0,0.0,1.0,0.0,13021,10753,11905
0.0,17.0,9.0,0.0,0.0,0.0,1.0,5388,10665,9453
0.0,23.0,12.0,0.0,0.0,1.0,0.0,16238,16879,17771
0.0,30.0,11.0,0.0,0.0,1.0,1.0,22300,23641,21588
0.0,36.0,12.0,0.0,0.0,1.0,0.0,25862,25244,0
0.0,46.0,17.0,0.0,0.0,1.0,0.0,25862,25244,25565
0.0,49.0,8.0,1.0,0.0,0.0,1.0,25862,25244,18622
0.0,24.0,13.0,0.0,0.0,1.0,0.0,22475,23186,25565
0.0,25.0,12.0,0.0,0.0,1.0,0.0,19066,19871,19444
0.0,46.0,16.0,0.0,0.0,0.0,0.0,25862,22316,19453
0.0,44.0,7.0,0.0,0.0,1.0,1.0,20586,20377,18769
0.0,25.0,16.0,0.0,0.0,1.0,0.0,13115,18920,4047
0.0,48.0,12.0,0.0,0.0,1.0,0.0,25862,25244,25565
0.0,18.0,12.0,0.0,0.0,0.0,0.0,2198,2902,14081
0.0,27.0,16.0,0.0,0.0,1.0,0.0,16615,573,20100
0.0,24.0,17.0,0.0,0.0,1.0,0.0,22336,24884,25565
0.0,28.0,18.0,0.0,0.0,1.0,0.0,15523,17148,20920
0.0,41.0,13.0,0.0,0.0,1.0,0.0,25130,25244,25565
0.0,44.0,12.0,0.0,0.0,1.0,0.0,19346,19187,22191
0.0,30.0,12.0,0.0,0.0,0.0,0.0,18664,18972,22028
0.0,21.0,11.0,0.0,0.0,1.0,1.0,17849,8536,17309
0.0,55.0,12.0,0.0,0.0,0.0,0.0,25862,25244,25565
0.0,31.0,10.0,0.0,0.0,1.0,1.0,16791,102,17609
0.0,17.0,11.0,1.0,0.0,0.0,1.0,0,1443,619
0.0,43.0,12.0,1.0,0.0,1.0,0.0,797,0,0
0.0,27.0,16.0,0.0,0.0,1.0,0.0,10944,21239,25565
0.0,25.0,12.0,0.0,0.0,0.0,0.0,13303,13286,14808
0.0,44.0,12.0,0.0,0.0,1.0,0.0,25862,25244,0
0.0,36.0,12.0,1.0,0.0,1.0,0.0,25862,25244,25214
0.0,21.0,13.0,0.0,0.0,0.0,0.0,11082,12206,18842
0.0,50.0,18.0,0.0,0.0,1.0,0.0,25862,25244,25565
0.0,22.0,16.0,0.0,0.0,0.0,0.0,2682,3040,18358
0.0,19.0,13.0,0.0,0.0,0.0,0.0,4118,3561,9066
0.0,28.0,14.0,0.0,0.0,1.0,0.0,16046,18675,23861
0.0,26.0,16.0,0.0,0.0,1.0,0.0,16955,21700,25565
0.0,43.0,12.0,0.0,0.0,1.0,0.0,23968,19332,25565
0.0,52.0,12.0,0.0,0.0,1.0,0.0,25862,25244,25565
0.0,22.0,16.0,0.0,0.0,1.0,0.0,4193,2082,0
0.0,28.0,12.0,0.0,0.0,1.0,0.0,16258,15751,25565
0.0,23.0,16.0,0.0,0.0,1.0,0.0,25862,25244,25565
0.0,27.0,16.0,0.0,0.0,1.0,0.0,19179,25244,25565
0.0,17.0,9.0,0.0,1.0,0.0,1.0,607,981,3592
0.0,37.0,13.0,0.0,0.0,1.0,0.0,25862,25244,25565
0.0,29.0,12.0,0.0,0.0,1.0,0.0,19109,24237,25565
0.0,54.0,18.0,0.0,0.0,0.0,0.0,25862,25244,0
0.0,17.0,11.0,0.0,0.0,0.0,1.0,1524,2662,15321
0.0,51.0,6.0,0.0,0.0,1.0,1.0,22502,22623,16853
0.0,19.0,13.0,0.0,0.0,0.0,0.0,4736,4392,16140
0.0,50.0,16.0,0.0,0.0,1.0,0.0,17144,0,25565
0.0,25.0,12.0,0.0,0.0,1.0,0.0,20894,4327,0
0.0,51.0,14.0,0.0,0.0,1.0,0.0,0,0,0
0.0,28.0,12.0,0.0,0.0,1.0,0.0,25862,25244,25565
0.0,48.0,7.0,0.0,0.0,1.0,1.0,5735,3420,8594
0.0,17.0,10.0,0.0,0.0,0.0,1.0,1924,3919,6235
0.0,46.0,9.0,0.0,0.0,1.0,1.0,22449,21409,19958
0.0,46.0,11.0,0.0,0.0,1.0,1.0,25862,25244,25565
0.0,22.0,12.0,0.0,0.0,0.0,0.0,666,68,0
0.0,21.0,11.0,0.0,0.0,0.0,1.0,110,150,6003
0.0,30.0,12.0,0.0,0.0,1.0,0.0,25862,22562,25565
0.0,34.0,13.0,0.0,0.0,1.0,0.0,25862,20111,12980
0.0,26.0,12.0,0.0,0.0,1.0,0.0,20851,20603,8231
0.0,24.0,16.0,0.0,0.0,1.0,0.0,8983,17814,21944
0.0,40.0,11.0,0.0,0.0,1.0,1.0,18862,18138,18037
0.0,53.0,12.0,0.0,0.0,1.0,0.0,16323,21987,18565
0.0,30.0,12.0,0.0,0.0,1.0,0.0,25862,25244,25565
0.0,31.0,12.0,0.0,0.0,1.0,0.0,13437,0,0
0.0,27.0,13.0,0.0,0.0,1.0,0.0,25862,25244,19372
0.0,21.0,12.0,0.0,0.0,0.0,0.0,10917,13415,5751
0.0,41.0,12.0,1.0,0.0,0.0,0.0,3029,6570,2827
0.0,46.0,7.0,0.0,0.0,1.0,1.0,25862,25244,25565
0.0,31.0,12.0,0.0,0.0,1.0,0.0,12626,0,0
0.0,32.0,18.0,0.0,0.0,1.0,0.0,17112,15855,25565
0.0,44.0,9.0,0.0,0.0,1.0,1.0,25862,18754,24179
0.0,48.0,12.0,0.0,0.0,1.0,0.0,18862,16990,8939
0.0,19.0,10.0,0.0,0.0,0.0,1.0,5778,4673,136
0.0,21.0,12.0,0.0,0.0,0.0,0.0,2555,7473,14904
0.0,20.0,12.0,0.0,0.0,0.0,0.0,223,7501,15946
0.0,18.0,11.0,0.0,1.0,0.0,1.0,0,630,0
0.0,16.0,10.0,0.0,1.0,0.0,1.0,0,630,3892
0.0,37.0,14.0,0.0,0.0,1.0,0.0,3266,3203,4511
0.0,26.0,11.0,0.0,0.0,1.0,1.0,7196,11010,20756
0.0,46.0,16.0,0.0,0.0,1.0,0.0,25862,25244,25565
0.0,39.0,12.0,0.0,0.0,1.0,0.0,12863,12187,7408
0.0,26.0,16.0,0.0,0.0,1.0,0.0,19538,19899,13203
0.0,53.0,16.0,0.0,0.0,1.0,0.0,25862,25244,25565
0.0,17.0,11.0,0.0,0.0,0.0,1.0,0,0,1051
0.0,27.0,13.0,0.0,0.0,0.0,0.0,0,0,0
0.0,37.0,8.0,0.0,1.0,1.0,1.0,4075,0,2240
0.0,34.0,12.0,0.0,0.0,1.0,0.0,25862,25244,25565
0.0,34.0,11.0,0.0,1.0,1.0,1.0,17598,22041,24643
0.0,55.0,5.0,0.0,1.0,0.0,1.0,13666,13623,0
0.0,38.0,12.0,0.0,0.0,1.0,0.0,25862,25244,25565
0.0,28.0,16.0,0.0,0.0,1.0,0.0,16256,18261,0
0.0,39.0,12.0,0.0,0.0,1.0,0.0,25862,23095,25565
0.0,29.0,16.0,0.0,0.0,1.0,0.0,23641,25244,25565
0.0,38.0,12.0,0.0,0.0,1.0,0.0,25862,25244,25565
0.0,20.0,12.0,0.0,0.0,0.0,0.0,4124,12194,23746
0.0,28.0,4.0,0.0,0.0,1.0,1.0,10257,7433,7455
0.0,29.0,12.0,0.0,1.0,0.0,0.0,18180,19869,18525
0.0,21.0,12.0,1.0,0.0,1.0,0.0,14906,18184,15444
0.0,24.0,14.0,0.0,1.0,1.0,0.0,10402,6823,4946
0.0,40.0,13.0,0.0,1.0,0.0,0.0,25862,25244,25565
0.0,35.0,12.0,0.0,1.0,0.0,0.0,2002,9150,9877
0.0,25.0,12.0,0.0,0.0,1.0,0.0,20224,19353,19299
0.0,53.0,12.0,0.0,0.0,1.0,0.0,25788,25244,25565
0.0,46.0,12.0,0.0,0.0,1.0,0.0,25862,25244,25565
0.0,38.0,12.0,0.0,0.0,1.0,0.0,25862,25244,25565
0.0,25.0,14.0,0.0,0.0,1.0,0.0,0,0,0
0.0,28.0,12.0,0.0,0.0,1.0,0.0,9354,10051,17852
0.0,46.0,14.0,0.0,0.0,1.0,0.0,25862,25244,25565
0.0,53.0,16.0,0.0,0.0,0.0,0.0,25862,25244,25565
0.0,33.0,12.0,0.0,0.0,0.0,0.0,24679,24501,25565
0.0,28.0,12.0,0.0,0.0,1.0,0.0,23913,19658,15000
0.0,48.0,10.0,0.0,0.0,1.0,1.0,25862,13692,24434
0.0,31.0,12.0,0.0,0.0,0.0,0.0,25862,21237,25565
0.0,23.0,12.0,0.0,0.0,0.0,0.0,0,0,0
0.0,39.0,12.0,0.0,1.0,1.0,0.0,16560,16727,16802
0.0,42.0,12.0,0.0,1.0,1.0,0.0,21834,11190,14671
0.0,33.0,10.0,0.0,0.0,1.0,1.0,17859,11675,22119
0.0,25.0,6.0,0.0,0.0,0.0,1.0,4173,7331,106
0.0,29.0,16.0,0.0,0.0,1.0,0.0,19593,13965,21427
0.0,32.0,17.0,0.0,0.0,0.0,0.0,23511,23274,21427
0.0,38.0,13.0,0.0,1.0,1.0,0.0,16758,20721,25565
0.0,30.0,16.0,0.0,0.0,0.0,0.0,15968,24504,25565
0.0,35.0,12.0,0.0,0.0,1.0,0.0,0,0,0
0.0,16.0,9.0,0.0,0.0,0.0,1.0,0,0,3529
0.0,48.0,8.0,1.0,0.0,1.0,1.0,18284,17411,20230
0.0,39.0,10.0,0.0,0.0,1.0,1.0,25862,25244,25565
0.0,45.0,12.0,0.0,0.0,0.0,0.0,15733,4655,10053
0.0,45.0,7.0,0.0,0.0,1.0,1.0,15543,14543,15501
0.0,49.0,12.0,0.0,0.0,1.0,0.0,25862,25244,25565
0.0,23.0,12.0,0.0,0.0,1.0,0.0,15841,16845,21080
0.0,47.0,10.0,0.0,0.0,1.0,1.0,23351,24952,0
0.0,23.0,14.0,0.0,0.0,1.0,0.0,10894,14926,15159
0.0,37.0,13.0,0.0,0.0,1.0,0.0,7157,15379,20614
0.0,25.0,13.0,0.0,0.0,0.0,0.0,18262,19572,16019
0.0,26.0,18.0,0.0,0.0,1.0,0.0,0,16113,25565
0.0,32.0,18.0,0.0,0.0,1.0,0.0,25862,25244,25565
0.0,48.0,12.0,0.0,0.0,1.0,0.0,14436,14054,13447
0.0,51.0,11.0,0.0,0.0,1.0,1.0,25862,25244,25565
0.0,32.0,12.0,0.0,0.0,1.0,0.0,22884,25168,25565
0.0,36.0,12.0,0.0,0.0,1.0,0.0,25535,8696,21906
0.0,32.0,12.0,0.0,0.0,1.0,0.0,25862,25244,25565
0.0,28.0,13.0,0.0,0.0,1.0,0.0,0,0,0
0.0,47.0,11.0,0.0,0.0,1.0,1.0,23925,4096,17359
0.0,48.0,12.0,0.0,0.0,0.0,0.0,21805,19316,18356
0.0,27.0,18.0,0.0,0.0,1.0,0.0,9730,10536,25565
0.0,24.0,14.0,0.0,0.0,0.0,0.0,17931,17506,11670
0.0,23.0,16.0,0.0,0.0,0.0,0.0,0,12661,25565
0.0,36.0,12.0,0.0,0.0,1.0,0.0,25862,25244,25565
0.0,27.0,12.0,0.0,0.0,1.0,0.0,6885,12486,22012
0.0,53.0,15.0,0.0,1.0,1.0,0.0,18930,25244,13068
0.0,35.0,11.0,0.0,0.0,1.0,1.0,25862,25244,23252
0.0,28.0,10.0,0.0,0.0,1.0,1.0,8419,0,24498
0.0,51.0,10.0,0.0,0.0,1.0,1.0,23405,25244,1422
0.0,32.0,12.0,0.0,0.0,1.0,0.0,25780,22904,25565
0.0,29.0,16.0,0.0,0.0,1.0,0.0,4977,19044,15154
0.0,36.0,12.0,0.0,0.0,1.0,0.0,923,1552,0
0.0,31.0,12.0,0.0,0.0,0.0,0.0,14320,6524,24448
0.0,38.0,13.0,0.0,0.0,1.0,0.0,25862,20266,25565
0.0,29.0,12.0,0.0,0.0,1.0,0.0,22494,25244,25565
0.0,24.0,12.0,0.0,0.0,0.0,0.0,17418,16057,8388
0.0,20.0,12.0,0.0,0.0,0.0,0.0,11997,12779,5904
0.0,28.0,12.0,0.0,0.0,1.0,0.0,18023,21060,19716
0.0,25.0,12.0,0.0,0.0,1.0,0.0,19565,15354,22556
0.0,42.0,18.0,0.0,0.0,1.0,0.0,25862,25244,25565
0.0,28.0,12.0,0.0,0.0,1.0,0.0,25862,25244,25565
0.0,30.0,17.0,0.0,0.0,1.0,0.0,25862,25244,25565
0.0,34.0,13.0,0.0,0.0,1.0,0.0,25862,25244,25565
0.0,47.0,12.0,0.0,0.0,1.0,0.0,23566,25244,25565
0.0,30.0,12.0,0.0,0.0,1.0,0.0,25862,25244,25565
0.0,20.0,10.0,0.0,0.0,1.0,1.0,3100,2970,21142
0.0,48.0,7.0,0.0,0.0,1.0,1.0,19579,18618,22068
0.0,19.0,13.0,0.0,0.0,0.0,0.0,3793,5647,3749
0.0,18.0,10.0,0.0,0.0,0.0,1.0,697,3573,8359
0.0,37.0,12.0,0.0,0.0,1.0,0.0,25668,21590,25565
0.0,46.0,12.0,0.0,0.0,1.0,0.0,20355,24445,25565
0.0,18.0,11.0,0.0,0.0,0.0,1.0,2723,4827,3703
0.0,17.0,10.0,0.0,0.0,0.0,1.0,0,1810,2372
0.0,42.0,8.0,0.0,0.0,1.0,1.0,20766,21846,24078
0.0,31.0,12.0,0.0,0.0,1.0,0.0,22093,21509,21938
0.0,41.0,6.0,0.0,0.0,1.0,1.0,3137,2866,2366
0.0,22.0,12.0,0.0,0.0,1.0,0.0,5921,5253,8818
0.0,50.0,12.0,0.0,0.0,0.0,0.0,25862,25244,25565
0.0,33.0,17.0,0.0,0.0,0.0,0.0,2189,1805,0
0.0,44.0,8.0,0.0,0.0,1.0,1.0,25862,18114,23326
0.0,22.0,12.0,0.0,0.0,0.0,0.0,5053,11068,10620
0.0,48.0,10.0,0.0,0.0,1.0,1.0,18609,20130,19955
0.0,21.0,12.0,0.0,0.0,1.0,0.0,176,6286,0
0.0,34.0,12.0,0.0,0.0,0.0,0.0,25862,25244,25565
0.0,22.0,11.0,0.0,0.0,1.0,1.0,10739,9761,915
0.0,23.0,16.0,0.0,0.0,0.0,0.0,7637,12428,2082
0.0,23.0,17.0,0.0,0.0,0.0,0.0,6832,1506,18538
0.0,27.0,16.0,0.0,0.0,0.0,0.0,25862,18745,25565
0.0,30.0,14.0,0.0,0.0,1.0,0.0,13501,14412,12271
0.0,38.0,12.0,0.0,0.0,1.0,0.0,15263,10384,6242
0.0,23.0,16.0,0.0,0.0,1.0,0.0,12098,12688,23520
0.0,49.0,12.0,0.0,0.0,1.0,0.0,0,0,25565
0.0,51.0,10.0,0.0,0.0,1.0,1.0,18499,16956,16066
0.0,22.0,16.0,0.0,0.0,1.0,0.0,2453,5588,25565
0.0,18.0,12.0,0.0,0.0,0.0,0.0,0,3939,12871
0.0,31.0,12.0,0.0,0.0,1.0,0.0,25862,25244,25565
0.0,28.0,14.0,0.0,0.0,1.0,0.0,25862,25244,25565
0.0,23.0,12.0,0.0,0.0,1.0,0.0,13732,12253,12005
0.0,45.0,13.0,0.0,0.0,1.0,0.0,24218,21144,25565
0.0,20.0,12.0,0.0,0.0,0.0,0.0,7194,6075,4919
0.0,33.0,12.0,0.0,0.0,1.0,0.0,10696,13404,0
0.0,24.0,11.0,0.0,0.0,1.0,1.0,14540,6189,19606
0.0,37.0,12.0,0.0,0.0,1.0,0.0,23927,16555,19029
0.0,29.0,12.0,0.0,0.0,1.0,0.0,25862,25244,25565
0.0,26.0,17.0,0.0,0.0,1.0,0.0,10257,13555,14430
0.0,27.0,12.0,0.0,0.0,1.0,0.0,11493,1907,13419
0.0,27.0,12.0,0.0,0.0,1.0,0.0,12271,7709,7807
0.0,34.0,12.0,0.0,0.0,1.0,0.0,18531,17653,19833
0.0,55.0,12.0,0.0,0.0,1.0,0.0,25862,25244,25565
0.0,28.0,12.0,0.0,0.0,1.0,0.0,21873,16523,25565
0.0,26.0,16.0,0.0,0.0,1.0,0.0,18725,21939,25565
0.0,23.0,12.0,0.0,0.0,1.0,0.0,362,390,426
0.0,27.0,12.0,0.0,0.0,1.0,0.0,19173,25242,25565
0.0,18.0,12.0,0.0,0.0,0.0,0.0,0,356,981
0.0,20.0,13.0,0.0,0.0,0.0,0.0,7921,951,6795
0.0,53.0,12.0,0.0,0.0,1.0,0.0,25862,25244,25565
0.0,21.0,13.0,0.0,0.0,0.0,0.0,7036,827,14093
0.0,19.0,12.0,0.0,0.0,0.0,0.0,1242,365,16060
0.0,35.0,9.0,0.0,0.0,1.0,1.0,20273,7124,6137
0.0,44.0,12.0,0.0,0.0,1.0,0.0,25862,25244,25565
0.0,30.0,18.0,0.0,1.0,1.0,0.0,7888,0,14811
0.0,50.0,11.0,0.0,0.0,1.0,1.0,13599,14496,20678
0.0,21.0,12.0,0.0,0.0,0.0,0.0,17173,12226,18707
0.0,37.0,12.0,0.0,0.0,1.0,0.0,21235,19606,22902
0.0,36.0,12.0,0.0,0.0,1.0,0.0,18776,15724,21461
0.0,27.0,12.0,0.0,0.0,1.0,0.0,10012,9288,5547
0.0,26.0,12.0,0.0,0.0,0.0,0.0,21564,22016,23691
0.0,20.0,12.0,0.0,0.0,1.0,0.0,5551,14224,17886
0.0,33.0,12.0,0.0,0.0,1.0,0.0,25862,25244,25565
0.0,44.0,12.0,0.0,0.0,1.0,0.0,2330,2499,19210
0.0,49.0,12.0,0.0,0.0,1.0,0.0,0,0,0
0.0,19.0,13.0,0.0,0.0,0.0,0.0,2092,4132,16171
0.0,20.0,13.0,0.0,0.0,0.0,0.0,3558,4904,5846
0.0,23.0,12.0,0.0,0.0,1.0,0.0,9453,9498,19825
0.0,22.0,12.0,0.0,0.0,1.0,0.0,24988,20460,24099
0.0,22.0,12.0,0.0,0.0,0.0,0.0,0,0,3864
0.0,33.0,12.0,0.0,0.0,1.0,0.0,25862,25244,25565
0.0,26.0,12.0,0.0,0.0,1.0,0.0,21671,23675,25565
0.0,40.0,12.0,0.0,0.0,1.0,0.0,18913,3119,22707
0.0,53.0,12.0,0.0,0.0,1.0,0.0,25862,25244,25565
0.0,20.0,13.0,0.0,0.0,0.0,0.0,3672,1869,25565
0.0,24.0,8.0,0.0,0.0,1.0,1.0,13893,5462,1896
0.0,37.0,7.0,0.0,0.0,1.0,1.0,8045,8536,0
0.0,18.0,11.0,0.0,0.0,0.0,1.0,0,0,7822
0.0,51.0,14.0,0.0,0.0,1.0,0.0,5574,18340,13707
0.0,36.0,12.0,0.0,0.0,0.0,0.0,0,0,0
0.0,20.0,12.0,0.0,0.0,1.0,0.0,11291,14272,17578
0.0,21.0,12.0,0.0,0.0,1.0,0.0,18008,17991,9877
0.0,40.0,8.0,0.0,0.0,1.0,1.0,11528,0,0
0.0,19.0,12.0,0.0,0.0,0.0,0.0,2902,2446,0
0.0,30.0,8.0,0.0,0.0,1.0,1.0,8584,11361,7358
0.0,22.0,5.0,0.0,0.0,0.0,1.0,5131,4483,5292
0.0,21.0,7.0,0.0,0.0,0.0,1.0,8156,9627,9846
0.0,17.0,8.0,0.0,0.0,0.0,1.0,239,1391,7547
0.0,42.0,12.0,0.0,0.0,1.0,0.0,8915,0,3146
0.0,40.0,11.0,0.0,0.0,1.0,1.0,16605,14593,16089
0.0,46.0,12.0,0.0,0.0,1.0,0.0,22955,23500,25565
0.0,17.0,11.0,0.0,0.0,0.0,1.0,0,213,3626
0.0,26.0,16.0,0.0,0.0,0.0,0.0,18231,18270,19500
0.0,37.0,12.0,0.0,0.0,1.0,0.0,3137,7938,25036
0.0,42.0,12.0,0.0,0.0,1.0,0.0,20039,25244,25565
0.0,18.0,12.0,0.0,0.0,0.0,0.0,0,3486,5980
0.0,17.0,11.0,0.0,0.0,0.0,1.0,0,0,8829
0.0,27.0,12.0,0.0,0.0,0.0,0.0,16528,14756,9159
0.0,51.0,10.0,0.0,0.0,1.0,1.0,10731,10735,23254
0.0,48.0,7.0,0.0,0.0,1.0,1.0,17475,16312,16041
0.0,36.0,12.0,0.0,0.0,1.0,0.0,0,0,9403
0.0,52.0,12.0,0.0,0.0,1.0,0.0,16432,19665,21861
0.0,28.0,9.0,0.0,0.0,1.0,1.0,23349,23049,24381
0.0,50.0,9.0,0.0,0.0,1.0,1.0,6401,6483,12855
0.0,21.0,12.0,0.0,0.0,0.0,0.0,4016,10633,11299
0.0,19.0,10.0,0.0,0.0,0.0,1.0,2424,10083,4027
0.0,17.0,11.0,0.0,0.0,0.0,1.0,0,630,0
0.0,28.0,8.0,1.0,0.0,1.0,1.0,4975,5487,1017
0.0,21.0,14.0,0.0,0.0,0.0,0.0,11244,12310,1439
0.0,28.0,12.0,0.0,0.0,0.0,0.0,10813,10996,0
0.0,32.0,16.0,0.0,0.0,1.0,0.0,16738,11780,11130
0.0,18.0,12.0,0.0,0.0,0.0,0.0,3070,3377,5639
0.0,36.0,12.0,0.0,0.0,1.0,0.0,25862,25244,0
0.0,51.0,8.0,0.0,0.0,1.0,1.0,19240,19024,19419
0.0,23.0,15.0,0.0,0.0,0.0,0.0,4781,720,10977
0.0,44.0,12.0,0.0,0.0,1.0,0.0,25862,25244,25565
0.0,44.0,12.0,0.0,0.0,1.0,0.0,21679,25244,25565
0.0,28.0,16.0,0.0,0.0,1.0,0.0,25862,25244,25565
0.0,25.0,18.0,0.0,0.0,1.0,0.0,864,0,25565
0.0,44.0,12.0,0.0,0.0,1.0,0.0,6854,3398,6390
0.0,18.0,12.0,0.0,0.0,0.0,0.0,5327,5144,9493
0.0,36.0,18.0,0.0,0.0,1.0,0.0,20335,22748,20885
0.0,28.0,13.0,0.0,0.0,1.0,0.0,17914,17158,23768
0.0,18.0,11.0,1.0,0.0,0.0,1.0,0,1368,34
0.0,50.0,16.0,0.0,0.0,1.0,0.0,25862,25244,25565
0.0,42.0,13.0,0.0,0.0,0.0,0.0,25862,25244,25565
0.0,45.0,13.0,0.0,0.0,1.0,0.0,25661,24322,25378
0.0,47.0,16.0,0.0,0.0,1.0,0.0,8875,8067,13512
0.0,30.0,12.0,0.0,0.0,1.0,0.0,25862,24196,18619
0.0,37.0,14.0,0.0,0.0,1.0,0.0,25862,25244,25565
0.0,28.0,12.0,0.0,0.0,1.0,0.0,25862,6384,25565
0.0,24.0,16.0,0.0,0.0,1.0,0.0,9401,11999,20704
0.0,36.0,12.0,0.0,0.0,1.0,0.0,0,0,0
0.0,37.0,17.0,0.0,0.0,0.0,0.0,0,0,1562
0.0,36.0,2.0,0.0,0.0,1.0,1.0,25862,25244,25565
0.0,22.0,12.0,0.0,0.0,1.0,0.0,558,243,22677
0.0,29.0,14.0,0.0,0.0,1.0,0.0,0,0,12945
0.0,36.0,10.0,0.0,0.0,0.0,1.0,2120,1339,17264
0.0,45.0,15.0,0.0,0.0,1.0,0.0,25862,24896,25565
0.0,19.0,12.0,0.0,0.0,0.0,0.0,1857,3505,14929
0.0,54.0,12.0,0.0,0.0,0.0,0.0,17961,20447,20545
0.0,50.0,14.0,0.0,0.0,1.0,0.0,24873,25244,23191
0.0,40.0,17.0,0.0,0.0,1.0,0.0,25860,25242,25565
0.0,45.0,18.0,0.0,0.0,1.0,0.0,25862,25244,25565
0.0,16.0,9.0,0.0,0.0,0.0,1.0,0,0,418
0.0,32.0,14.0,0.0,0.0,1.0,0.0,24314,24663,25565
0.0,25.0,14.0,0.0,0.0,1.0,0.0,20533,21933,25565
0.0,47.0,12.0,0.0,0.0,1.0,0.0,0,0,0
0.0,20.0,14.0,0.0,0.0,0.0,0.0,4659,680,5335
0.0,18.0,11.0,0.0,0.0,0.0,1.0,2300,5679,18581
0.0,28.0,18.0,0.0,0.0,0.0,0.0,22577,0,9604
0.0,25.0,16.0,0.0,0.0,1.0,0.0,22385,25136,25565
0.0,41.0,12.0,0.0,0.0,1.0,0.0,16172,17792,16415
0.0,40.0,9.0,0.0,0.0,0.0,1.0,17788,15175,16638
0.0,26.0,14.0,0.0,0.0,1.0,0.0,17361,25244,25565
0.0,45.0,13.0,0.0,0.0,1.0,0.0,25259,25244,25565
0.0,21.0,12.0,0.0,0.0,0.0,0.0,21493,21602,25565
0.0,35.0,12.0,0.0,0.0,1.0,0.0,22663,24399,24227
0.0,50.0,8.0,0.0,0.0,1.0,1.0,25862,24651,25565
0.0,22.0,13.0,0.0,0.0,0.0,0.0,12906,14688,16929
0.0,32.0,12.0,0.0,0.0,1.0,0.0,1738,707,1172
0.0,28.0,12.0,0.0,0.0,1.0,0.0,3333,0,0
0.0,43.0,11.0,0.0,0.0,1.0,1.0,21783,18442,23367
0.0,20.0,12.0,0.0,0.0,0.0,0.0,10490,8971,19478
0.0,31.0,12.0,0.0,0.0,1.0,0.0,25862,25244,25565
0.0,41.0,18.0,0.0,0.0,1.0,0.0,24941,20703,25565
0.0,39.0,17.0,0.0,0.0,1.0,0.0,25862,18553,25565
0.0,38.0,10.0,1.0,0.0,1.0,1.0,21358,20589,25565
0.0,42.0,12.0,0.0,0.0,1.0,0.0,14032,12194,15645
0.0,51.0,11.0,0.0,0.0,1.0,1.0,25862,25244,25565
0.0,16.0,10.0,0.0,0.0,0.0,1.0,0,3074,15951
0.0,51.0,12.0,0.0,0.0,1.0,0.0,25615,25244,25565
0.0,16.0,9.0,0.0,0.0,0.0,1.0,0,0,628
0.0,48.0,9.0,0.0,0.0,0.0,1.0,8168,8719,8710
0.0,19.0,9.0,0.0,0.0,0.0,1.0,474,1312,0
0.0,46.0,12.0,0.0,0.0,1.0,0.0,25862,25244,25565
0.0,50.0,8.0,0.0,0.0,1.0,1.0,18676,25244,12809
0.0,19.0,8.0,0.0,0.0,1.0,1.0,0,4676,562
0.0,26.0,13.0,0.0,0.0,1.0,0.0,24271,25244,0
0.0,26.0,14.0,0.0,0.0,1.0,0.0,25862,25244,25565
0.0,24.0,12.0,0.0,1.0,1.0,0.0,18654,18322,21032
0.0,22.0,14.0,0.0,0.0,1.0,0.0,3174,8656,16933
0.0,27.0,18.0,0.0,0.0,0.0,0.0,196,1832,6387
0.0,22.0,16.0,0.0,0.0,1.0,0.0,1728,5702,15311
0.0,27.0,16.0,0.0,0.0,1.0,0.0,13421,14328,14777
0.0,47.0,8.0,0.0,0.0,1.0,1.0,25862,25244,25565
0.0,50.0,10.0,0.0,0.0,1.0,1.0,25862,20873,24208
0.0,38.0,17.0,0.0,0.0,1.0,0.0,0,0,0
0.0,37.0,12.0,0.0,0.0,1.0,0.0,19971,19013,20699
0.0,29.0,16.0,1.0,0.0,0.0,0.0,25862,25244,25565
0.0,43.0,12.0,0.0,0.0,1.0,0.0,25862,22707,25565
0.0,30.0,17.0,0.0,0.0,1.0,0.0,25862,25244,25565
0.0,51.0,12.0,0.0,0.0,1.0,0.0,22641,25244,25016
0.0,45.0,15.0,0.0,0.0,1.0,0.0,25862,25244,25565
0.0,19.0,14.0,0.0,0.0,0.0,0.0,3176,7251,18792
0.0,40.0,18.0,0.0,0.0,0.0,0.0,25862,25244,25565
0.0,21.0,11.0,0.0,0.0,0.0,1.0,3715,3042,14000
0.0,33.0,11.0,0.0,0.0,1.0,1.0,25847,25244,22488
0.0,19.0,10.0,0.0,0.0,0.0,1.0,3039,1280,2610
0.0,54.0,9.0,0.0,0.0,1.0,1.0,25862,23668,25163
0.0,30.0,14.0,0.0,0.0,0.0,0.0,25862,25244,25565
0.0,21.0,10.0,1.0,0.0,0.0,1.0,8276,12167,25565
0.0,34.0,8.0,0.0,0.0,1.0,1.0,12704,8973,12556
0.0,46.0,8.0,0.0,0.0,1.0,1.0,25862,25244,25565
0.0,20.0,12.0,0.0,0.0,0.0,0.0,9397,15248,14114
0.0,50.0,12.0,0.0,0.0,0.0,0.0,19867,19121,0
0.0,35.0,9.0,0.0,0.0,1.0,1.0,25862,20526,24267
0.0,17.0,10.0,0.0,0.0,0.0,1.0,421,1498,14798
0.0,51.0,9.0,0.0,0.0,1.0,1.0,25862,23537,25565
0.0,33.0,12.0,0.0,0.0,1.0,0.0,1211,1957,0
0.0,46.0,10.0,0.0,0.0,1.0,1.0,13825,9630,25485
0.0,23.0,17.0,0.0,0.0,0.0,0.0,0,0,18618
0.0,26.0,12.0,0.0,0.0,1.0,0.0,7257,12967,9131
0.0,29.0,14.0,0.0,0.0,1.0,0.0,19105,19597,25565
0.0,34.0,11.0,0.0,0.0,1.0,1.0,6187,15184,587
0.0,20.0,12.0,0.0,1.0,1.0,0.0,4324,9050,20059
0.0,39.0,10.0,0.0,1.0,1.0,1.0,9066,13041,0
0.0,21.0,6.0,0.0,1.0,1.0,1.0,0,7270,15778
0.0,34.0,17.0,0.0,0.0,1.0,0.0,20878,21067,25282
0.0,23.0,12.0,1.0,0.0,1.0,0.0,8629,8678,0
0.0,49.0,12.0,0.0,0.0,0.0,0.0,16726,21717,22018
0.0,23.0,12.0,0.0,0.0,1.0,0.0,4955,2771,0
0.0,32.0,12.0,1.0,0.0,1.0,0.0,25862,19328,25565
0.0,31.0,12.0,1.0,0.0,1.0,0.0,25200,23987,25565
0.0,49.0,18.0,0.0,0.0,0.0,0.0,25862,25244,25565
0.0,22.0,10.0,0.0,0.0,0.0,1.0,17269,4401,2453
0.0,28.0,17.0,1.0,0.0,1.0,0.0,24291,23976,24317
0.0,24.0,12.0,1.0,0.0,1.0,0.0,8574,4293,0
0.0,19.0,9.0,1.0,0.0,0.0,1.0,24869,23666,25565
0.0,46.0,12.0,0.0,0.0,0.0,0.0,0,0,0
0.0,23.0,12.0,1.0,0.0,1.0,0.0,14452,21450,25565
0.0,49.0,12.0,0.0,0.0,1.0,0.0,25862,25244,0
0.0,21.0,15.0,0.0,0.0,0.0,0.0,8348,6893,25417
0.0,21.0,12.0,1.0,0.0,1.0,0.0,25862,23661,25565
0.0,25.0,16.0,0.0,0.0,1.0,0.0,18015,10681,0
0.0,33.0,12.0,0.0,0.0,1.0,0.0,25862,25244,6028
0.0,47.0,12.0,0.0,0.0,1.0,0.0,25862,25244,25565
0.0,19.0,12.0,0.0,0.0,0.0,0.0,8740,9449,20864
0.0,24.0,12.0,0.0,0.0,1.0,0.0,24379,25244,25565
0.0,41.0,16.0,0.0,0.0,1.0,0.0,25862,25244,25565
0.0,49.0,9.0,0.0,0.0,0.0,1.0,25862,25244,25565
0.0,23.0,10.0,0.0,0.0,0.0,1.0,21037,17388,25565
0.0,33.0,12.0,0.0,0.0,1.0,0.0,25862,25244,11673
0.0,40.0,12.0,0.0,0.0,0.0,0.0,21495,11947,25565
0.0,49.0,9.0,0.0,0.0,1.0,1.0,21064,25244,25565
0.0,18.0,11.0,0.0,0.0,0.0,1.0,296,1191,16184
0.0,48.0,11.0,0.0,0.0,1.0,1.0,23433,21224,18553
0.0,48.0,8.0,0.0,0.0,0.0,1.0,25862,25244,0
0.0,28.0,12.0,0.0,0.0,1.0,0.0,25862,25244,25565
0.0,49.0,12.0,0.0,0.0,1.0,0.0,25862,25244,25565
0.0,36.0,12.0,0.0,0.0,1.0,0.0,19608,21285,17408
0.0,53.0,12.0,0.0,0.0,1.0,0.0,25862,25244,25565
0.0,29.0,10.0,0.0,0.0,1.0,1.0,22628,25244,24622
0.0,20.0,12.0,0.0,0.0,0.0,0.0,7745,523,17034
0.0,45.0,7.0,0.0,0.0,1.0,1.0,17968,19541,19333
0.0,20.0,12.0,0.0,0.0,0.0,0.0,6438,10357,25565
0.0,53.0,7.0,1.0,0.0,1.0,1.0,12890,12502,25565
0.0,28.0,12.0,0.0,0.0,1.0,0.0,25862,23007,25565
0.0,24.0,12.0,0.0,0.0,1.0,0.0,25862,25244,25565
0.0,25.0,9.0,0.0,0.0,0.0,1.0,5225,11309,25107
0.0,31.0,16.0,0.0,0.0,1.0,0.0,19544,20610,20441
0.0,20.0,13.0,0.0,0.0,0.0,0.0,235,274,5159
0.0,33.0,12.0,0.0,0.0,1.0,0.0,1029,6719,23076
0.0,17.0,8.0,0.0,0.0,0.0,1.0,0,0,16610
0.0,43.0,8.0,0.0,0.0,1.0,1.0,20086,25244,25565
0.0,51.0,12.0,0.0,0.0,1.0,0.0,22302,22116,22478
0.0,19.0,12.0,0.0,0.0,0.0,0.0,6552,7886,11407
0.0,17.0,9.0,0.0,0.0,0.0,1.0,37,963,7607
0.0,33.0,16.0,0.0,0.0,1.0,0.0,0,0,3944
0.0,43.0,9.0,0.0,0.0,1.0,1.0,14499,14421,12627
0.0,25.0,12.0,0.0,0.0,0.0,0.0,12091,11082,10387
0.0,20.0,12.0,0.0,0.0,0.0,0.0,5102,10078,16039
0.0,53.0,8.0,0.0,0.0,1.0,1.0,25862,20394,545
0.0,18.0,11.0,0.0,0.0,0.0,1.0,3728,4231,3357
0.0,38.0,13.0,0.0,0.0,1.0,0.0,25862,25244,25565
0.0,44.0,8.0,0.0,0.0,1.0,1.0,18770,18118,13935
0.0,26.0,12.0,0.0,0.0,1.0,0.0,17986,25156,25565
0.0,40.0,12.0,0.0,0.0,1.0,0.0,16084,16070,20008
0.0,35.0,12.0,0.0,0.0,1.0,0.0,25862,25244,25565
0.0,20.0,12.0,0.0,0.0,0.0,0.0,2065,6554,9249
0.0,19.0,12.0,0.0,0.0,0.0,0.0,0,739,9131
0.0,50.0,17.0,0.0,0.0,1.0,0.0,0,0,0
0.0,22.0,15.0,0.0,0.0,0.0,0.0,3268,632,3985
0.0,29.0,16.0,0.0,0.0,1.0,0.0,24900,25244,25565
0.0,44.0,16.0,0.0,0.0,1.0,0.0,17898,7808,0
0.0,37.0,12.0,0.0,0.0,1.0,0.0,24985,23476,25565
0.0,36.0,11.0,0.0,0.0,1.0,1.0,13723,10642,12397
0.0,30.0,7.0,0.0,0.0,1.0,1.0,5186,1226,11214
0.0,18.0,12.0,0.0,0.0,0.0,0.0,643,3004,0
0.0,55.0,12.0,0.0,0.0,1.0,0.0,0,0,0
0.0,50.0,16.0,0.0,0.0,1.0,0.0,25862,25244,25565
0.0,18.0,11.0,0.0,0.0,0.0,1.0,0,1432,2143
0.0,52.0,12.0,0.0,0.0,1.0,0.0,22655,20121,20931
0.0,26.0,18.0,0.0,0.0,1.0,0.0,0,0,0
0.0,52.0,12.0,0.0,0.0,1.0,0.0,25862,25244,19039
0.0,52.0,10.0,0.0,0.0,1.0,1.0,25862,16978,25565
0.0,19.0,12.0,0.0,0.0,0.0,0.0,0,0,23053
0.0,45.0,18.0,0.0,0.0,0.0,0.0,0,915,2364
0.0,25.0,12.0,0.0,0.0,1.0,0.0,15237,7913,22750
0.0,28.0,12.0,0.0,0.0,1.0,0.0,0,0,6826
0.0,31.0,18.0,0.0,0.0,1.0,0.0,0,0,748
0.0,31.0,13.0,0.0,0.0,1.0,0.0,23946,21020,25565
0.0,43.0,7.0,0.0,0.0,1.0,1.0,25862,24184,25565
0.0,29.0,11.0,0.0,0.0,1.0,1.0,0,0,0
0.0,33.0,8.0,0.0,0.0,1.0,1.0,12312,7475,25514
0.0,38.0,8.0,0.0,0.0,1.0,1.0,21673,18310,16917
0.0,40.0,8.0,0.0,0.0,1.0,1.0,20286,22957,25565
0.0,39.0,6.0,0.0,0.0,1.0,1.0,16538,2451,25565
0.0,17.0,9.0,0.0,0.0,0.0,1.0,274,0,7631
0.0,33.0,12.0,0.0,0.0,1.0,0.0,0,0,0
0.0,50.0,9.0,0.0,0.0,1.0,1.0,6779,6195,5001
0.0,34.0,12.0,0.0,0.0,1.0,0.0,21266,11485,25565
0.0,19.0,12.0,0.0,0.0,0.0,0.0,2069,1312,8068
0.0,47.0,12.0,0.0,0.0,1.0,0.0,25862,25244,25565
0.0,17.0,10.0,0.0,0.0,0.0,1.0,0,238,9475
0.0,24.0,14.0,0.0,0.0,1.0,0.0,12708,12586,14256
0.0,22.0,14.0,0.0,0.0,1.0,0.0,12569,15893,12026
0.0,55.0,9.0,0.0,0.0,1.0,1.0,3393,3226,6073
0.0,20.0,12.0,0.0,0.0,0.0,0.0,3393,3226,6073
0.0,28.0,12.0,0.0,0.0,1.0,0.0,12484,2721,0
0.0,32.0,15.0,0.0,0.0,0.0,0.0,4469,0,8628
0.0,21.0,14.0,0.0,0.0,1.0,0.0,7949,5188,10758
0.0,24.0,14.0,0.0,0.0,0.0,0.0,11358,4447,8488
0.0,28.0,16.0,0.0,0.0,1.0,0.0,11746,23328,25565
0.0,23.0,15.0,0.0,0.0,0.0,0.0,7218,8714,17866
0.0,33.0,12.0,0.0,0.0,1.0,0.0,18829,17724,23422
0.0,47.0,12.0,0.0,0.0,1.0,0.0,25862,25244,25565
0.0,35.0,14.0,0.0,0.0,1.0,0.0,17330,18748,20775
0.0,48.0,9.0,0.0,0.0,1.0,1.0,0,0,0
0.0,35.0,11.0,0.0,0.0,1.0,1.0,25862,21341,17880
0.0,32.0,12.0,0.0,0.0,1.0,0.0,0,0,0
0.0,42.0,12.0,0.0,0.0,1.0,0.0,0,3932,14519
0.0,26.0,12.0,0.0,0.0,1.0,0.0,6119,11363,14879
0.0,18.0,12.0,0.0,0.0,0.0,0.0,0,1769,3087
0.0,55.0,12.0,0.0,0.0,1.0,0.0,0,4710,0
0.0,55.0,18.0,0.0,0.0,1.0,0.0,25862,25244,25565
0.0,33.0,12.0,0.0,0.0,1.0,0.0,20006,2933,21876
0.0,25.0,14.0,0.0,0.0,1.0,0.0,24187,25192,24116
0.0,20.0,12.0,0.0,0.0,0.0,0.0,7543,8826,13768
0.0,30.0,13.0,0.0,0.0,1.0,0.0,25862,25244,25565
0.0,50.0,10.0,0.0,0.0,1.0,1.0,25862,24404,25565
0.0,22.0,12.0,0.0,0.0,0.0,0.0,8491,11843,13552
0.0,17.0,9.0,0.0,0.0,0.0,1.0,0,711,12160
0.0,43.0,14.0,0.0,0.0,1.0,0.0,21332,20675,22899
0.0,46.0,14.0,0.0,0.0,1.0,0.0,25420,24535,24300
0.0,32.0,12.0,0.0,0.0,0.0,0.0,388,161,2812
0.0,22.0,13.0,0.0,0.0,0.0,0.0,15809,15914,18430
0.0,28.0,13.0,0.0,0.0,1.0,0.0,23178,25244,23577
0.0,23.0,14.0,0.0,0.0,1.0,0.0,15423,2539,25565
0.0,46.0,12.0,0.0,0.0,1.0,0.0,24507,24463,25565
0.0,16.0,9.0,0.0,0.0,0.0,1.0,0,0,0
0.0,27.0,9.0,0.0,0.0,1.0,1.0,0,0,38
0.0,24.0,12.0,0.0,0.0,0.0,0.0,25862,25244,25565
0.0,20.0,12.0,0.0,0.0,0.0,0.0,14281,288,9193
0.0,26.0,14.0,0.0,0.0,1.0,0.0,25862,19762,25565
0.0,52.0,15.0,0.0,0.0,1.0,0.0,23956,25244,24075
0.0,28.0,7.0,0.0,0.0,1.0,1.0,19393,19642,25565
0.0,22.0,16.0,1.0,0.0,0.0,0.0,4022,7877,13938
0.0,40.0,12.0,0.0,0.0,1.0,0.0,25862,24980,25565
0.0,41.0,18.0,0.0,0.0,1.0,0.0,3231,4315,4782
0.0,43.0,16.0,0.0,0.0,1.0,0.0,2812,1588,0
0.0,32.0,12.0,0.0,0.0,1.0,0.0,25862,25244,0
0.0,22.0,13.0,0.0,0.0,1.0,0.0,13537,7940,9373
0.0,21.0,12.0,0.0,0.0,1.0,0.0,11546,8107,4049
0.0,20.0,9.0,1.0,0.0,0.0,1.0,0,0,86
0.0,52.0,12.0,0.0,0.0,1.0,0.0,21963,16892,19728
0.0,44.0,9.0,0.0,0.0,1.0,1.0,15512,15592,21901
0.0,25.0,9.0,0.0,0.0,1.0,1.0,7575,8375,16327
0.0,42.0,4.0,0.0,0.0,1.0,1.0,23305,13159,0
0.0,17.0,8.0,0.0,0.0,0.0,1.0,0,0,427
0.0,47.0,6.0,0.0,0.0,1.0,1.0,25862,25244,25565
0.0,19.0,10.0,0.0,0.0,0.0,1.0,8094,8678,1859
0.0,51.0,12.0,0.0,0.0,1.0,0.0,23143,22053,18711
0.0,28.0,12.0,0.0,0.0,0.0,0.0,9185,13834,0
0.0,16.0,9.0,0.0,0.0,0.0,1.0,80,0,2456
0.0,33.0,8.0,0.0,0.0,1.0,1.0,25862,19389,23722
0.0,27.0,12.0,1.0,0.0,0.0,0.0,24947,24621,11160
0.0,46.0,6.0,1.0,0.0,1.0,1.0,25862,25244,25565
0.0,38.0,9.0,0.0,0.0,0.0,1.0,15896,17196,14791
0.0,35.0,12.0,0.0,0.0,1.0,0.0,0,0,13549
0.0,34.0,12.0,0.0,0.0,0.0,0.0,13907,17776,16079
0.0,33.0,12.0,0.0,0.0,1.0,0.0,25862,23383,24740
0.0,28.0,12.0,0.0,0.0,1.0,0.0,0,0,1392
0.0,34.0,9.0,0.0,0.0,1.0,1.0,10445,25244,24573
0.0,42.0,8.0,0.0,0.0,1.0,1.0,25862,25244,14378
0.0,27.0,12.0,0.0,0.0,1.0,0.0,0,0,0
0.0,32.0,11.0,0.0,0.0,1.0,1.0,23231,21584,25565
0.0,21.0,12.0,0.0,0.0,1.0,0.0,25862,25244,25565
0.0,32.0,10.0,0.0,0.0,1.0,1.0,20915,11150,13787
0.0,29.0,12.0,0.0,0.0,1.0,0.0,18249,17798,14799
0.0,25.0,12.0,0.0,0.0,1.0,0.0,25862,25244,25565
0.0,49.0,8.0,0.0,0.0,1.0,1.0,14685,136,14963
0.0,26.0,13.0,0.0,0.0,1.0,0.0,21932,11367,22563
0.0,20.0,12.0,0.0,0.0,0.0,0.0,14232,12538,25565
0.0,44.0,12.0,0.0,0.0,1.0,0.0,24959,22472,4435
0.0,33.0,10.0,0.0,0.0,1.0,1.0,0,4685,0
0.0,50.0,12.0,0.0,0.0,0.0,0.0,0,0,19231
0.0,22.0,12.0,0.0,0.0,0.0,0.0,17414,16480,25565
0.0,25.0,12.0,0.0,0.0,1.0,0.0,16715,19495,20518
0.0,23.0,16.0,0.0,0.0,1.0,0.0,1883,0,25565
0.0,24.0,12.0,0.0,0.0,0.0,0.0,9111,0,1597
0.0,44.0,8.0,0.0,0.0,1.0,1.0,17242,15576,15402
0.0,18.0,12.0,0.0,0.0,0.0,0.0,0,784,0
0.0,17.0,10.0,0.0,0.0,0.0,1.0,0,152,10301
0.0,50.0,12.0,0.0,0.0,1.0,0.0,25862,25244,25565
0.0,28.0,12.0,0.0,0.0,0.0,0.0,10729,10862,11800
0.0,50.0,12.0,0.0,0.0,1.0,0.0,23911,24230,25565
0.0,24.0,12.0,0.0,0.0,0.0,0.0,18597,10246,19666
0.0,28.0,12.0,0.0,0.0,1.0,0.0,25862,25222,25565
0.0,29.0,10.0,0.0,0.0,1.0,1.0,20439,19839,5454
0.0,31.0,9.0,0.0,0.0,0.0,1.0,0,5394,10388
0.0,36.0,12.0,0.0,0.0,0.0,0.0,16287,13875,0
0.0,18.0,10.0,0.0,0.0,0.0,1.0,0,1821,15897
0.0,35.0,12.0,0.0,0.0,1.0,0.0,25862,25244,25565
0.0,44.0,10.0,0.0,0.0,0.0,1.0,25862,24717,22689
0.0,17.0,11.0,0.0,0.0,0.0,1.0,0,100,0
0.0,52.0,13.0,0.0,0.0,1.0,0.0,21658,21815,20469
0.0,22.0,16.0,0.0,0.0,0.0,0.0,3535,2111,21541
0.0,27.0,17.0,0.0,0.0,1.0,0.0,20425,20249,25565
0.0,22.0,12.0,0.0,0.0,1.0,0.0,22771,13452,25565
0.0,28.0,12.0,0.0,0.0,1.0,0.0,8985,12683,13743
0.0,24.0,12.0,0.0,0.0,1.0,0.0,17242,18288,19949
0.0,54.0,17.0,0.0,0.0,1.0,0.0,22986,17461,4565
0.0,19.0,13.0,0.0,0.0,0.0,0.0,1904,3808,3044
0.0,40.0,12.0,0.0,0.0,1.0,0.0,8662,6237,9177
0.0,24.0,10.0,0.0,0.0,1.0,1.0,0,532,41
0.0,37.0,8.0,0.0,0.0,0.0,1.0,23880,20501,22654
0.0,28.0,9.0,0.0,0.0,1.0,1.0,19736,18172,16817
0.0,28.0,12.0,0.0,0.0,0.0,0.0,19651,13907,4851
0.0,41.0,12.0,0.0,0.0,1.0,0.0,12004,13096,14958
0.0,27.0,12.0,0.0,0.0,0.0,0.0,23460,25244,25565
0.0,27.0,18.0,0.0,0.0,0.0,0.0,12759,24728,25565
0.0,26.0,18.0,0.0,0.0,0.0,0.0,294,6705,24168
0.0,25.0,16.0,0.0,0.0,0.0,0.0,20898,21484,24746
0.0,41.0,18.0,0.0,0.0,1.0,0.0,0,0,0
0.0,27.0,14.0,0.0,0.0,1.0,0.0,18337,18279,17325
0.0,24.0,12.0,0.0,0.0,0.0,0.0,13341,13399,19199
0.0,48.0,12.0,0.0,0.0,1.0,0.0,25862,25244,25565
0.0,47.0,12.0,0.0,0.0,1.0,0.0,25862,19706,25565
0.0,23.0,14.0,0.0,0.0,1.0,0.0,8913,12321,17428
0.0,23.0,14.0,0.0,0.0,0.0,0.0,11358,12713,1606
0.0,47.0,12.0,0.0,0.0,1.0,0.0,16644,19889,22986
0.0,18.0,11.0,0.0,0.0,0.0,1.0,1228,2854,4965
0.0,40.0,16.0,0.0,0.0,1.0,0.0,23464,22041,21681
0.0,25.0,16.0,0.0,0.0,1.0,0.0,10318,4667,25565
0.0,23.0,16.0,0.0,0.0,1.0,0.0,5760,9095,25565
0.0,54.0,12.0,0.0,0.0,1.0,0.0,25862,25244,25565
0.0,40.0,0.0,0.0,0.0,0.0,1.0,143,295,0
0.0,31.0,18.0,0.0,0.0,0.0,0.0,3952,883,4178
0.0,27.0,18.0,0.0,0.0,1.0,0.0,12151,1015,25565
0.0,51.0,11.0,0.0,0.0,1.0,1.0,17504,14074,19005
0.0,23.0,12.0,0.0,0.0,0.0,0.0,7251,0,7176
0.0,26.0,13.0,0.0,0.0,1.0,0.0,0,0,0
0.0,23.0,15.0,0.0,0.0,0.0,0.0,4081,2360,7740
0.0,47.0,18.0,0.0,0.0,1.0,0.0,22537,23280,25565
0.0,50.0,12.0,0.0,0.0,1.0,0.0,10694,22347,25565
0.0,16.0,8.0,0.0,0.0,0.0,1.0,0,0,4795
0.0,33.0,15.0,0.0,0.0,0.0,0.0,25862,25244,25565
0.0,30.0,14.0,0.0,0.0,0.0,0.0,2847,8896,25565
0.0,46.0,12.0,0.0,0.0,1.0,0.0,22618,25244,25565
0.0,45.0,12.0,0.0,0.0,1.0,0.0,13008,12267,17733
0.0,21.0,14.0,0.0,0.0,0.0,0.0,4018,3291,20789
0.0,29.0,12.0,0.0,0.0,1.0,0.0,25649,19035,7059
0.0,21.0,10.0,0.0,0.0,1.0,1.0,15880,15964,25565
0.0,24.0,14.0,0.0,0.0,1.0,0.0,9710,17740,25328
0.0,54.0,8.0,0.0,0.0,1.0,1.0,25862,25244,13557
0.0,18.0,12.0,0.0,0.0,0.0,0.0,5333,2829,1565
0.0,39.0,12.0,0.0,0.0,0.0,0.0,19316,20544,17844
0.0,47.0,8.0,0.0,0.0,1.0,1.0,25862,25244,25565
0.0,21.0,12.0,0.0,0.0,0.0,0.0,10772,12119,15311
0.0,28.0,15.0,0.0,0.0,1.0,0.0,7069,13968,0
0.0,29.0,12.0,0.0,0.0,1.0,0.0,18731,17522,18290
0.0,23.0,14.0,0.0,0.0,0.0,0.0,23546,16381,20688
0.0,24.0,12.0,0.0,0.0,1.0,0.0,23166,25244,15500
0.0,18.0,8.0,0.0,0.0,1.0,1.0,5846,10026,324
0.0,24.0,12.0,0.0,0.0,1.0,0.0,9549,10515,14792
0.0,52.0,7.0,0.0,0.0,0.0,1.0,1469,10482,0
0.0,16.0,10.0,0.0,0.0,0.0,1.0,0,0,1890
0.0,45.0,12.0,0.0,0.0,1.0,0.0,20200,13612,16332
0.0,25.0,12.0,0.0,0.0,1.0,0.0,15897,14663,10847
0.0,28.0,12.0,0.0,0.0,1.0,0.0,20996,18883,18016
0.0,38.0,16.0,0.0,0.0,1.0,0.0,25862,25244,25565
0.0,51.0,8.0,0.0,0.0,1.0,1.0,9847,10756,10635
0.0,33.0,12.0,0.0,0.0,1.0,0.0,18251,20825,22516
0.0,30.0,13.0,0.0,0.0,1.0,0.0,10637,5700,2366
0.0,33.0,12.0,0.0,0.0,1.0,0.0,25862,25244,25565
0.0,34.0,12.0,0.0,1.0,1.0,0.0,22577,21013,21080
0.0,40.0,12.0,0.0,0.0,1.0,0.0,25862,25244,24637
0.0,31.0,12.0,0.0,1.0,0.0,0.0,24626,22936,22685
0.0,53.0,12.0,0.0,0.0,1.0,0.0,24452,25244,25565
0.0,31.0,12.0,0.0,0.0,1.0,0.0,21903,24708,25565
0.0,28.0,12.0,0.0,0.0,1.0,0.0,0,285,0
0.0,25.0,12.0,0.0,0.0,0.0,0.0,462,1355,0
0.0,46.0,12.0,0.0,0.0,1.0,0.0,25862,22230,25565
0.0,31.0,12.0,0.0,0.0,1.0,0.0,25862,25244,25565
0.0,29.0,13.0,0.0,0.0,1.0,0.0,22920,22306,19120
0.0,38.0,13.0,0.0,0.0,1.0,0.0,25862,25244,25565
0.0,52.0,12.0,0.0,0.0,0.0,0.0,16628,18576,14947
0.0,17.0,10.0,0.0,0.0,0.0,1.0,1438,1853,14739
0.0,34.0,14.0,0.0,0.0,0.0,0.0,13595,10500,25565
0.0,55.0,12.0,0.0,0.0,1.0,0.0,19920,19805,21149
0.0,52.0,17.0,0.0,0.0,1.0,0.0,0,0,5416
0.0,21.0,13.0,0.0,0.0,0.0,0.0,2134,2250,1560
0.0,32.0,16.0,0.0,0.0,1.0,0.0,24281,23545,25565
0.0,43.0,12.0,0.0,0.0,1.0,0.0,25862,23852,24312
0.0,21.0,14.0,0.0,0.0,0.0,0.0,14175,11508,1464
0.0,31.0,9.0,0.0,1.0,1.0,1.0,25862,25244,5179
0.0,41.0,7.0,0.0,0.0,1.0,1.0,25862,16288,25565
0.0,35.0,12.0,0.0,0.0,1.0,0.0,25862,25244,25565
0.0,33.0,15.0,0.0,0.0,1.0,0.0,25862,25244,25565
0.0,21.0,10.0,0.0,0.0,1.0,1.0,23460,12602,23604
0.0,29.0,13.0,0.0,0.0,0.0,0.0,14734,6991,18439
0.0,29.0,18.0,0.0,0.0,0.0,0.0,20996,22039,23459
0.0,33.0,10.0,0.0,0.0,1.0,1.0,25862,25244,25565
0.0,23.0,13.0,0.0,0.0,1.0,0.0,18727,17436,25565
0.0,29.0,15.0,0.0,0.0,1.0,0.0,25862,25244,25565
0.0,31.0,18.0,0.0,0.0,1.0,0.0,0,0,0
0.0,30.0,16.0,0.0,0.0,1.0,0.0,18584,12242,16205
0.0,25.0,16.0,0.0,0.0,1.0,0.0,25862,25244,25565
0.0,35.0,11.0,0.0,0.0,1.0,1.0,25862,25244,25565
0.0,20.0,12.0,0.0,0.0,1.0,0.0,3558,6798,6681
0.0,22.0,12.0,0.0,0.0,0.0,0.0,0,0,0
0.0,22.0,12.0,0.0,0.0,0.0,0.0,21579,25242,25565
0.0,29.0,12.0,0.0,0.0,1.0,0.0,17990,18634,17612
0.0,24.0,12.0,0.0,0.0,0.0,0.0,10506,11641,24214
0.0,50.0,8.0,0.0,0.0,1.0,1.0,25862,25244,25565
0.0,17.0,10.0,0.0,0.0,0.0,1.0,0,0,15281
0.0,55.0,12.0,0.0,0.0,0.0,0.0,21713,24431,0
0.0,30.0,16.0,0.0,0.0,1.0,0.0,13695,10742,8290
0.0,19.0,11.0,0.0,0.0,0.0,1.0,1142,3246,15776
0.0,44.0,12.0,0.0,0.0,1.0,0.0,6209,25244,25565
0.0,16.0,1.0,0.0,0.0,0.0,1.0,0,931,2351
0.0,36.0,12.0,0.0,0.0,1.0,0.0,2459,0,4857
0.0,38.0,15.0,0.0,0.0,1.0,0.0,7253,4680,3142
0.0,19.0,12.0,0.0,0.0,0.0,0.0,0,0,0
0.0,25.0,12.0,0.0,0.0,1.0,0.0,14559,14389,14974
0.0,35.0,11.0,0.0,0.0,1.0,1.0,19544,20086,13044
0.0,23.0,16.0,0.0,0.0,1.0,0.0,5594,17597,20171
0.0,31.0,12.0,0.0,0.0,1.0,0.0,21003,22266,25565
0.0,22.0,10.0,0.0,0.0,1.0,1.0,5317,0,7328
0.0,26.0,12.0,0.0,0.0,1.0,0.0,12633,12785,23886
0.0,23.0,12.0,0.0,0.0,1.0,0.0,25862,24291,25565
0.0,22.0,12.0,0.0,0.0,1.0,0.0,14849,8033,21842
0.0,26.0,12.0,0.0,0.0,1.0,0.0,21117,20911,22552
0.0,26.0,12.0,0.0,0.0,1.0,0.0,0,0,0
0.0,55.0,12.0,0.0,0.0,1.0,0.0,17743,14498,11609
0.0,24.0,12.0,0.0,0.0,0.0,0.0,11234,13143,9512
0.0,23.0,14.0,0.0,0.0,1.0,0.0,13635,14120,18028
0.0,21.0,14.0,0.0,0.0,1.0,0.0,8879,14670,21554
0.0,50.0,12.0,0.0,0.0,1.0,0.0,25862,18254,25565
0.0,18.0,11.0,0.0,0.0,0.0,1.0,6475,6941,142
0.0,37.0,15.0,0.0,0.0,1.0,0.0,11131,14147,25565
0.0,23.0,12.0,0.0,0.0,1.0,0.0,9685,14657,25565
0.0,18.0,11.0,0.0,0.0,0.0,1.0,86,1257,9933
0.0,24.0,10.0,0.0,1.0,1.0,1.0,15239,13329,0
0.0,55.0,12.0,0.0,0.0,1.0,0.0,13846,16072,16843
0.0,23.0,12.0,0.0,0.0,1.0,0.0,16905,20089,23907
0.0,24.0,12.0,0.0,0.0,1.0,0.0,11910,12011,71
0.0,41.0,13.0,0.0,0.0,1.0,0.0,24293,22578,24675
0.0,35.0,12.0,0.0,0.0,1.0,0.0,25862,22773,25565
0.0,31.0,12.0,0.0,0.0,1.0,0.0,2318,1386,618
0.0,47.0,12.0,1.0,0.0,1.0,0.0,25862,25244,25565
0.0,32.0,13.0,0.0,0.0,1.0,0.0,25862,25244,25565
0.0,41.0,14.0,0.0,0.0,1.0,0.0,25862,25244,25565
0.0,17.0,12.0,0.0,0.0,0.0,0.0,212,1484,4678
0.0,26.0,16.0,0.0,0.0,1.0,0.0,23045,24078,25565
0.0,21.0,13.0,0.0,0.0,1.0,0.0,3207,17601,13944
0.0,22.0,13.0,0.0,0.0,1.0,0.0,21867,17837,25565
0.0,19.0,12.0,0.0,0.0,1.0,0.0,6671,15921,25565
0.0,25.0,16.0,0.0,0.0,0.0,0.0,23972,21425,20780
0.0,38.0,12.0,0.0,0.0,0.0,0.0,19066,14917,0
0.0,21.0,10.0,0.0,0.0,0.0,1.0,6969,8037,9926
0.0,41.0,14.0,0.0,0.0,1.0,0.0,25862,15320,16342
0.0,17.0,10.0,0.0,0.0,0.0,1.0,705,591,16712
0.0,34.0,10.0,0.0,0.0,1.0,1.0,25862,25244,25565
0.0,53.0,12.0,0.0,0.0,1.0,0.0,25862,25244,25427
0.0,22.0,12.0,0.0,0.0,1.0,0.0,11035,19957,20712
0.0,21.0,14.0,0.0,0.0,0.0,0.0,1671,2297,0
0.0,24.0,14.0,0.0,0.0,0.0,0.0,11562,8475,25565
0.0,21.0,14.0,0.0,0.0,0.0,0.0,8456,1330,16967
0.0,26.0,18.0,0.0,0.0,0.0,0.0,0,270,7380
0.0,46.0,12.0,0.0,0.0,1.0,0.0,19744,21206,25565
0.0,53.0,12.0,0.0,0.0,1.0,0.0,25004,25244,0
0.0,20.0,12.0,0.0,0.0,1.0,0.0,0,0,0
0.0,54.0,8.0,0.0,0.0,1.0,1.0,10180,7833,11448
0.0,31.0,17.0,0.0,0.0,1.0,0.0,22054,22010,22429
0.0,51.0,12.0,0.0,0.0,1.0,0.0,11716,11232,12496
0.0,19.0,12.0,0.0,0.0,0.0,0.0,10523,5188,15766
0.0,46.0,8.0,0.0,0.0,1.0,1.0,251,1577,8967
0.0,23.0,12.0,0.0,0.0,1.0,0.0,488,2558,13650
0.0,16.0,10.0,0.0,0.0,0.0,1.0,0,0,0
0.0,20.0,14.0,0.0,0.0,1.0,0.0,3266,3862,17199
0.0,21.0,14.0,0.0,0.0,1.0,0.0,2355,3500,8766
0.0,21.0,15.0,0.0,0.0,1.0,0.0,0,5675,16775
0.0,39.0,13.0,1.0,0.0,1.0,0.0,18913,14362,0
0.0,29.0,16.0,0.0,0.0,1.0,0.0,21944,21326,20147
0.0,18.0,12.0,0.0,1.0,0.0,0.0,551,1642,760
0.0,26.0,16.0,0.0,0.0,0.0,0.0,22169,24119,25565
0.0,23.0,18.0,0.0,0.0,1.0,0.0,3431,5213,23822
0.0,26.0,12.0,0.0,1.0,1.0,0.0,24867,25244,25565
0.0,24.0,16.0,0.0,0.0,0.0,0.0,3176,16791,25540
0.0,38.0,12.0,0.0,0.0,1.0,0.0,25862,25244,25565
0.0,16.0,10.0,0.0,0.0,0.0,1.0,0,0,10848
0.0,21.0,12.0,0.0,0.0,1.0,0.0,13057,10217,15696
0.0,31.0,12.0,0.0,0.0,1.0,0.0,6771,16041,24238
0.0,28.0,10.0,0.0,0.0,1.0,1.0,22755,14249,25565
0.0,33.0,13.0,0.0,0.0,1.0,0.0,22116,22098,25565
0.0,28.0,15.0,0.0,0.0,0.0,0.0,19536,20476,21825
0.0,39.0,18.0,0.0,0.0,0.0,0.0,25862,25244,25565
0.0,48.0,12.0,0.0,0.0,1.0,0.0,25862,24578,3660
0.0,16.0,9.0,0.0,0.0,0.0,1.0,0,0,2902
0.0,52.0,8.0,0.0,0.0,1.0,1.0,25862,25244,20407
0.0,20.0,12.0,1.0,0.0,0.0,0.0,4361,3917,15886
0.0,35.0,10.0,1.0,0.0,1.0,1.0,16617,14539,25565
0.0,18.0,7.0,0.0,0.0,0.0,1.0,492,559,643
0.0,50.0,9.0,0.0,0.0,1.0,1.0,21013,20483,20400
0.0,53.0,7.0,0.0,0.0,0.0,1.0,1810,3224,5556
0.0,48.0,8.0,0.0,0.0,0.0,1.0,4036,5228,5556
0.0,31.0,12.0,0.0,0.0,1.0,0.0,0,0,0
0.0,47.0,8.0,0.0,0.0,1.0,1.0,22277,21029,20289
0.0,22.0,12.0,0.0,0.0,1.0,0.0,14836,16560,19728
0.0,24.0,12.0,0.0,0.0,1.0,0.0,10461,13721,21111
0.0,28.0,8.0,0.0,0.0,1.0,1.0,17859,15730,18194
0.0,17.0,10.0,0.0,0.0,0.0,1.0,0,1069,3037
0.0,29.0,12.0,0.0,0.0,0.0,0.0,10482,11795,17669
0.0,40.0,12.0,0.0,0.0,1.0,0.0,25862,25244,25565
0.0,22.0,12.0,0.0,0.0,1.0,0.0,18701,21076,15971
0.0,40.0,10.0,0.0,0.0,1.0,1.0,24550,20204,23546
0.0,37.0,10.0,0.0,0.0,1.0,1.0,25862,16999,25565
0.0,51.0,12.0,0.0,0.0,1.0,0.0,25862,20247,25565
0.0,19.0,12.0,0.0,0.0,0.0,0.0,2913,3642,1891
0.0,47.0,12.0,0.0,0.0,1.0,0.0,14269,3368,2571
0.0,50.0,16.0,0.0,0.0,1.0,0.0,1611,1755,0
0.0,38.0,16.0,0.0,0.0,1.0,0.0,25860,25244,25565
0.0,16.0,10.0,0.0,0.0,0.0,1.0,0,0,10257
0.0,54.0,12.0,0.0,0.0,1.0,0.0,18619,18288,5630
0.0,26.0,12.0,0.0,0.0,1.0,0.0,25862,17198,23981
0.0,44.0,12.0,0.0,0.0,1.0,0.0,25862,25242,24823
0.0,28.0,12.0,0.0,0.0,1.0,0.0,4849,19615,25565
0.0,37.0,12.0,0.0,0.0,1.0,0.0,9479,10608,0
0.0,45.0,12.0,0.0,0.0,1.0,0.0,0,0,0
0.0,16.0,10.0,0.0,0.0,0.0,1.0,1452,1737,1676
0.0,25.0,10.0,0.0,0.0,1.0,1.0,14181,7555,10325
0.0,41.0,12.0,0.0,0.0,1.0,0.0,18390,21507,0
0.0,28.0,16.0,0.0,0.0,1.0,0.0,21652,21061,22940
0.0,47.0,7.0,0.0,0.0,1.0,1.0,14107,12890,25565
0.0,27.0,13.0,0.0,0.0,1.0,0.0,23427,22397,14879
0.0,50.0,12.0,0.0,0.0,1.0,0.0,25862,25244,25565
0.0,21.0,15.0,0.0,0.0,0.0,0.0,5645,2546,6673
0.0,44.0,13.0,0.0,0.0,1.0,0.0,25862,25244,0
0.0,31.0,14.0,0.0,0.0,1.0,0.0,19610,23364,20416
0.0,24.0,16.0,0.0,0.0,1.0,0.0,18780,17873,17697
0.0,38.0,12.0,0.0,0.0,1.0,0.0,13834,15665,16395
0.0,46.0,10.0,0.0,0.0,1.0,1.0,18915,19534,19973
0.0,24.0,12.0,0.0,0.0,1.0,0.0,4706,0,0
0.0,43.0,12.0,0.0,0.0,1.0,0.0,0,0,0
0.0,18.0,12.0,0.0,0.0,0.0,0.0,0,0,21405
0.0,24.0,12.0,0.0,0.0,0.0,0.0,22473,24030,0
0.0,25.0,13.0,0.0,0.0,0.0,0.0,12520,14323,25565
0.0,47.0,11.0,0.0,0.0,1.0,1.0,25862,24169,24678
0.0,18.0,11.0,0.0,0.0,0.0,1.0,0,1343,3366
0.0,54.0,9.0,0.0,0.0,1.0,1.0,22731,25244,2366
0.0,52.0,8.0,0.0,0.0,1.0,1.0,25862,0,22810
0.0,17.0,10.0,0.0,0.0,0.0,1.0,0,0,9045
0.0,40.0,12.0,0.0,0.0,0.0,0.0,10325,10445,12915
0.0,31.0,12.0,0.0,0.0,1.0,0.0,0,2338,15359
0.0,26.0,12.0,0.0,0.0,1.0,0.0,11424,9822,25565
0.0,36.0,18.0,0.0,0.0,0.0,0.0,3956,2598,2070
0.0,22.0,12.0,0.0,0.0,0.0,0.0,20917,18032,19912
0.0,48.0,12.0,0.0,0.0,1.0,0.0,25410,24665,25565
0.0,31.0,12.0,0.0,0.0,1.0,0.0,23876,25244,0
0.0,22.0,14.0,0.0,0.0,1.0,0.0,14583,14410,19142
0.0,25.0,13.0,0.0,0.0,1.0,0.0,22628,21554,23545
0.0,52.0,12.0,0.0,0.0,1.0,0.0,16287,2591,0
0.0,20.0,11.0,0.0,0.0,1.0,1.0,7216,14201,18145
0.0,50.0,8.0,0.0,0.0,1.0,1.0,14140,10923,3313
0.0,23.0,8.0,0.0,0.0,0.0,1.0,2602,3033,6017
0.0,22.0,12.0,0.0,0.0,0.0,0.0,16932,5468,9759
0.0,46.0,12.0,0.0,0.0,1.0,0.0,0,0,0
0.0,21.0,14.0,0.0,0.0,0.0,0.0,0,2818,10808
0.0,38.0,10.0,0.0,0.0,1.0,1.0,15390,14985,15531
0.0,26.0,12.0,0.0,0.0,1.0,0.0,16615,0,0
0.0,35.0,12.0,0.0,1.0,1.0,0.0,25862,25244,25565
0.0,23.0,13.0,0.0,0.0,1.0,0.0,15092,8551,12048
0.0,27.0,16.0,0.0,0.0,0.0,0.0,17773,18091,9587
0.0,28.0,12.0,0.0,0.0,1.0,0.0,10976,12350,15591
0.0,21.0,12.0,0.0,0.0,0.0,0.0,12727,13121,14575
0.0,55.0,8.0,0.0,0.0,1.0,1.0,14759,14554,10196
0.0,29.0,13.0,0.0,0.0,1.0,0.0,25862,24499,25565
0.0,35.0,8.0,0.0,0.0,1.0,1.0,12400,12342,17669
0.0,45.0,12.0,0.0,0.0,1.0,0.0,18051,14450,18027
0.0,41.0,12.0,0.0,0.0,1.0,0.0,20756,15112,25565
0.0,21.0,12.0,0.0,0.0,0.0,0.0,9867,10887,2162
0.0,30.0,12.0,0.0,0.0,1.0,0.0,25862,25244,25565
0.0,34.0,12.0,0.0,0.0,1.0,0.0,25862,23722,23528
0.0,30.0,15.0,0.0,0.0,0.0,0.0,25862,25244,25565
0.0,47.0,11.0,0.0,0.0,1.0,1.0,25862,22352,25565
0.0,26.0,16.0,0.0,0.0,1.0,0.0,21910,23027,24374
0.0,26.0,16.0,0.0,0.0,1.0,0.0,20157,23536,25565
0.0,28.0,12.0,0.0,0.0,1.0,0.0,0,0,0
0.0,23.0,12.0,0.0,0.0,1.0,0.0,10118,14027,15099
0.0,29.0,12.0,0.0,0.0,1.0,0.0,23223,23068,23041
0.0,42.0,18.0,0.0,0.0,1.0,0.0,25862,25244,25565
0.0,26.0,6.0,0.0,1.0,1.0,1.0,14301,14742,10207
0.0,43.0,9.0,1.0,0.0,1.0,1.0,4904,0,9997
0.0,30.0,13.0,0.0,1.0,0.0,0.0,25862,23297,16225
0.0,40.0,18.0,0.0,1.0,0.0,0.0,8899,0,9088
0.0,33.0,14.0,0.0,1.0,0.0,0.0,25026,25244,25565
0.0,55.0,12.0,0.0,0.0,1.0,0.0,25862,25244,25565
0.0,34.0,12.0,0.0,0.0,1.0,0.0,25862,25244,25565
0.0,34.0,13.0,0.0,0.0,1.0,0.0,25862,25244,25565
0.0,55.0,13.0,0.0,0.0,0.0,0.0,0,0,0
0.0,54.0,12.0,0.0,0.0,0.0,0.0,12939,11719,4560
0.0,21.0,11.0,0.0,1.0,0.0,1.0,13025,13134,10159
0.0,43.0,12.0,0.0,0.0,1.0,0.0,25862,25244,25565
0.0,38.0,6.0,0.0,1.0,1.0,1.0,15600,17164,8880
0.0,24.0,12.0,0.0,1.0,1.0,0.0,15774,12380,0
0.0,43.0,4.0,0.0,1.0,1.0,1.0,9928,0,7684
0.0,40.0,12.0,0.0,0.0,1.0,0.0,20762,6988,23381
0.0,49.0,12.0,0.0,1.0,1.0,0.0,6191,5629,4457
0.0,27.0,12.0,0.0,1.0,1.0,0.0,3605,17882,4803
0.0,38.0,12.0,0.0,1.0,1.0,0.0,22355,19998,20427
0.0,39.0,18.0,0.0,1.0,1.0,0.0,63,6773,15956
0.0,38.0,8.0,0.0,1.0,1.0,1.0,22606,4979,8720
0.0,34.0,12.0,0.0,0.0,1.0,0.0,25860,25244,25565
0.0,31.0,6.0,0.0,0.0,1.0,1.0,9375,13820,15095
0.0,50.0,11.0,0.0,0.0,1.0,1.0,18762,19787,20818
0.0,18.0,10.0,0.0,0.0,0.0,1.0,18,186,9224
0.0,26.0,16.0,0.0,0.0,0.0,0.0,3309,0,0
0.0,22.0,9.0,1.0,0.0,1.0,1.0,8866,10549,8605
0.0,45.0,9.0,1.0,0.0,1.0,1.0,19222,6877,2616
0.0,48.0,3.0,1.0,0.0,1.0,1.0,11409,10524,13696
0.0,21.0,11.0,1.0,0.0,1.0,1.0,8104,15411,20880
0.0,41.0,12.0,1.0,0.0,1.0,0.0,25862,25244,25565
0.0,25.0,14.0,0.0,0.0,0.0,0.0,1342,10266,20873
0.0,20.0,12.0,0.0,0.0,1.0,0.0,19875,23208,25565
0.0,25.0,13.0,0.0,0.0,0.0,0.0,14816,17841,23480
0.0,49.0,12.0,0.0,0.0,1.0,0.0,23999,23564,25565
0.0,18.0,11.0,0.0,0.0,0.0,1.0,5043,691,14346
0.0,16.0,10.0,0.0,0.0,0.0,1.0,4081,1518,8889
0.0,32.0,12.0,0.0,0.0,1.0,0.0,23304,24649,24177
0.0,42.0,8.0,0.0,0.0,1.0,1.0,23560,25244,25565
0.0,18.0,10.0,0.0,0.0,0.0,1.0,1591,1652,12137
0.0,27.0,12.0,0.0,0.0,1.0,0.0,11244,7383,21417
0.0,53.0,10.0,0.0,0.0,1.0,1.0,0,11211,22299
0.0,44.0,8.0,0.0,0.0,1.0,1.0,18329,3029,6029
0.0,55.0,3.0,0.0,0.0,0.0,1.0,0,0,0
0.0,34.0,16.0,0.0,1.0,0.0,0.0,20135,11884,18132
0.0,26.0,12.0,1.0,0.0,1.0,0.0,15449,22512,25565
0.0,35.0,17.0,0.0,0.0,0.0,0.0,25862,25244,25565
0.0,40.0,12.0,1.0,0.0,1.0,0.0,11944,21197,17334
0.0,37.0,12.0,1.0,0.0,1.0,0.0,0,0,0
0.0,25.0,12.0,1.0,0.0,1.0,0.0,17835,13152,2936
0.0,45.0,16.0,0.0,0.0,1.0,0.0,25862,25244,25565
0.0,26.0,18.0,0.0,0.0,0.0,0.0,2251,20206,22479
0.0,39.0,12.0,0.0,0.0,1.0,0.0,24405,25244,25452
0.0,36.0,12.0,0.0,0.0,1.0,0.0,12075,12325,22166
0.0,30.0,16.0,0.0,0.0,1.0,0.0,19651,19425,25565
0.0,29.0,17.0,0.0,0.0,1.0,0.0,0,553,0
0.0,23.0,13.0,0.0,0.0,0.0,0.0,19240,23342,25565
0.0,54.0,3.0,0.0,1.0,1.0,1.0,11877,12905,13144
0.0,20.0,13.0,0.0,0.0,0.0,0.0,3272,2682,6503
0.0,18.0,11.0,0.0,0.0,0.0,1.0,5662,5819,14319
0.0,48.0,10.0,0.0,0.0,1.0,1.0,25862,25244,25565
0.0,44.0,14.0,0.0,0.0,1.0,0.0,25862,25244,25565
0.0,50.0,13.0,0.0,0.0,1.0,0.0,14694,12491,21417
0.0,29.0,12.0,0.0,0.0,1.0,0.0,647,1561,18534
0.0,35.0,8.0,0.0,0.0,1.0,1.0,25862,25244,25565
0.0,25.0,12.0,0.0,0.0,1.0,0.0,7696,10660,5633
0.0,25.0,12.0,0.0,1.0,1.0,0.0,0,25,0
0.0,27.0,10.0,0.0,0.0,0.0,1.0,12349,5865,9298
0.0,21.0,12.0,0.0,0.0,1.0,0.0,3035,6744,17985
0.0,37.0,12.0,1.0,0.0,1.0,0.0,1867,0,0
0.0,27.0,12.0,0.0,0.0,1.0,0.0,20878,25244,25565
0.0,50.0,10.0,0.0,0.0,1.0,1.0,25862,25244,25565
0.0,27.0,7.0,0.0,0.0,1.0,1.0,10196,6639,12117
0.0,43.0,10.0,0.0,0.0,1.0,1.0,23885,13413,15237
0.0,27.0,15.0,0.0,0.0,1.0,0.0,21246,21715,0
0.0,26.0,15.0,0.0,0.0,1.0,0.0,3891,380,21912
0.0,55.0,12.0,0.0,0.0,1.0,0.0,18178,15834,14974
0.0,29.0,12.0,0.0,0.0,0.0,0.0,2261,0,0
0.0,42.0,12.0,0.0,0.0,1.0,0.0,19365,4794,66
0.0,22.0,12.0,0.0,0.0,0.0,0.0,21019,21491,25565
0.0,33.0,12.0,0.0,0.0,0.0,0.0,2835,3042,3487
0.0,23.0,12.0,0.0,0.0,0.0,0.0,20594,17427,25095
0.0,53.0,14.0,0.0,1.0,1.0,0.0,20966,21847,22028
0.0,25.0,16.0,0.0,1.0,0.0,0.0,0,0,0
0.0,21.0,14.0,0.0,1.0,0.0,0.0,1460,5138,15475
0.0,29.0,9.0,1.0,0.0,1.0,1.0,8521,6033,1534
0.0,26.0,12.0,1.0,0.0,0.0,0.0,20706,22105,12667
0.0,48.0,12.0,0.0,0.0,1.0,0.0,0,22744,25565
0.0,30.0,16.0,0.0,0.0,1.0,0.0,25862,25244,25565
0.0,27.0,12.0,0.0,1.0,1.0,0.0,23454,14498,0
0.0,20.0,12.0,0.0,0.0,1.0,0.0,8544,18193,25565
0.0,26.0,12.0,0.0,1.0,0.0,0.0,25862,24338,12184
0.0,24.0,12.0,0.0,0.0,1.0,0.0,13492,14298,16981
0.0,51.0,9.0,0.0,0.0,1.0,1.0,23260,18603,25565
0.0,27.0,16.0,0.0,0.0,0.0,0.0,2855,548,0
0.0,33.0,12.0,0.0,0.0,1.0,0.0,17163,0,0
0.0,41.0,13.0,1.0,0.0,0.0,0.0,9628,11540,11842
0.0,41.0,12.0,0.0,0.0,1.0,0.0,0,0,0
0.0,39.0,14.0,0.0,0.0,1.0,0.0,5602,10054,25565
0.0,28.0,10.0,0.0,0.0,1.0,1.0,4187,11225,8198
0.0,42.0,8.0,0.0,0.0,0.0,1.0,22014,19765,22513
0.0,29.0,15.0,0.0,0.0,1.0,0.0,20676,6687,25565
0.0,30.0,16.0,0.0,0.0,1.0,0.0,23584,25244,0
0.0,34.0,12.0,0.0,0.0,1.0,0.0,25862,24420,25565
0.0,19.0,10.0,0.0,0.0,0.0,1.0,0,5226,5964
0.0,20.0,10.0,1.0,0.0,0.0,1.0,8413,7885,43
0.0,49.0,2.0,0.0,0.0,1.0,1.0,21926,19871,25321
0.0,23.0,12.0,0.0,0.0,1.0,0.0,5651,10479,10097
0.0,31.0,16.0,0.0,0.0,0.0,0.0,25862,25244,25565
0.0,36.0,18.0,0.0,0.0,0.0,0.0,0,0,0
0.0,22.0,12.0,0.0,0.0,1.0,0.0,25862,25244,25277
0.0,23.0,13.0,0.0,0.0,1.0,0.0,16664,18204,20500
0.0,48.0,5.0,0.0,0.0,1.0,1.0,4340,21500,25565
0.0,51.0,12.0,0.0,0.0,1.0,0.0,21793,25244,25472
0.0,20.0,13.0,0.0,0.0,0.0,0.0,6372,12233,25565
0.0,22.0,16.0,0.0,0.0,0.0,0.0,1616,2390,3523
0.0,36.0,13.0,0.0,0.0,1.0,0.0,25862,25244,25565
0.0,31.0,14.0,0.0,0.0,0.0,0.0,14792,18165,25565
0.0,29.0,5.0,1.0,0.0,1.0,1.0,15856,16249,25565
0.0,18.0,12.0,1.0,0.0,0.0,0.0,1536,3314,1614
0.0,51.0,4.0,1.0,0.0,1.0,1.0,23325,24409,25565
0.0,27.0,16.0,0.0,0.0,1.0,0.0,11150,18857,25112
0.0,37.0,18.0,0.0,1.0,0.0,0.0,20525,11771,9011
0.0,28.0,16.0,0.0,1.0,0.0,0.0,25862,25244,0
0.0,29.0,12.0,0.0,1.0,1.0,0.0,25251,23453,25565
0.0,43.0,18.0,0.0,0.0,1.0,0.0,0,0,0
0.0,24.0,12.0,0.0,0.0,1.0,0.0,10602,17932,2014
0.0,16.0,9.0,0.0,0.0,0.0,1.0,0,1318,0
0.0,53.0,12.0,0.0,0.0,1.0,0.0,25862,25211,25565
0.0,50.0,11.0,0.0,0.0,1.0,1.0,23237,21958,20732
0.0,34.0,12.0,0.0,0.0,1.0,0.0,15645,7004,19844
0.0,29.0,18.0,0.0,0.0,1.0,0.0,0,0,0
0.0,29.0,16.0,0.0,1.0,1.0,0.0,23543,21246,25565
0.0,30.0,12.0,0.0,0.0,1.0,0.0,21862,22304,22435
0.0,30.0,12.0,0.0,0.0,1.0,0.0,15974,15604,25565
0.0,22.0,7.0,0.0,0.0,0.0,1.0,12294,15150,4782
0.0,22.0,0.0,0.0,0.0,0.0,1.0,0,0,0
0.0,53.0,12.0,0.0,0.0,1.0,0.0,21695,20678,25275
0.0,51.0,6.0,1.0,0.0,1.0,1.0,25862,25244,25565
0.0,24.0,12.0,0.0,0.0,1.0,0.0,21664,24141,25565
0.0,44.0,12.0,0.0,0.0,0.0,0.0,25862,21174,25565
0.0,47.0,12.0,0.0,0.0,1.0,0.0,25862,22284,25013
0.0,42.0,11.0,0.0,0.0,1.0,1.0,25862,25244,25565
0.0,29.0,18.0,0.0,0.0,1.0,0.0,0,0,0
0.0,30.0,14.0,0.0,0.0,1.0,0.0,25862,18183,2589
0.0,39.0,12.0,0.0,0.0,1.0,0.0,25862,25244,25565
0.0,26.0,17.0,0.0,0.0,0.0,0.0,15280,15182,17595
0.0,33.0,12.0,0.0,0.0,1.0,0.0,23229,22830,25565
0.0,31.0,12.0,0.0,0.0,1.0,0.0,0,0,0
0.0,38.0,16.0,0.0,0.0,1.0,0.0,25862,23299,25565
0.0,42.0,12.0,0.0,0.0,1.0,0.0,25862,25244,25565
0.0,28.0,9.0,0.0,0.0,1.0,1.0,25169,24873,25565
0.0,36.0,10.0,1.0,0.0,1.0,1.0,8450,18104,23768
0.0,30.0,14.0,1.0,0.0,1.0,0.0,0,0,330
0.0,42.0,9.0,1.0,0.0,0.0,1.0,7667,3232,0
0.0,33.0,16.0,0.0,0.0,1.0,0.0,25862,20587,25565
0.0,33.0,16.0,0.0,0.0,1.0,0.0,24156,25244,25565
0.0,49.0,10.0,0.0,0.0,1.0,1.0,25862,25244,25565
0.0,53.0,16.0,0.0,0.0,1.0,0.0,25862,25244,25565
0.0,30.0,16.0,0.0,0.0,1.0,0.0,16201,16134,16330
0.0,32.0,13.0,1.0,0.0,1.0,0.0,25276,25244,25551
0.0,38.0,12.0,0.0,0.0,1.0,0.0,25862,14946,25565
0.0,53.0,12.0,0.0,0.0,1.0,0.0,25862,4381,25565
0.0,21.0,12.0,0.0,0.0,0.0,0.0,10088,12364,15560
0.0,33.0,16.0,0.0,0.0,1.0,0.0,25862,25244,25565
0.0,17.0,11.0,0.0,0.0,0.0,1.0,2663,2974,0
0.0,53.0,6.0,0.0,1.0,1.0,1.0,13789,12226,13549
0.0,31.0,16.0,1.0,0.0,0.0,0.0,12112,16544,25565
0.0,25.0,18.0,0.0,1.0,0.0,0.0,8887,18098,11522
0.0,45.0,16.0,0.0,0.0,1.0,0.0,7837,4427,19236
0.0,51.0,16.0,0.0,0.0,1.0,0.0,25862,25244,25565
0.0,28.0,16.0,0.0,1.0,0.0,0.0,16150,16969,23339
0.0,28.0,16.0,0.0,1.0,0.0,0.0,25862,25244,25565
0.0,28.0,17.0,0.0,0.0,0.0,0.0,25862,25244,25565
0.0,52.0,5.0,0.0,0.0,1.0,1.0,9718,0,3260
0.0,36.0,16.0,0.0,0.0,0.0,0.0,25862,5196,4606
0.0,27.0,13.0,0.0,0.0,1.0,0.0,14845,20625,686
0.0,37.0,13.0,0.0,0.0,1.0,0.0,25860,22234,25565
0.0,51.0,11.0,0.0,0.0,1.0,1.0,25862,25244,25565
0.0,51.0,12.0,0.0,0.0,1.0,0.0,15735,25244,25565
0.0,32.0,12.0,0.0,0.0,1.0,0.0,21901,25244,25565
0.0,36.0,14.0,0.0,0.0,1.0,0.0,25862,25016,22507
0.0,32.0,12.0,0.0,0.0,0.0,0.0,18407,17789,20090
0.0,35.0,17.0,0.0,0.0,1.0,0.0,21813,20938,3750
0.0,49.0,17.0,0.0,0.0,1.0,0.0,25862,25244,25565
0.0,47.0,8.0,0.0,0.0,1.0,1.0,17226,24493,24532
0.0,32.0,9.0,0.0,0.0,1.0,1.0,15466,14036,14281
0.0,21.0,9.0,0.0,0.0,1.0,1.0,6742,3405,4365
0.0,44.0,14.0,0.0,0.0,1.0,0.0,0,0,0
0.0,20.0,12.0,0.0,0.0,1.0,0.0,23309,22456,25565
0.0,21.0,14.0,0.0,0.0,0.0,0.0,5214,213,5561
0.0,33.0,14.0,0.0,0.0,1.0,0.0,14518,25244,25565
0.0,28.0,13.0,0.0,0.0,1.0,0.0,25862,21369,19655
0.0,54.0,8.0,0.0,0.0,1.0,1.0,20486,14136,23899
0.0,35.0,16.0,0.0,0.0,1.0,0.0,437,2329,25565
0.0,26.0,16.0,1.0,0.0,1.0,0.0,18956,17914,21427
0.0,28.0,12.0,0.0,0.0,1.0,0.0,23311,21000,0
0.0,26.0,12.0,0.0,0.0,1.0,0.0,6567,13834,19949
0.0,50.0,12.0,0.0,0.0,1.0,0.0,14093,9704,20199
0.0,28.0,12.0,0.0,0.0,1.0,0.0,19191,20977,25565
0.0,37.0,10.0,0.0,0.0,0.0,1.0,25862,25244,25565
0.0,16.0,9.0,0.0,0.0,0.0,1.0,0,0,1385
0.0,45.0,8.0,0.0,0.0,1.0,1.0,14720,14632,15240
0.0,50.0,10.0,0.0,0.0,1.0,1.0,11838,11512,23614
0.0,34.0,8.0,0.0,0.0,1.0,1.0,13015,12935,25565
0.0,47.0,8.0,0.0,0.0,1.0,1.0,20633,22678,25565
0.0,41.0,9.0,0.0,0.0,1.0,1.0,25862,25244,25565
0.0,46.0,12.0,0.0,0.0,1.0,0.0,25862,25244,25565
0.0,24.0,16.0,0.0,0.0,1.0,0.0,12767,25129,25565
0.0,28.0,12.0,0.0,0.0,1.0,0.0,13609,11134,65
0.0,32.0,16.0,0.0,0.0,0.0,0.0,23768,25065,24081
0.0,41.0,12.0,0.0,0.0,1.0,0.0,6064,22553,14149
0.0,26.0,16.0,0.0,0.0,1.0,0.0,14998,20920,18996
0.0,28.0,14.0,0.0,0.0,1.0,0.0,15296,14221,12772
0.0,48.0,10.0,0.0,0.0,1.0,1.0,8113,1649,3739
0.0,22.0,14.0,0.0,0.0,1.0,0.0,6326,10790,15787
0.0,53.0,12.0,0.0,0.0,1.0,0.0,25862,25244,0
0.0,37.0,12.0,0.0,0.0,1.0,0.0,21509,18958,19471
0.0,35.0,12.0,0.0,0.0,1.0,0.0,25862,25244,25565
0.0,35.0,11.0,0.0,0.0,1.0,1.0,19595,17739,17796
0.0,32.0,13.0,0.0,0.0,0.0,0.0,25862,25242,25565
0.0,46.0,12.0,0.0,0.0,1.0,0.0,25862,25244,25565
0.0,49.0,6.0,0.0,0.0,1.0,1.0,0,0,0
0.0,28.0,8.0,0.0,0.0,1.0,1.0,0,0,0
0.0,40.0,9.0,0.0,0.0,1.0,1.0,24173,25244,25565
0.0,42.0,18.0,1.0,0.0,1.0,0.0,25862,25244,22730
0.0,36.0,12.0,0.0,0.0,1.0,0.0,12355,9673,0
0.0,25.0,16.0,0.0,0.0,1.0,0.0,4630,21333,25565
0.0,38.0,12.0,0.0,0.0,1.0,0.0,0,0,0
0.0,28.0,16.0,0.0,0.0,1.0,0.0,22390,19140,19317
0.0,35.0,18.0,0.0,1.0,1.0,0.0,25862,25244,25565
0.0,19.0,12.0,0.0,0.0,1.0,0.0,1119,655,25420
0.0,42.0,12.0,0.0,0.0,1.0,0.0,18323,17896,21628
0.0,19.0,9.0,0.0,0.0,0.0,1.0,6981,11168,10484
0.0,47.0,12.0,0.0,0.0,1.0,0.0,25862,25244,25565
0.0,20.0,10.0,0.0,0.0,1.0,1.0,4920,13236,8003
0.0,48.0,14.0,0.0,0.0,1.0,0.0,23266,23151,4587
0.0,54.0,8.0,0.0,0.0,1.0,1.0,15304,12991,13019
0.0,17.0,10.0,0.0,0.0,0.0,1.0,3636,6223,9828
0.0,21.0,12.0,0.0,0.0,1.0,0.0,9612,12778,16865
0.0,49.0,4.0,0.0,0.0,1.0,1.0,9207,13948,20462
0.0,40.0,12.0,0.0,0.0,1.0,0.0,8397,14494,13025
0.0,18.0,12.0,0.0,0.0,0.0,0.0,1452,11893,21437
0.0,18.0,9.0,0.0,0.0,0.0,1.0,1207,1994,10360
0.0,41.0,12.0,0.0,0.0,1.0,0.0,125,0,0
0.0,24.0,12.0,0.0,0.0,1.0,0.0,0,0,0
0.0,53.0,7.0,0.0,0.0,1.0,1.0,7365,9598,257
0.0,30.0,13.0,0.0,0.0,0.0,0.0,25613,25244,24428
0.0,34.0,12.0,0.0,0.0,0.0,0.0,15020,20986,25565
0.0,45.0,16.0,0.0,0.0,1.0,0.0,0,0,0
0.0,51.0,15.0,0.0,0.0,1.0,0.0,25862,25244,25565
0.0,37.0,16.0,0.0,0.0,1.0,0.0,9330,0,12509
0.0,32.0,14.0,0.0,0.0,0.0,0.0,23560,23758,23790
0.0,41.0,10.0,0.0,0.0,1.0,1.0,25862,24603,0
0.0,23.0,12.0,0.0,0.0,1.0,0.0,25631,25244,25565
0.0,29.0,13.0,0.0,0.0,1.0,0.0,0,0,0
0.0,23.0,12.0,0.0,0.0,1.0,0.0,16334,15937,25565
0.0,38.0,16.0,0.0,0.0,0.0,0.0,25862,15087,22878
0.0,26.0,18.0,0.0,0.0,1.0,0.0,4181,25244,25565
0.0,23.0,15.0,0.0,0.0,0.0,0.0,12559,12914,8190
0.0,32.0,16.0,0.0,0.0,1.0,0.0,0,0,0
0.0,55.0,14.0,0.0,0.0,1.0,0.0,25862,25244,3152
0.0,46.0,16.0,0.0,0.0,1.0,0.0,870,25244,25565
0.0,33.0,18.0,0.0,0.0,1.0,0.0,25862,25244,25565
0.0,26.0,16.0,0.0,0.0,1.0,0.0,4236,0,0
0.0,27.0,12.0,1.0,0.0,1.0,0.0,3278,1482,2389
0.0,32.0,12.0,1.0,0.0,1.0,0.0,25862,23686,25565
0.0,31.0,12.0,0.0,0.0,1.0,0.0,10359,11694,15506
0.0,24.0,12.0,0.0,0.0,1.0,0.0,15182,25244,25565
0.0,55.0,8.0,0.0,0.0,1.0,1.0,11176,10488,9350
0.0,18.0,12.0,0.0,0.0,0.0,0.0,0,0,0
0.0,29.0,12.0,0.0,0.0,0.0,0.0,1516,6628,5849
0.0,26.0,12.0,0.0,0.0,0.0,0.0,10694,12718,8931
0.0,22.0,12.0,0.0,0.0,0.0,0.0,13556,12568,13407
0.0,32.0,16.0,0.0,0.0,1.0,0.0,9373,8406,22303
0.0,25.0,12.0,0.0,0.0,1.0,0.0,19810,22207,2212
0.0,40.0,9.0,0.0,0.0,0.0,1.0,3950,0,4220
0.0,16.0,7.0,0.0,0.0,0.0,1.0,658,480,6211
0.0,47.0,9.0,1.0,0.0,0.0,1.0,10026,10450,11560
0.0,20.0,14.0,1.0,0.0,0.0,0.0,4873,4145,15580
0.0,33.0,13.0,0.0,0.0,1.0,0.0,18513,17038,20419
0.0,40.0,12.0,0.0,0.0,1.0,0.0,11707,25244,11639
0.0,16.0,8.0,0.0,0.0,0.0,1.0,0,0,9667
0.0,30.0,12.0,0.0,0.0,1.0,0.0,25862,25244,25565
0.0,21.0,12.0,1.0,0.0,0.0,0.0,12398,13567,22529
0.0,18.0,8.0,1.0,0.0,0.0,1.0,0,320,598
0.0,46.0,11.0,0.0,0.0,0.0,1.0,19961,23160,21596
0.0,52.0,12.0,0.0,0.0,1.0,0.0,15672,17262,18356
0.0,20.0,11.0,0.0,1.0,0.0,1.0,5462,5172,4594
0.0,26.0,12.0,1.0,0.0,0.0,0.0,12200,10869,11411
0.0,21.0,12.0,1.0,0.0,0.0,0.0,8715,6957,14646
0.0,30.0,12.0,0.0,0.0,1.0,0.0,25862,25244,25565
0.0,35.0,18.0,0.0,0.0,0.0,0.0,18878,19774,21186
0.0,48.0,7.0,0.0,0.0,1.0,1.0,23637,23190,25565
0.0,19.0,12.0,0.0,0.0,0.0,0.0,7494,11177,14792
0.0,20.0,12.0,0.0,0.0,1.0,0.0,15788,24057,25565
0.0,53.0,11.0,0.0,0.0,1.0,1.0,14785,17504,9477
0.0,41.0,9.0,0.0,1.0,1.0,1.0,11107,12507,25565
0.0,38.0,8.0,0.0,1.0,1.0,1.0,1052,4148,23231
0.0,42.0,5.0,0.0,1.0,1.0,1.0,6393,10525,11526
0.0,19.0,8.0,0.0,1.0,0.0,1.0,2823,3228,338
0.0,16.0,8.0,0.0,1.0,0.0,1.0,0,843,2270
0.0,28.0,11.0,0.0,1.0,1.0,1.0,18736,1647,22042
0.0,44.0,1.0,0.0,1.0,1.0,1.0,9483,2630,619
0.0,52.0,0.0,0.0,1.0,1.0,1.0,774,2506,0
0.0,30.0,16.0,0.0,0.0,1.0,0.0,13119,16036,17585
0.0,23.0,16.0,0.0,0.0,0.0,0.0,1969,8474,11045
0.0,53.0,12.0,0.0,0.0,1.0,0.0,25862,25244,23647
0.0,55.0,7.0,0.0,0.0,1.0,1.0,13262,12964,12302
0.0,41.0,12.0,0.0,0.0,1.0,0.0,25862,25244,25565
0.0,41.0,12.0,0.0,0.0,1.0,0.0,18766,18952,11121
0.0,34.0,14.0,0.0,0.0,1.0,0.0,8513,20388,25565
0.0,26.0,10.0,0.0,0.0,1.0,1.0,20061,25244,25565
0.0,21.0,12.0,0.0,0.0,1.0,0.0,6624,14525,25565
0.0,25.0,12.0,0.0,0.0,1.0,0.0,13766,21135,25565
0.0,26.0,12.0,0.0,0.0,1.0,0.0,0,0,0
0.0,36.0,9.0,0.0,0.0,1.0,1.0,25862,25244,25565
0.0,23.0,8.0,0.0,0.0,1.0,1.0,17996,25244,18751
0.0,31.0,12.0,0.0,0.0,0.0,0.0,0,0,0
0.0,33.0,17.0,0.0,0.0,1.0,0.0,25862,25244,25565
0.0,52.0,1.0,1.0,0.0,1.0,1.0,13919,14922,2355
0.0,25.0,14.0,0.0,0.0,1.0,0.0,4996,3914,4180
0.0,35.0,10.0,0.0,0.0,1.0,1.0,4965,1087,1745
0.0,19.0,13.0,0.0,0.0,1.0,0.0,0,6126,11780
0.0,24.0,13.0,0.0,0.0,1.0,0.0,14975,13993,3325
0.0,54.0,12.0,0.0,0.0,1.0,0.0,0,0,0
0.0,31.0,12.0,0.0,0.0,1.0,0.0,2412,1259,1513
0.0,44.0,14.0,0.0,0.0,1.0,0.0,0,0,0
0.0,48.0,6.0,0.0,0.0,0.0,1.0,4406,4388,6356
0.0,40.0,10.0,0.0,0.0,1.0,1.0,20018,20340,22206
0.0,18.0,11.0,0.0,0.0,0.0,1.0,770,4356,10202
0.0,16.0,9.0,0.0,0.0,0.0,1.0,0,0,8968
0.0,44.0,11.0,1.0,0.0,1.0,1.0,14618,18283,14925
0.0,29.0,12.0,0.0,0.0,1.0,0.0,7731,20096,20271
0.0,29.0,12.0,0.0,0.0,0.0,0.0,21203,20727,25565
0.0,55.0,8.0,0.0,0.0,0.0,1.0,25862,23369,25565
0.0,37.0,8.0,0.0,0.0,1.0,1.0,14632,14874,19388
0.0,32.0,15.0,0.0,0.0,1.0,0.0,22967,24732,25565
0.0,41.0,8.0,0.0,0.0,1.0,1.0,15733,12419,14829
0.0,28.0,12.0,0.0,0.0,1.0,0.0,15216,15153,16208
0.0,22.0,12.0,0.0,0.0,1.0,0.0,7479,6272,14751
0.0,29.0,12.0,0.0,1.0,1.0,0.0,20586,19830,21943
0.0,29.0,12.0,0.0,0.0,1.0,0.0,1681,6015,121
0.0,44.0,7.0,0.0,0.0,1.0,1.0,18292,16979,21714
0.0,53.0,14.0,0.0,0.0,1.0,0.0,0,16140,0
0.0,31.0,17.0,0.0,0.0,1.0,0.0,25862,25244,25565
0.0,31.0,14.0,0.0,0.0,1.0,0.0,25862,25244,25565
0.0,35.0,15.0,0.0,0.0,1.0,0.0,3642,0,2874
0.0,34.0,14.0,0.0,0.0,0.0,0.0,0,0,0
0.0,40.0,18.0,0.0,0.0,0.0,0.0,22665,14736,12472
0.0,30.0,12.0,0.0,0.0,1.0,0.0,0,0,24502
0.0,52.0,6.0,0.0,1.0,0.0,1.0,16595,17991,16951
0.0,51.0,7.0,0.0,0.0,1.0,1.0,3137,0,25565
0.0,22.0,8.0,0.0,0.0,1.0,1.0,6013,3063,4928
0.0,31.0,11.0,0.0,0.0,1.0,1.0,9412,6746,18837
0.0,54.0,16.0,0.0,0.0,1.0,0.0,3364,0,0
0.0,29.0,18.0,0.0,0.0,0.0,0.0,0,0,18485
0.0,53.0,2.0,1.0,0.0,1.0,1.0,6250,775,0
0.0,31.0,5.0,0.0,0.0,1.0,1.0,19628,18666,3125
0.0,48.0,11.0,0.0,0.0,1.0,1.0,6246,10581,11649
0.0,31.0,12.0,0.0,0.0,1.0,0.0,15966,6087,7695
0.0,37.0,11.0,0.0,1.0,0.0,1.0,615,4714,0
0.0,31.0,4.0,0.0,1.0,0.0,1.0,0,0,1161
0.0,29.0,10.0,0.0,1.0,0.0,1.0,3732,1323,6694
0.0,26.0,9.0,0.0,1.0,0.0,1.0,1563,0,2862
0.0,19.0,12.0,0.0,1.0,0.0,0.0,0,0,18574
0.0,37.0,12.0,0.0,0.0,1.0,0.0,25862,25244,25565
0.0,24.0,15.0,0.0,0.0,0.0,0.0,14142,15545,0
0.0,23.0,16.0,0.0,0.0,0.0,0.0,5764,3418,11642
0.0,21.0,13.0,0.0,0.0,0.0,0.0,1058,3230,4461
0.0,21.0,16.0,0.0,0.0,0.0,0.0,14655,16491,8287
0.0,50.0,12.0,0.0,0.0,0.0,0.0,16003,17046,20172
0.0,20.0,14.0,0.0,0.0,0.0,0.0,8149,15517,13625
0.0,52.0,12.0,0.0,0.0,1.0,0.0,25862,25244,25565
0.0,26.0,12.0,0.0,0.0,1.0,0.0,10541,10312,12293
0.0,55.0,9.0,0.0,0.0,1.0,1.0,19138,20309,20936
0.0,35.0,10.0,0.0,0.0,1.0,1.0,8421,11458,15956
0.0,28.0,12.0,0.0,0.0,1.0,0.0,19032,18818,21064
0.0,34.0,12.0,0.0,0.0,1.0,0.0,10153,13119,15674
0.0,28.0,12.0,0.0,0.0,1.0,0.0,22518,20913,25565
0.0,33.0,10.0,0.0,0.0,0.0,1.0,0,600,8790
0.0,38.0,14.0,0.0,0.0,1.0,0.0,25778,24678,25565
0.0,24.0,12.0,0.0,0.0,0.0,0.0,8452,8073,7417
0.0,39.0,12.0,0.0,0.0,1.0,0.0,18977,18261,20582
0.0,26.0,9.0,0.0,0.0,0.0,1.0,4107,473,8169
0.0,21.0,12.0,0.0,0.0,0.0,0.0,9665,4111,1688
0.0,24.0,12.0,0.0,0.0,1.0,0.0,11117,802,14839
0.0,22.0,8.0,0.0,0.0,0.0,1.0,2251,5199,4362
0.0,19.0,12.0,1.0,0.0,0.0,0.0,1007,3198,13481
0.0,23.0,12.0,0.0,0.0,1.0,0.0,13548,13066,13269
0.0,24.0,10.0,0.0,0.0,1.0,1.0,6575,18712,2410
0.0,29.0,16.0,0.0,0.0,1.0,0.0,5002,2834,0
0.0,30.0,11.0,1.0,0.0,1.0,1.0,0,3271,0
0.0,54.0,7.0,1.0,0.0,1.0,1.0,8035,15771,0
0.0,24.0,12.0,0.0,0.0,1.0,0.0,25329,25244,24038
0.0,35.0,14.0,0.0,0.0,1.0,0.0,12504,14353,17612
0.0,29.0,12.0,0.0,0.0,1.0,0.0,19800,21584,7582
0.0,22.0,12.0,0.0,0.0,0.0,0.0,5635,5518,15200
0.0,22.0,12.0,1.0,0.0,0.0,0.0,3403,197,7028
0.0,34.0,5.0,0.0,0.0,1.0,1.0,13019,13161,7647
0.0,41.0,6.0,0.0,0.0,1.0,1.0,17586,15846,16202
0.0,27.0,12.0,0.0,0.0,0.0,0.0,17059,17226,17985
0.0,41.0,12.0,1.0,0.0,0.0,0.0,13323,13159,13133
0.0,21.0,12.0,0.0,0.0,1.0,0.0,9452,4381,5323
0.0,17.0,10.0,0.0,0.0,0.0,1.0,0,183,6424
0.0,43.0,12.0,0.0,0.0,1.0,0.0,14665,16240,12134
0.0,23.0,14.0,0.0,0.0,0.0,0.0,1103,1787,8627
0.0,32.0,16.0,0.0,0.0,1.0,0.0,19575,21103,21041
0.0,41.0,13.0,0.0,0.0,0.0,0.0,1023,5931,0
0.0,29.0,12.0,0.0,0.0,1.0,0.0,18282,17656,19559
0.0,38.0,12.0,0.0,0.0,1.0,0.0,25359,25244,18998
0.0,46.0,6.0,0.0,0.0,1.0,1.0,16334,9716,12503
0.0,18.0,10.0,0.0,0.0,0.0,1.0,1291,1694,12596
0.0,20.0,9.0,0.0,0.0,1.0,1.0,7361,5530,17264
0.0,53.0,6.0,0.0,0.0,1.0,1.0,5637,7535,6326
0.0,16.0,8.0,0.0,0.0,0.0,1.0,0,0,0
0.0,29.0,16.0,0.0,0.0,0.0,0.0,14146,13463,25565
0.0,50.0,8.0,0.0,0.0,1.0,1.0,21542,19638,17303
0.0,40.0,3.0,0.0,0.0,1.0,1.0,0,0,0
0.0,45.0,12.0,0.0,0.0,1.0,0.0,25402,19615,21996
0.0,35.0,6.0,0.0,0.0,1.0,1.0,9003,3258,4285
0.0,24.0,10.0,0.0,0.0,1.0,1.0,3670,3813,13858
0.0,44.0,8.0,0.0,0.0,1.0,1.0,18742,22526,23041
0.0,33.0,12.0,0.0,0.0,1.0,0.0,25862,25244,25565
0.0,32.0,16.0,0.0,0.0,1.0,0.0,25862,25244,25565
0.0,30.0,16.0,0.0,0.0,1.0,0.0,13746,15873,25565
0.0,30.0,12.0,0.0,0.0,1.0,0.0,11303,4456,3153
0.0,31.0,18.0,0.0,0.0,1.0,0.0,0,3561,15392
0.0,19.0,11.0,0.0,0.0,0.0,1.0,9081,9943,0
0.0,25.0,12.0,0.0,0.0,1.0,0.0,5049,9251,25565
0.0,33.0,10.0,1.0,0.0,1.0,1.0,21070,20974,22182
0.0,25.0,12.0,0.0,1.0,0.0,0.0,15331,17078,13518
0.0,45.0,8.0,0.0,0.0,1.0,1.0,23541,21197,4018
0.0,30.0,12.0,0.0,0.0,1.0,0.0,22461,21631,13104
0.0,20.0,11.0,0.0,0.0,0.0,1.0,16186,13777,15068
0.0,16.0,9.0,0.0,0.0,0.0,1.0,0,294,1800
0.0,24.0,5.0,0.0,0.0,1.0,1.0,10919,11975,18943
0.0,24.0,11.0,1.0,0.0,1.0,1.0,2998,7956,16528
0.0,30.0,7.0,0.0,0.0,0.0,1.0,15280,16833,25565
0.0,21.0,14.0,0.0,0.0,0.0,0.0,108,294,7699
0.0,25.0,15.0,0.0,0.0,0.0,0.0,10645,11089,1493
0.0,35.0,15.0,0.0,0.0,1.0,0.0,25862,25244,25565
0.0,21.0,14.0,0.0,0.0,1.0,0.0,14963,25244,25565
0.0,51.0,13.0,0.0,0.0,1.0,0.0,14569,20172,21665
0.0,19.0,12.0,1.0,0.0,0.0,0.0,3286,8436,7693
0.0,37.0,12.0,1.0,0.0,1.0,0.0,20586,22902,25565
0.0,44.0,12.0,1.0,0.0,1.0,0.0,13435,12101,14520
0.0,44.0,12.0,0.0,0.0,1.0,0.0,23488,22562,25565
0.0,19.0,12.0,0.0,0.0,0.0,0.0,1176,0,10563
0.0,33.0,12.0,0.0,0.0,1.0,0.0,17876,19652,66
0.0,31.0,12.0,0.0,0.0,1.0,0.0,11585,7109,6110
0.0,34.0,12.0,0.0,0.0,1.0,0.0,23417,22563,25565
0.0,37.0,12.0,0.0,0.0,1.0,0.0,20143,20377,23911
0.0,48.0,12.0,0.0,0.0,1.0,0.0,25862,25244,25565
0.0,41.0,12.0,0.0,0.0,1.0,0.0,25862,25244,25565
0.0,29.0,17.0,0.0,0.0,1.0,0.0,19557,21317,25565
0.0,37.0,15.0,0.0,0.0,0.0,0.0,6283,1200,0
0.0,42.0,12.0,0.0,0.0,1.0,0.0,20907,16618,20598
0.0,18.0,12.0,0.0,0.0,0.0,0.0,4167,9181,13617
0.0,26.0,12.0,0.0,0.0,0.0,0.0,0,0,0
0.0,20.0,11.0,0.0,0.0,1.0,1.0,12369,21709,23689
0.0,35.0,7.0,0.0,0.0,1.0,1.0,5984,5992,8795
0.0,26.0,16.0,0.0,0.0,0.0,0.0,3670,4374,0
0.0,25.0,16.0,0.0,0.0,1.0,0.0,10004,7935,22962
0.0,31.0,18.0,0.0,0.0,1.0,0.0,16007,17180,0
0.0,50.0,11.0,0.0,0.0,0.0,1.0,3284,0,0
0.0,49.0,12.0,0.0,0.0,1.0,0.0,20945,19291,20001
0.0,19.0,12.0,0.0,0.0,0.0,0.0,6865,9566,10903
0.0,18.0,10.0,0.0,0.0,0.0,1.0,2864,1858,11478
0.0,54.0,5.0,1.0,0.0,1.0,1.0,0,0,702
0.0,16.0,10.0,1.0,0.0,0.0,1.0,313,811,0
0.0,47.0,6.0,0.0,0.0,1.0,1.0,25862,25244,0
0.0,29.0,14.0,0.0,0.0,0.0,0.0,13505,6400,8798
0.0,30.0,12.0,0.0,0.0,1.0,0.0,14111,15314,14764
0.0,35.0,12.0,0.0,0.0,1.0,0.0,23572,20841,24619
0.0,22.0,10.0,0.0,0.0,1.0,1.0,14254,13162,18123
0.0,25.0,12.0,1.0,0.0,1.0,0.0,4348,206,20305
0.0,24.0,10.0,0.0,0.0,1.0,1.0,4779,3903,5988
0.0,48.0,11.0,0.0,0.0,1.0,1.0,14896,11471,19451
0.0,30.0,5.0,0.0,1.0,1.0,1.0,16930,11361,16208
0.0,45.0,5.0,1.0,0.0,1.0,1.0,13060,14648,17220
0.0,25.0,9.0,0.0,1.0,0.0,1.0,5460,10590,7539
0.0,32.0,12.0,0.0,0.0,1.0,0.0,25862,8812,20882
0.0,37.0,13.0,0.0,0.0,1.0,0.0,25862,25244,25565
0.0,39.0,14.0,0.0,0.0,1.0,0.0,20825,16716,18503
0.0,24.0,11.0,1.0,0.0,0.0,1.0,9026,0,3437
0.0,18.0,11.0,1.0,0.0,0.0,1.0,2821,136,4738
0.0,32.0,16.0,0.0,0.0,1.0,0.0,7690,8235,4436
0.0,25.0,15.0,0.0,0.0,1.0,0.0,9277,9002,25565
0.0,50.0,10.0,0.0,0.0,1.0,1.0,0,0,0
0.0,27.0,14.0,0.0,0.0,1.0,0.0,15194,16543,19419
0.0,29.0,9.0,0.0,0.0,1.0,1.0,25862,25244,24578
0.0,48.0,6.0,0.0,0.0,1.0,1.0,5016,7084,13851
0.0,53.0,8.0,0.0,0.0,1.0,1.0,0,0,0
0.0,33.0,2.0,1.0,0.0,1.0,1.0,0,0,1324
0.0,22.0,0.0,0.0,0.0,0.0,1.0,16873,9236,16217
0.0,48.0,12.0,0.0,0.0,1.0,0.0,23639,25244,24375
0.0,23.0,15.0,0.0,0.0,0.0,0.0,5811,9507,14482
0.0,54.0,12.0,0.0,0.0,0.0,0.0,11268,13338,10341
0.0,20.0,12.0,1.0,0.0,0.0,0.0,0,0,11594
0.0,25.0,12.0,1.0,0.0,1.0,0.0,14187,8703,11104
0.0,54.0,2.0,1.0,0.0,1.0,1.0,10558,11240,6227
0.0,51.0,0.0,1.0,0.0,1.0,1.0,0,0,0
0.0,39.0,16.0,1.0,0.0,1.0,0.0,25862,25244,25565
0.0,26.0,16.0,0.0,0.0,0.0,0.0,16773,18141,25565
0.0,29.0,12.0,0.0,0.0,0.0,0.0,0,0,12426
0.0,27.0,7.0,0.0,0.0,0.0,1.0,5864,3690,12150
0.0,41.0,18.0,0.0,0.0,1.0,0.0,25862,25244,25565
0.0,38.0,11.0,0.0,0.0,1.0,1.0,10799,6792,5172
0.0,40.0,12.0,0.0,0.0,1.0,0.0,24808,25244,25565
0.0,27.0,12.0,0.0,0.0,1.0,0.0,15331,7346,18405
0.0,41.0,13.0,0.0,0.0,1.0,0.0,13597,13032,12923
0.0,16.0,10.0,0.0,0.0,0.0,1.0,0,0,19883
0.0,37.0,14.0,1.0,0.0,0.0,0.0,20161,19475,19258
0.0,27.0,12.0,1.0,0.0,1.0,0.0,11744,12368,13180
0.0,31.0,16.0,0.0,0.0,1.0,0.0,17267,25244,13617
0.0,38.0,12.0,0.0,0.0,1.0,0.0,21064,20499,25198
0.0,52.0,11.0,1.0,0.0,1.0,1.0,14851,13467,14755
0.0,27.0,16.0,0.0,0.0,0.0,0.0,18917,15989,25519
0.0,42.0,15.0,0.0,1.0,1.0,0.0,25470,14321,7375
0.0,28.0,16.0,0.0,0.0,1.0,0.0,24667,25244,25565
0.0,49.0,9.0,0.0,0.0,1.0,1.0,17514,22599,19391
0.0,22.0,14.0,0.0,0.0,1.0,0.0,10721,12092,19295
0.0,26.0,13.0,0.0,0.0,0.0,0.0,1659,12668,16398
0.0,35.0,12.0,0.0,0.0,0.0,0.0,17473,3319,8145
0.0,37.0,8.0,0.0,0.0,1.0,1.0,25862,24544,5318
0.0,20.0,11.0,0.0,0.0,0.0,1.0,1395,1805,10391
0.0,42.0,9.0,0.0,0.0,1.0,1.0,13791,13137,15983
0.0,17.0,9.0,0.0,0.0,0.0,1.0,1146,4521,11905
0.0,39.0,8.0,0.0,0.0,1.0,1.0,10676,9381,12914
0.0,42.0,12.0,0.0,0.0,1.0,0.0,14700,13376,19249
0.0,30.0,12.0,0.0,0.0,1.0,0.0,2911,6540,8076
0.0,34.0,11.0,0.0,0.0,1.0,1.0,0,9680,14093
0.0,47.0,8.0,0.0,0.0,1.0,1.0,11707,13293,12385
0.0,23.0,11.0,0.0,1.0,0.0,1.0,5319,3717,13962
0.0,33.0,12.0,0.0,1.0,1.0,0.0,11180,8114,5510
0.0,36.0,7.0,0.0,1.0,1.0,1.0,14136,14981,17978
0.0,31.0,18.0,0.0,0.0,1.0,0.0,8184,11515,10508
0.0,34.0,8.0,0.0,1.0,1.0,1.0,17547,17644,13749
0.0,29.0,15.0,0.0,0.0,1.0,0.0,25862,25244,25565
0.0,33.0,8.0,0.0,0.0,1.0,1.0,12398,11152,0
0.0,24.0,12.0,0.0,0.0,1.0,0.0,5123,376,12039
0.0,19.0,3.0,0.0,0.0,1.0,1.0,0,537,0
0.0,34.0,8.0,0.0,0.0,1.0,1.0,6411,12672,13772
0.0,40.0,8.0,0.0,0.0,1.0,1.0,13729,15719,13973
0.0,39.0,9.0,0.0,0.0,1.0,1.0,18331,16750,22742
0.0,29.0,16.0,0.0,0.0,1.0,0.0,7106,5278,4430
0.0,37.0,8.0,0.0,0.0,1.0,1.0,20555,17830,4677
0.0,16.0,10.0,0.0,0.0,0.0,1.0,0,4132,6301
0.0,35.0,13.0,0.0,0.0,0.0,0.0,3683,13324,9719
0.0,33.0,12.0,0.0,0.0,1.0,0.0,4855,7387,6161
0.0,54.0,5.0,1.0,0.0,1.0,1.0,0,0,0
0.0,41.0,12.0,0.0,0.0,1.0,0.0,23543,22213,21740
0.0,55.0,11.0,0.0,0.0,1.0,1.0,3107,2608,3071
0.0,30.0,12.0,0.0,0.0,1.0,0.0,5803,9636,20563
0.0,33.0,12.0,0.0,0.0,1.0,0.0,14332,11385,23137
0.0,51.0,8.0,0.0,0.0,1.0,1.0,20222,14548,6922
0.0,55.0,4.0,1.0,0.0,0.0,1.0,0,0,0
0.0,19.0,11.0,1.0,0.0,0.0,1.0,0,0,16486
0.0,18.0,11.0,1.0,0.0,0.0,1.0,0,0,7146
0.0,43.0,9.0,1.0,0.0,1.0,1.0,11103,11728,13044
0.0,23.0,8.0,1.0,0.0,1.0,1.0,874,893,3372
0.0,37.0,12.0,0.0,1.0,1.0,0.0,4808,3403,0
0.0,53.0,5.0,0.0,1.0,1.0,1.0,19542,24288,23876
0.0,17.0,9.0,0.0,1.0,0.0,1.0,0,0,7808
0.0,25.0,13.0,0.0,0.0,0.0,0.0,12200,15237,15800
0.0,18.0,12.0,0.0,0.0,1.0,0.0,1689,82,0
0.0,54.0,11.0,0.0,1.0,1.0,1.0,0,6687,8145
0.0,40.0,13.0,0.0,0.0,1.0,0.0,22443,20440,25565
0.0,26.0,12.0,0.0,0.0,1.0,0.0,12191,13019,25565
0.0,30.0,10.0,0.0,0.0,1.0,1.0,15692,15255,0
0.0,26.0,14.0,0.0,0.0,1.0,0.0,1172,7482,16131
0.0,20.0,12.0,0.0,0.0,1.0,0.0,9773,15853,0
0.0,35.0,4.0,0.0,1.0,1.0,1.0,15756,20200,9317
0.0,55.0,12.0,0.0,0.0,1.0,0.0,11511,12437,7542
0.0,33.0,12.0,0.0,0.0,1.0,0.0,3192,10164,1102
0.0,46.0,9.0,1.0,0.0,1.0,1.0,9965,9508,15275
0.0,28.0,12.0,1.0,0.0,1.0,0.0,19965,12588,15952
0.0,26.0,12.0,0.0,0.0,1.0,0.0,25862,25244,25565
0.0,19.0,10.0,0.0,0.0,0.0,1.0,2081,8774,25565
0.0,55.0,6.0,1.0,0.0,1.0,1.0,12349,10833,15488
0.0,51.0,9.0,1.0,0.0,1.0,1.0,18327,17407,17226
0.0,38.0,12.0,0.0,0.0,1.0,0.0,23658,21887,19682
0.0,22.0,16.0,0.0,0.0,0.0,0.0,2586,0,0
0.0,36.0,14.0,0.0,0.0,1.0,0.0,25862,25244,25565
0.0,54.0,8.0,0.0,0.0,1.0,1.0,7198,0,6437
0.0,47.0,8.0,0.0,0.0,1.0,1.0,10715,9535,7893
0.0,20.0,13.0,0.0,0.0,0.0,0.0,2949,2553,15546
0.0,23.0,11.0,0.0,0.0,1.0,1.0,14105,0,13264
0.0,18.0,8.0,0.0,0.0,0.0,1.0,2700,7269,4287
0.0,24.0,12.0,0.0,0.0,0.0,0.0,13633,8586,11015
0.0,37.0,9.0,0.0,0.0,1.0,1.0,25862,21872,18480
0.0,42.0,10.0,0.0,0.0,1.0,1.0,25862,25244,25565
0.0,19.0,12.0,0.0,0.0,0.0,0.0,5500,7809,16503
0.0,30.0,12.0,0.0,0.0,1.0,0.0,16109,13128,13063
0.0,26.0,13.0,0.0,0.0,0.0,0.0,10016,1819,13447
0.0,41.0,12.0,0.0,1.0,1.0,0.0,16489,14450,16803
0.0,25.0,14.0,0.0,1.0,1.0,0.0,1622,2240,1893
0.0,29.0,12.0,0.0,0.0,1.0,0.0,19312,19692,25565
0.0,17.0,11.0,0.0,0.0,0.0,1.0,0,419,6186
0.0,48.0,11.0,0.0,0.0,0.0,1.0,25862,25244,0
0.0,19.0,11.0,0.0,0.0,0.0,1.0,7332,1033,10811
0.0,24.0,12.0,0.0,0.0,0.0,0.0,18035,22655,23487
0.0,44.0,16.0,0.0,0.0,1.0,0.0,25862,25244,25565
0.0,39.0,12.0,0.0,0.0,1.0,0.0,25862,24663,25565
0.0,17.0,10.0,0.0,0.0,0.0,1.0,711,4239,8218
0.0,21.0,12.0,0.0,0.0,1.0,0.0,9647,13674,6972
0.0,22.0,15.0,0.0,0.0,1.0,0.0,10799,13780,7163
0.0,34.0,11.0,0.0,0.0,0.0,1.0,11123,18798,17984
0.0,55.0,13.0,1.0,0.0,1.0,0.0,11152,13515,13947
0.0,32.0,12.0,0.0,0.0,1.0,0.0,21062,20064,22336
0.0,32.0,16.0,0.0,0.0,1.0,0.0,18936,23688,23084
0.0,20.0,14.0,0.0,0.0,0.0,0.0,684,562,9853
0.0,19.0,12.0,0.0,0.0,1.0,0.0,2183,5269,15824
0.0,28.0,18.0,0.0,0.0,0.0,0.0,0,4177,16505
0.0,38.0,12.0,0.0,1.0,1.0,0.0,25862,25244,25565
0.0,23.0,13.0,0.0,0.0,0.0,0.0,458,439,0
0.0,29.0,12.0,0.0,0.0,1.0,0.0,0,0,0
0.0,29.0,15.0,0.0,0.0,0.0,0.0,21466,17248,25565
0.0,28.0,12.0,0.0,0.0,1.0,0.0,16301,519,10482
0.0,26.0,13.0,0.0,0.0,0.0,0.0,876,10636,12766
0.0,25.0,13.0,0.0,0.0,0.0,0.0,11997,14421,14124
0.0,32.0,15.0,0.0,0.0,0.0,0.0,490,969,7684
0.0,23.0,13.0,0.0,0.0,0.0,0.0,3243,6005,5871
0.0,33.0,16.0,0.0,0.0,0.0,0.0,25862,25244,25565
0.0,44.0,7.0,0.0,1.0,1.0,1.0,24924,25244,25211
0.0,19.0,12.0,0.0,0.0,0.0,0.0,3182,2195,377
0.0,17.0,11.0,0.0,0.0,0.0,1.0,0,2988,0
0.0,22.0,11.0,0.0,1.0,1.0,1.0,7627,10867,0
0.0,17.0,11.0,0.0,1.0,0.0,1.0,0,1959,3870
0.0,43.0,6.0,1.0,0.0,1.0,1.0,5815,0,12970
0.0,44.0,9.0,1.0,0.0,0.0,1.0,13762,14559,17755
0.0,55.0,12.0,0.0,0.0,0.0,0.0,15588,13803,9908
0.0,34.0,14.0,0.0,1.0,1.0,0.0,21391,25244,19255
0.0,51.0,16.0,0.0,0.0,1.0,0.0,0,0,0
0.0,48.0,13.0,0.0,0.0,1.0,0.0,0,0,0
0.0,27.0,12.0,0.0,0.0,0.0,0.0,161,0,12175
0.0,37.0,16.0,0.0,0.0,0.0,0.0,23938,25244,0
0.0,28.0,16.0,0.0,0.0,0.0,0.0,16340,14881,19691
0.0,27.0,14.0,1.0,0.0,1.0,0.0,25819,20974,25565
0.0,40.0,13.0,1.0,0.0,1.0,0.0,0,0,0
0.0,52.0,8.0,1.0,0.0,1.0,1.0,5455,666,0
0.0,29.0,16.0,0.0,0.0,0.0,0.0,0,8794,1362
0.0,28.0,18.0,0.0,0.0,0.0,0.0,204,0,0
0.0,19.0,12.0,0.0,0.0,0.0,0.0,4765,5699,236
0.0,36.0,13.0,0.0,0.0,1.0,0.0,21356,21439,24124
0.0,22.0,12.0,1.0,0.0,0.0,0.0,13678,3831,2522
0.0,20.0,14.0,1.0,0.0,0.0,0.0,8768,8631,6549
0.0,54.0,12.0,0.0,0.0,1.0,0.0,24461,25244,17248
0.0,55.0,15.0,0.0,0.0,1.0,0.0,22320,25244,25565
0.0,34.0,14.0,0.0,0.0,1.0,0.0,1930,0,25565
0.0,26.0,14.0,1.0,0.0,0.0,0.0,1754,2283,18362
0.0,30.0,13.0,0.0,0.0,1.0,0.0,25862,25244,5890
0.0,46.0,16.0,0.0,0.0,1.0,0.0,25862,25244,25565
0.0,19.0,13.0,0.0,0.0,0.0,0.0,5711,2614,5986
0.0,18.0,12.0,0.0,0.0,0.0,0.0,4312,5169,2568
0.0,18.0,12.0,0.0,0.0,0.0,0.0,2271,7625,7813
0.0,29.0,12.0,0.0,0.0,1.0,0.0,22355,24977,25565
0.0,22.0,12.0,0.0,0.0,1.0,0.0,15073,10665,25565
0.0,29.0,14.0,0.0,0.0,0.0,0.0,9830,8767,18036
0.0,42.0,16.0,0.0,0.0,1.0,0.0,16248,16168,25565
0.0,22.0,18.0,1.0,0.0,0.0,0.0,997,12851,7501
0.0,30.0,14.0,0.0,0.0,1.0,0.0,25862,25244,25565
0.0,17.0,11.0,0.0,0.0,0.0,1.0,0,2592,19175
0.0,31.0,16.0,0.0,0.0,1.0,0.0,17242,6445,15216
0.0,26.0,14.0,0.0,0.0,1.0,0.0,462,530,0
0.0,55.0,13.0,0.0,0.0,1.0,0.0,13830,12892,1587
0.0,48.0,16.0,0.0,0.0,1.0,0.0,25862,25244,25565
0.0,19.0,13.0,0.0,0.0,0.0,0.0,1326,1475,6118
0.0,35.0,16.0,0.0,1.0,1.0,0.0,25862,20924,14254
0.0,26.0,14.0,0.0,0.0,1.0,0.0,0,0,7236
0.0,29.0,12.0,0.0,0.0,0.0,0.0,7839,5373,0
0.0,33.0,12.0,0.0,0.0,1.0,0.0,13615,14419,8896
0.0,31.0,12.0,0.0,0.0,1.0,0.0,25862,25244,25565
0.0,29.0,12.0,0.0,0.0,1.0,0.0,0,0,0
0.0,35.0,14.0,0.0,0.0,1.0,0.0,25388,25073,25565
0.0,52.0,12.0,0.0,0.0,1.0,0.0,25862,25244,25565
0.0,28.0,12.0,0.0,0.0,1.0,0.0,0,0,0
0.0,35.0,12.0,0.0,0.0,1.0,0.0,25216,25152,25565
0.0,49.0,12.0,0.0,0.0,1.0,0.0,0,0,0
0.0,43.0,14.0,0.0,0.0,1.0,0.0,25862,24438,23830
0.0,24.0,14.0,0.0,1.0,0.0,0.0,0,3008,19029
0.0,20.0,13.0,1.0,0.0,0.0,0.0,1117,421,8812
0.0,42.0,12.0,0.0,0.0,1.0,0.0,24581,24035,25565
0.0,40.0,14.0,0.0,0.0,1.0,0.0,23033,6021,21767
0.0,23.0,13.0,0.0,0.0,1.0,0.0,23615,18750,25565
0.0,29.0,12.0,0.0,0.0,1.0,0.0,7859,7407,17362
0.0,32.0,14.0,0.0,0.0,1.0,0.0,25862,25244,25565
0.0,21.0,12.0,1.0,0.0,0.0,0.0,8799,5792,15374
0.0,32.0,12.0,0.0,0.0,1.0,0.0,4863,7618,5929
0.0,33.0,14.0,0.0,1.0,1.0,0.0,23327,25244,23060
0.0,23.0,13.0,0.0,0.0,0.0,0.0,10807,13014,16583
0.0,23.0,16.0,0.0,0.0,0.0,0.0,0,11472,10521
0.0,21.0,14.0,0.0,0.0,0.0,0.0,1471,10321,17205
0.0,45.0,18.0,0.0,0.0,1.0,0.0,3644,5210,0
0.0,27.0,17.0,0.0,0.0,0.0,0.0,678,0,7440
0.0,30.0,17.0,0.0,0.0,0.0,0.0,25862,25244,25565
0.0,35.0,12.0,0.0,0.0,1.0,0.0,25862,25244,12429
0.0,32.0,16.0,0.0,1.0,1.0,0.0,25862,4308,17458
0.0,28.0,12.0,0.0,0.0,1.0,0.0,20327,19341,24122
0.0,26.0,13.0,0.0,0.0,0.0,0.0,10478,0,18630
0.0,28.0,12.0,0.0,0.0,0.0,0.0,3066,17121,13557
0.0,27.0,16.0,0.0,0.0,0.0,0.0,25862,25244,25565
0.0,23.0,16.0,0.0,0.0,0.0,0.0,5082,5960,4383
0.0,32.0,17.0,0.0,0.0,1.0,0.0,25690,25244,25565
0.0,43.0,12.0,0.0,0.0,1.0,0.0,24748,22597,12305
0.0,17.0,11.0,0.0,0.0,0.0,1.0,198,4066,14677
0.0,19.0,9.0,0.0,0.0,0.0,1.0,952,1658,2323
0.0,20.0,18.0,0.0,0.0,1.0,0.0,19360,21015,25565
0.0,33.0,13.0,0.0,0.0,1.0,0.0,19171,13141,0
0.0,49.0,10.0,0.0,0.0,1.0,1.0,22044,18338,23089
0.0,55.0,12.0,0.0,0.0,1.0,0.0,25862,25244,25565
0.0,39.0,8.0,0.0,0.0,1.0,1.0,21885,10162,21532
0.0,16.0,9.0,0.0,0.0,0.0,1.0,0,0,5073
0.0,29.0,12.0,0.0,0.0,0.0,0.0,7220,2721,887
0.0,27.0,16.0,0.0,0.0,1.0,0.0,20817,23537,25565
0.0,34.0,12.0,0.0,0.0,0.0,0.0,23180,25002,25565
0.0,33.0,12.0,0.0,0.0,1.0,0.0,25862,19203,0
0.0,37.0,13.0,0.0,0.0,1.0,0.0,6626,18899,18950
0.0,27.0,15.0,0.0,0.0,0.0,0.0,0,858,3393
0.0,23.0,13.0,0.0,0.0,0.0,0.0,766,5862,6453
0.0,21.0,9.0,0.0,0.0,1.0,1.0,11957,14303,0
0.0,20.0,12.0,0.0,0.0,1.0,0.0,9416,8053,14375
0.0,47.0,7.0,0.0,0.0,0.0,1.0,24438,25163,25565
0.0,42.0,14.0,1.0,0.0,1.0,0.0,17245,0,1261
0.0,33.0,14.0,0.0,1.0,1.0,0.0,0,0,4324
0.0,27.0,16.0,0.0,0.0,1.0,0.0,9839,20052,4606
0.0,38.0,12.0,0.0,0.0,1.0,0.0,8346,0,0
0.0,49.0,14.0,1.0,0.0,1.0,0.0,2661,7655,9259
0.0,30.0,18.0,0.0,0.0,1.0,0.0,25862,25244,25565
0.0,45.0,11.0,0.0,0.0,1.0,1.0,25862,25244,25565
0.0,52.0,15.0,0.0,0.0,1.0,0.0,4557,6753,1936
0.0,50.0,12.0,0.0,0.0,1.0,0.0,14559,11526,15931
0.0,17.0,10.0,0.0,0.0,0.0,1.0,47,4320,18003
0.0,28.0,12.0,0.0,1.0,1.0,0.0,25862,1090,21777
0.0,22.0,10.0,0.0,0.0,0.0,1.0,3644,3280,1491
0.0,28.0,9.0,0.0,0.0,0.0,1.0,15261,7901,13000
0.0,42.0,12.0,0.0,0.0,1.0,0.0,25862,22796,11350
0.0,16.0,10.0,0.0,0.0,0.0,1.0,0,1760,6246
0.0,41.0,11.0,0.0,0.0,0.0,1.0,25862,23555,24909
0.0,24.0,13.0,0.0,0.0,1.0,0.0,8554,12330,17406
0.0,33.0,17.0,0.0,0.0,1.0,0.0,16272,12258,9089
0.0,29.0,12.0,0.0,0.0,0.0,0.0,18854,19223,13527
0.0,28.0,12.0,0.0,0.0,1.0,0.0,17561,16584,504
0.0,24.0,16.0,0.0,0.0,0.0,0.0,5384,5459,16853
0.0,25.0,14.0,0.0,0.0,0.0,0.0,20425,19335,25565
0.0,23.0,12.0,0.0,0.0,1.0,0.0,11530,12500,17072
0.0,36.0,13.0,0.0,0.0,1.0,0.0,0,0,0
0.0,25.0,15.0,0.0,1.0,1.0,0.0,15943,20469,25565
0.0,20.0,14.0,0.0,0.0,0.0,0.0,0,4594,6452
0.0,21.0,14.0,0.0,0.0,0.0,0.0,1328,1531,17041
0.0,45.0,12.0,0.0,0.0,1.0,0.0,25862,25244,25299
0.0,33.0,15.0,0.0,0.0,1.0,0.0,25862,25244,25565
0.0,30.0,13.0,0.0,0.0,1.0,0.0,25862,25244,25565
0.0,37.0,16.0,0.0,1.0,0.0,0.0,0,0,98
0.0,24.0,16.0,0.0,0.0,1.0,0.0,15208,15862,25565
0.0,39.0,12.0,0.0,0.0,1.0,0.0,21971,19511,25381
0.0,55.0,12.0,0.0,0.0,1.0,0.0,15753,18798,13180
0.0,18.0,10.0,0.0,0.0,0.0,1.0,795,510,8111
0.0,38.0,12.0,0.0,0.0,1.0,0.0,25862,25244,25565
0.0,40.0,12.0,0.0,0.0,1.0,0.0,25862,25244,25565
0.0,55.0,12.0,0.0,0.0,1.0,0.0,16174,15153,4633
0.0,18.0,12.0,0.0,0.0,0.0,0.0,2110,2535,3117
0.0,47.0,10.0,0.0,0.0,1.0,1.0,25862,25244,8191
0.0,31.0,18.0,0.0,0.0,1.0,0.0,25862,25244,25565
0.0,35.0,16.0,0.0,0.0,1.0,0.0,25862,25244,0
0.0,30.0,16.0,0.0,0.0,1.0,0.0,20950,25244,25565
0.0,25.0,16.0,0.0,0.0,1.0,0.0,17455,19729,25565
0.0,32.0,15.0,0.0,0.0,1.0,0.0,18809,17187,6905
0.0,29.0,12.0,0.0,0.0,1.0,0.0,21403,15343,25042
0.0,21.0,14.0,0.0,0.0,0.0,0.0,0,2872,24900
0.0,18.0,12.0,0.0,0.0,0.0,0.0,141,2456,22246
0.0,40.0,14.0,0.0,0.0,1.0,0.0,25862,25244,25565
0.0,36.0,17.0,0.0,0.0,1.0,0.0,24885,25244,25565
0.0,55.0,12.0,0.0,0.0,1.0,0.0,16859,20889,15308
0.0,16.0,10.0,0.0,0.0,0.0,1.0,964,5122,11033
0.0,46.0,12.0,0.0,0.0,1.0,0.0,0,0,0
0.0,48.0,10.0,0.0,0.0,0.0,1.0,22898,12378,1983
0.0,45.0,11.0,0.0,0.0,1.0,1.0,25862,25244,0
0.0,38.0,11.0,0.0,0.0,1.0,1.0,21327,23224,24213
0.0,25.0,12.0,0.0,0.0,1.0,0.0,13623,11186,13472
0.0,38.0,12.0,0.0,0.0,1.0,0.0,25204,24941,25378
0.0,30.0,12.0,0.0,0.0,1.0,0.0,25862,13433,25565
0.0,35.0,12.0,0.0,0.0,1.0,0.0,25302,17268,25565
0.0,16.0,10.0,0.0,0.0,0.0,1.0,408,2449,1108
0.0,33.0,14.0,0.0,0.0,0.0,0.0,20439,20304,25565
0.0,26.0,13.0,0.0,0.0,0.0,0.0,12361,10271,22209
0.0,23.0,12.0,0.0,0.0,0.0,0.0,18100,12348,20555
0.0,45.0,16.0,0.0,0.0,1.0,0.0,25862,25244,25565
0.0,18.0,11.0,0.0,0.0,0.0,1.0,1795,1325,4228
0.0,40.0,12.0,0.0,0.0,1.0,0.0,25862,25244,25565
0.0,34.0,16.0,0.0,0.0,0.0,0.0,25862,25244,25565
0.0,41.0,18.0,0.0,0.0,0.0,0.0,25862,22766,25565
0.0,36.0,14.0,0.0,0.0,0.0,0.0,0,0,2842
0.0,37.0,16.0,0.0,0.0,1.0,0.0,23799,24864,23231
0.0,16.0,10.0,0.0,0.0,0.0,1.0,0,822,10640
0.0,36.0,16.0,0.0,0.0,1.0,0.0,22345,22284,25269
0.0,39.0,18.0,0.0,1.0,1.0,0.0,846,1962,635
0.0,23.0,12.0,0.0,0.0,1.0,0.0,14391,11052,18339
0.0,24.0,16.0,0.0,0.0,1.0,0.0,16240,16725,25565
0.0,33.0,12.0,0.0,0.0,1.0,0.0,25862,25244,17316
0.0,42.0,15.0,0.0,0.0,1.0,0.0,25862,25244,1259
0.0,54.0,12.0,0.0,0.0,1.0,0.0,0,0,0
0.0,22.0,16.0,0.0,0.0,1.0,0.0,4191,9936,23459
0.0,35.0,17.0,0.0,0.0,1.0,0.0,12947,0,12476
0.0,20.0,14.0,0.0,0.0,1.0,0.0,8384,18610,25565
0.0,29.0,13.0,0.0,0.0,0.0,0.0,8979,20685,22209
0.0,31.0,12.0,0.0,0.0,0.0,0.0,25862,25244,18794
0.0,37.0,12.0,0.0,0.0,0.0,0.0,25353,23518,25565
0.0,26.0,12.0,0.0,0.0,0.0,0.0,16329,10688,22560
0.0,41.0,14.0,0.0,0.0,0.0,0.0,10560,9533,0
0.0,32.0,16.0,0.0,0.0,1.0,0.0,25862,25244,0
0.0,20.0,13.0,0.0,0.0,0.0,0.0,2864,4746,847
0.0,26.0,16.0,0.0,0.0,1.0,0.0,25862,25244,25565
0.0,21.0,12.0,0.0,0.0,0.0,0.0,12312,14994,21810
0.0,28.0,12.0,0.0,0.0,0.0,0.0,17978,13034,23047
0.0,24.0,10.0,0.0,1.0,1.0,1.0,6879,18260,16982
0.0,39.0,12.0,0.0,1.0,1.0,0.0,19089,25244,25565
0.0,16.0,10.0,0.0,0.0,0.0,1.0,0,91,6106
0.0,27.0,10.0,0.0,0.0,1.0,1.0,17592,21521,23259
0.0,24.0,6.0,0.0,1.0,1.0,1.0,15966,16616,19150
0.0,23.0,13.0,0.0,0.0,1.0,0.0,0,4984,0
0.0,30.0,14.0,0.0,0.0,1.0,0.0,22649,11600,15083
0.0,32.0,2.0,0.0,1.0,1.0,1.0,2915,13213,12020
0.0,20.0,13.0,0.0,1.0,0.0,0.0,5592,6837,25565
0.0,21.0,13.0,0.0,1.0,0.0,0.0,6497,10128,14137
0.0,21.0,14.0,0.0,1.0,1.0,0.0,1554,6707,15781
0.0,22.0,12.0,0.0,1.0,1.0,0.0,9244,4564,25565
0.0,30.0,16.0,0.0,0.0,0.0,0.0,25862,25244,25565
0.0,24.0,12.0,0.0,0.0,1.0,0.0,14569,14641,23780
0.0,53.0,13.0,0.0,0.0,1.0,0.0,25862,25244,24996
0.0,36.0,17.0,0.0,0.0,0.0,0.0,2433,3074,2914
0.0,21.0,12.0,0.0,0.0,0.0,0.0,4914,6655,0
0.0,38.0,2.0,0.0,1.0,0.0,1.0,19518,16272,21201
0.0,26.0,12.0,0.0,1.0,1.0,0.0,47,0,0
0.0,19.0,11.0,0.0,1.0,0.0,1.0,5415,0,13583
0.0,21.0,14.0,1.0,0.0,0.0,0.0,0,0,25565
0.0,20.0,14.0,0.0,0.0,0.0,0.0,3993,4825,5473
0.0,50.0,12.0,0.0,0.0,1.0,0.0,25862,25244,25169
0.0,55.0,11.0,1.0,0.0,1.0,1.0,0,0,0
0.0,53.0,9.0,1.0,0.0,1.0,1.0,22957,25152,25514
0.0,42.0,12.0,0.0,0.0,1.0,0.0,19389,18798,18331
0.0,26.0,12.0,0.0,0.0,0.0,0.0,4265,13891,10527
0.0,34.0,15.0,1.0,0.0,0.0,0.0,8086,15105,13449
0.0,51.0,12.0,0.0,0.0,1.0,0.0,16025,4309,11668
0.0,22.0,10.0,0.0,0.0,0.0,1.0,4540,9448,25565
0.0,32.0,13.0,0.0,0.0,1.0,0.0,25862,25244,25565
0.0,25.0,14.0,0.0,0.0,0.0,0.0,13096,17536,15274
0.0,26.0,12.0,0.0,1.0,0.0,0.0,7968,5110,4182
0.0,51.0,8.0,0.0,1.0,1.0,1.0,17649,13571,12915
0.0,16.0,10.0,0.0,1.0,0.0,1.0,0,1287,8123
0.0,32.0,3.0,0.0,1.0,1.0,1.0,11775,10826,15132
0.0,52.0,5.0,0.0,1.0,1.0,1.0,15296,17730,15662
0.0,30.0,12.0,0.0,1.0,1.0,0.0,7571,0,13495
0.0,18.0,11.0,0.0,1.0,0.0,1.0,0,0,6527
0.0,46.0,3.0,0.0,1.0,1.0,1.0,10255,8268,8321
0.0,19.0,4.0,0.0,1.0,0.0,1.0,10474,11768,3907
0.0,28.0,16.0,0.0,0.0,0.0,0.0,19583,21251,8640
0.0,24.0,12.0,0.0,0.0,1.0,0.0,14175,13615,24928
0.0,38.0,8.0,0.0,0.0,1.0,1.0,25862,25244,25565
0.0,16.0,9.0,0.0,0.0,0.0,1.0,0,0,7078
0.0,38.0,12.0,0.0,0.0,1.0,0.0,19105,18798,22899
0.0,21.0,12.0,0.0,0.0,0.0,0.0,11756,12443,15006
0.0,26.0,16.0,0.0,0.0,1.0,0.0,25862,25244,25565
0.0,28.0,13.0,0.0,0.0,1.0,0.0,25862,25244,0
0.0,54.0,11.0,0.0,0.0,1.0,1.0,25862,25244,24272
0.0,45.0,10.0,0.0,0.0,0.0,1.0,25470,23274,21131
0.0,35.0,12.0,0.0,0.0,1.0,0.0,25862,25244,25565
0.0,54.0,5.0,0.0,1.0,1.0,1.0,17132,17717,17331
0.0,19.0,12.0,0.0,1.0,0.0,0.0,6227,4526,15466
0.0,35.0,8.0,0.0,0.0,1.0,1.0,25862,25244,21850
0.0,35.0,17.0,0.0,0.0,1.0,0.0,25862,24459,20010
0.0,34.0,15.0,0.0,0.0,1.0,0.0,18262,17259,14890
0.0,22.0,16.0,0.0,0.0,0.0,0.0,0,7843,15262
0.0,22.0,12.0,0.0,0.0,1.0,0.0,23061,17572,21363
0.0,26.0,14.0,0.0,0.0,1.0,0.0,7063,12158,24431
0.0,41.0,14.0,0.0,0.0,1.0,0.0,23427,25242,19466
0.0,29.0,18.0,0.0,0.0,1.0,0.0,5999,21618,23435
0.0,52.0,13.0,0.0,0.0,1.0,0.0,25862,25244,25565
0.0,41.0,10.0,0.0,0.0,1.0,1.0,20819,19024,25565
0.0,28.0,12.0,0.0,0.0,1.0,0.0,17804,13820,25111
0.0,32.0,17.0,0.0,0.0,1.0,0.0,20470,20616,24252
0.0,16.0,9.0,0.0,1.0,1.0,1.0,0,0,6821
0.0,46.0,0.0,0.0,1.0,1.0,1.0,15414,14881,5964
0.0,18.0,12.0,0.0,0.0,0.0,0.0,0,1124,21786
0.0,26.0,10.0,0.0,1.0,1.0,1.0,10984,11463,14056
0.0,38.0,6.0,0.0,1.0,1.0,1.0,15621,11349,5995
0.0,45.0,8.0,0.0,0.0,1.0,1.0,25862,10527,23562
0.0,17.0,11.0,0.0,0.0,0.0,1.0,1397,3509,2889
0.0,25.0,12.0,0.0,1.0,1.0,0.0,14162,17423,17261
0.0,42.0,14.0,0.0,0.0,1.0,0.0,25862,25244,25565
0.0,23.0,12.0,0.0,1.0,0.0,0.0,5216,2918,8054
0.0,19.0,12.0,0.0,1.0,0.0,0.0,815,3785,12150
0.0,17.0,11.0,0.0,1.0,0.0,1.0,0,1475,8122
0.0,39.0,12.0,0.0,0.0,0.0,0.0,17631,17796,21491
0.0,25.0,12.0,0.0,0.0,0.0,0.0,18439,0,0
0.0,36.0,16.0,0.0,0.0,1.0,0.0,21654,23022,20441
0.0,44.0,12.0,0.0,1.0,1.0,0.0,67,0,0
0.0,48.0,12.0,0.0,0.0,1.0,0.0,25862,20243,23038
0.0,26.0,14.0,0.0,0.0,1.0,0.0,4042,6259,18841
0.0,49.0,12.0,0.0,0.0,1.0,0.0,24585,25244,25565
0.0,19.0,10.0,0.0,0.0,0.0,1.0,6315,5210,21764
0.0,36.0,12.0,0.0,0.0,1.0,0.0,0,0,0
0.0,49.0,12.0,0.0,0.0,1.0,0.0,18349,17456,16354
0.0,21.0,14.0,0.0,0.0,0.0,0.0,1033,1980,13780
0.0,54.0,17.0,0.0,0.0,1.0,0.0,10459,11483,14293
0.0,21.0,12.0,0.0,0.0,0.0,0.0,0,0,0
0.0,18.0,12.0,0.0,0.0,0.0,0.0,6693,10577,17748
0.0,28.0,14.0,0.0,0.0,1.0,0.0,0,0,1779
0.0,50.0,12.0,0.0,0.0,1.0,0.0,18145,18605,25565
0.0,24.0,12.0,0.0,0.0,0.0,0.0,192,2404,8294
0.0,39.0,14.0,0.0,0.0,1.0,0.0,25862,25244,25565
0.0,16.0,9.0,0.0,0.0,0.0,1.0,0,598,2879
0.0,37.0,11.0,0.0,0.0,1.0,1.0,15537,15936,25565
0.0,17.0,11.0,0.0,0.0,0.0,1.0,1275,6166,4412
0.0,23.0,10.0,0.0,0.0,0.0,1.0,1117,1303,2233
0.0,21.0,12.0,0.0,0.0,1.0,0.0,11166,13606,20319
0.0,40.0,12.0,0.0,0.0,1.0,0.0,25862,25244,25565
0.0,23.0,11.0,0.0,1.0,1.0,1.0,8946,469,4776
0.0,35.0,14.0,0.0,0.0,1.0,0.0,25862,16824,12060
0.0,42.0,8.0,0.0,1.0,1.0,1.0,11538,2639,25565
0.0,23.0,16.0,0.0,0.0,0.0,0.0,3805,7342,17765
0.0,25.0,16.0,0.0,0.0,0.0,0.0,4559,8259,14325
0.0,22.0,14.0,0.0,0.0,0.0,0.0,2614,8191,16143
0.0,23.0,16.0,0.0,0.0,1.0,0.0,3090,9535,19672
0.0,17.0,11.0,0.0,0.0,0.0,1.0,864,5670,1580
0.0,53.0,12.0,0.0,1.0,1.0,0.0,0,14638,21533
0.0,51.0,12.0,0.0,0.0,1.0,0.0,18597,21128,21313
0.0,16.0,9.0,0.0,0.0,0.0,1.0,0,680,0
0.0,46.0,2.0,0.0,1.0,1.0,1.0,24195,25244,24603
0.0,48.0,8.0,0.0,0.0,1.0,1.0,24217,25244,25121
0.0,19.0,13.0,0.0,0.0,0.0,0.0,3421,4154,6251
0.0,24.0,12.0,0.0,0.0,1.0,0.0,5043,2016,4293
0.0,18.0,11.0,0.0,0.0,0.0,1.0,321,0,7723
0.0,31.0,17.0,0.0,0.0,1.0,0.0,0,11,0
0.0,26.0,12.0,0.0,0.0,1.0,0.0,16905,9994,25565
0.0,49.0,8.0,0.0,0.0,1.0,1.0,25862,11968,25565
0.0,16.0,9.0,0.0,0.0,0.0,1.0,2539,4580,0
0.0,51.0,12.0,0.0,0.0,1.0,0.0,25862,25244,216
0.0,34.0,10.0,0.0,0.0,1.0,1.0,20545,2455,17839
0.0,33.0,12.0,0.0,0.0,1.0,0.0,19808,20947,25565
0.0,28.0,16.0,0.0,0.0,1.0,0.0,25862,25244,25565
0.0,47.0,12.0,0.0,0.0,1.0,0.0,18550,20590,25565
0.0,34.0,16.0,0.0,0.0,1.0,0.0,15412,16034,19638
0.0,35.0,12.0,0.0,0.0,1.0,0.0,17906,23845,25565
0.0,50.0,9.0,0.0,0.0,1.0,1.0,15847,21280,25565
0.0,36.0,13.0,0.0,0.0,1.0,0.0,25862,25244,25565
0.0,47.0,12.0,0.0,0.0,1.0,0.0,18380,22286,25565
0.0,52.0,13.0,0.0,0.0,1.0,0.0,25862,16688,25565
0.0,52.0,12.0,0.0,0.0,1.0,0.0,24081,24067,25407
0.0,39.0,12.0,0.0,0.0,1.0,0.0,10028,8665,7557
0.0,18.0,12.0,0.0,0.0,0.0,0.0,1236,5552,2849
0.0,51.0,15.0,0.0,0.0,1.0,0.0,18374,19817,21730
0.0,40.0,12.0,0.0,1.0,1.0,0.0,25794,20231,10552
0.0,38.0,9.0,0.0,0.0,1.0,1.0,25862,25244,25565
0.0,18.0,9.0,0.0,1.0,0.0,1.0,188,662,1156
0.0,42.0,6.0,0.0,1.0,1.0,1.0,0,0,13706
0.0,16.0,8.0,0.0,0.0,0.0,1.0,0,0,4383
0.0,18.0,12.0,0.0,0.0,0.0,0.0,3476,661,0
0.0,25.0,12.0,0.0,0.0,0.0,0.0,1115,10921,10688
0.0,26.0,14.0,0.0,0.0,1.0,0.0,22238,19577,25565
0.0,27.0,13.0,0.0,0.0,1.0,0.0,462,12851,25565
0.0,51.0,8.0,0.0,0.0,1.0,1.0,16505,15082,24204
0.0,55.0,14.0,0.0,0.0,1.0,0.0,0,0,0
0.0,51.0,12.0,0.0,0.0,1.0,0.0,21897,22150,25565
0.0,25.0,16.0,0.0,0.0,0.0,0.0,7518,14022,25565
0.0,50.0,12.0,0.0,0.0,1.0,0.0,23944,24510,25565
0.0,39.0,16.0,0.0,0.0,1.0,0.0,25862,25244,25565
0.0,23.0,13.0,0.0,0.0,0.0,0.0,601,1395,4976
0.0,30.0,12.0,0.0,0.0,1.0,0.0,18742,19840,22123
0.0,42.0,12.0,0.0,0.0,1.0,0.0,25862,25244,25565
0.0,19.0,12.0,0.0,0.0,0.0,0.0,7051,7086,20628
0.0,22.0,15.0,0.0,0.0,0.0,0.0,4710,7222,0
0.0,52.0,12.0,0.0,0.0,1.0,0.0,15845,16362,19435
0.0,30.0,9.0,0.0,0.0,1.0,1.0,18854,21185,7424
0.0,31.0,13.0,0.0,0.0,1.0,0.0,0,3944,0
0.0,28.0,12.0,0.0,1.0,0.0,0.0,2841,4893,19821
0.0,26.0,8.0,0.0,1.0,0.0,1.0,3168,5872,11136
0.0,28.0,12.0,0.0,0.0,1.0,0.0,23464,21307,22615
0.0,46.0,9.0,0.0,0.0,1.0,1.0,17559,17712,18347
0.0,46.0,5.0,1.0,0.0,1.0,1.0,18186,16512,4074
0.0,22.0,12.0,1.0,0.0,0.0,0.0,14722,17803,8404
0.0,16.0,10.0,0.0,0.0,0.0,1.0,0,2290,8837
0.0,36.0,11.0,0.0,0.0,1.0,1.0,22992,22320,24711
0.0,43.0,2.0,0.0,0.0,1.0,1.0,9426,14502,25565
0.0,31.0,12.0,0.0,0.0,0.0,0.0,6242,14088,20755
0.0,49.0,12.0,0.0,1.0,1.0,0.0,15398,12455,0
0.0,37.0,12.0,0.0,0.0,1.0,0.0,25862,25244,25565
0.0,31.0,12.0,0.0,0.0,1.0,0.0,5274,10140,2899
0.0,52.0,8.0,0.0,0.0,1.0,1.0,16158,16559,20568
0.0,24.0,18.0,0.0,0.0,0.0,0.0,7232,0,25565
0.0,30.0,14.0,0.0,0.0,1.0,0.0,25862,18080,19747
0.0,20.0,12.0,0.0,0.0,1.0,0.0,11728,15083,12404
0.0,48.0,10.0,0.0,0.0,1.0,1.0,18323,17379,17583
0.0,31.0,8.0,0.0,0.0,1.0,1.0,16664,13415,13353
0.0,30.0,14.0,0.0,0.0,1.0,0.0,14832,15434,16998
0.0,54.0,9.0,0.0,0.0,1.0,1.0,25655,25244,0
0.0,19.0,12.0,0.0,0.0,0.0,0.0,0,483,5335
0.0,34.0,0.0,0.0,0.0,1.0,1.0,18805,6517,7332
0.0,24.0,8.0,0.0,0.0,1.0,1.0,4624,5469,4509
0.0,25.0,13.0,1.0,0.0,1.0,0.0,19471,21119,3505
0.0,43.0,12.0,0.0,0.0,1.0,0.0,12420,5265,11559
0.0,42.0,12.0,0.0,0.0,1.0,0.0,20629,17278,25565
0.0,47.0,8.0,0.0,0.0,0.0,1.0,2721,1318,15521
0.0,28.0,14.0,0.0,0.0,1.0,0.0,0,0,442
0.0,43.0,18.0,0.0,0.0,1.0,0.0,25862,17678,918
0.0,31.0,12.0,0.0,0.0,1.0,0.0,16432,14659,21001
0.0,26.0,14.0,0.0,0.0,1.0,0.0,16131,19933,25565
0.0,38.0,10.0,1.0,0.0,1.0,1.0,6205,10994,888
0.0,20.0,11.0,1.0,0.0,0.0,1.0,0,3480,5496
0.0,18.0,8.0,1.0,0.0,0.0,1.0,1209,2847,0
0.0,54.0,8.0,0.0,0.0,1.0,1.0,20296,21122,25565
0.0,27.0,12.0,0.0,0.0,0.0,0.0,0,1867,0
0.0,38.0,9.0,0.0,0.0,1.0,1.0,25349,25244,18045
0.0,24.0,14.0,0.0,0.0,1.0,0.0,7236,7564,2583
0.0,39.0,11.0,0.0,0.0,0.0,1.0,10988,9752,25030
0.0,47.0,3.0,0.0,0.0,1.0,1.0,9048,5912,6146
0.0,19.0,9.0,0.0,0.0,0.0,1.0,774,677,5648
0.0,27.0,12.0,0.0,0.0,1.0,0.0,18337,19860,10895
0.0,28.0,13.0,1.0,0.0,1.0,0.0,14538,13990,13251
0.0,52.0,12.0,0.0,0.0,1.0,0.0,19026,17491,17909
0.0,36.0,14.0,0.0,0.0,0.0,0.0,25862,25244,25565
0.0,33.0,11.0,0.0,0.0,1.0,1.0,19618,23629,20152
0.0,37.0,12.0,0.0,0.0,1.0,0.0,23066,23568,24836
0.0,32.0,12.0,0.0,0.0,1.0,0.0,25862,12160,21081
0.0,20.0,12.0,0.0,0.0,1.0,0.0,0,16766,13373
0.0,28.0,16.0,0.0,0.0,0.0,0.0,16914,12344,25565
0.0,18.0,10.0,1.0,0.0,0.0,1.0,3000,3837,8181
0.0,18.0,10.0,1.0,0.0,0.0,1.0,3025,4274,0
0.0,27.0,12.0,1.0,0.0,0.0,0.0,0,5337,10313
0.0,52.0,12.0,0.0,0.0,0.0,0.0,0,0,0
0.0,54.0,12.0,0.0,0.0,1.0,0.0,18198,16541,15054
0.0,21.0,14.0,0.0,0.0,0.0,0.0,2966,2981,15219
0.0,42.0,10.0,0.0,0.0,1.0,1.0,25862,0,3699
0.0,25.0,12.0,0.0,0.0,1.0,0.0,1797,1541,3084
0.0,17.0,10.0,1.0,0.0,0.0,1.0,0,0,0
0.0,49.0,12.0,0.0,0.0,1.0,0.0,10502,7763,1024
0.0,38.0,3.0,1.0,0.0,0.0,1.0,9218,7815,0
0.0,33.0,12.0,0.0,0.0,0.0,0.0,25862,25244,15812
0.0,22.0,12.0,0.0,0.0,1.0,0.0,12097,469,14290
0.0,42.0,18.0,0.0,0.0,1.0,0.0,0,0,0
0.0,52.0,12.0,0.0,0.0,1.0,0.0,15018,16611,19392
0.0,53.0,12.0,0.0,0.0,1.0,0.0,10478,10167,7129
0.0,42.0,8.0,0.0,0.0,1.0,1.0,8346,18956,10960
0.0,36.0,12.0,0.0,0.0,1.0,0.0,24119,23559,23178
0.0,36.0,16.0,0.0,0.0,1.0,0.0,16895,16911,19290
0.0,28.0,12.0,0.0,0.0,1.0,0.0,12477,12292,14969
0.0,29.0,12.0,0.0,0.0,1.0,0.0,4156,6212,5564
0.0,28.0,14.0,0.0,0.0,1.0,0.0,24456,22843,25565
0.0,54.0,12.0,0.0,0.0,1.0,0.0,25862,25244,25565
0.0,21.0,13.0,0.0,0.0,0.0,0.0,308,0,0
0.0,32.0,12.0,0.0,0.0,1.0,0.0,20678,19914,21987
0.0,43.0,15.0,0.0,0.0,1.0,0.0,2122,3260,0
0.0,18.0,12.0,0.0,0.0,0.0,0.0,0,1008,21034
0.0,42.0,12.0,0.0,0.0,1.0,0.0,25862,25244,25565
0.0,53.0,12.0,0.0,0.0,1.0,0.0,15084,14752,14037
0.0,23.0,12.0,0.0,0.0,1.0,0.0,12388,0,25565
0.0,53.0,10.0,0.0,0.0,0.0,1.0,25862,22528,25565
0.0,55.0,10.0,0.0,0.0,1.0,1.0,25862,7426,0
0.0,33.0,3.0,0.0,1.0,1.0,1.0,7312,12085,19471
0.0,25.0,12.0,0.0,0.0,1.0,0.0,18292,12450,7542
0.0,28.0,12.0,1.0,0.0,0.0,0.0,15227,12308,12061
0.0,23.0,12.0,0.0,0.0,0.0,0.0,14085,18114,21835
0.0,41.0,12.0,0.0,0.0,1.0,0.0,21873,19212,25565
0.0,19.0,11.0,0.0,0.0,0.0,1.0,1254,6696,3289
0.0,41.0,12.0,0.0,0.0,1.0,0.0,16648,16306,19615
0.0,27.0,11.0,0.0,0.0,1.0,1.0,21260,23602,10632
0.0,33.0,9.0,0.0,0.0,1.0,1.0,19224,18875,21885
0.0,45.0,12.0,0.0,0.0,0.0,0.0,15496,15200,15779
0.0,26.0,16.0,0.0,0.0,1.0,0.0,18055,13469,25565
0.0,24.0,12.0,0.0,0.0,0.0,0.0,15576,15527,15914
0.0,51.0,11.0,0.0,0.0,1.0,1.0,22626,22932,21109
0.0,18.0,12.0,0.0,0.0,0.0,0.0,2676,3855,8284
0.0,43.0,12.0,0.0,0.0,1.0,0.0,19101,18292,12014
0.0,17.0,11.0,0.0,0.0,0.0,1.0,545,4725,12073
0.0,29.0,12.0,0.0,0.0,1.0,0.0,3499,14742,13923
0.0,35.0,17.0,0.0,0.0,1.0,0.0,21615,21570,25565
0.0,37.0,16.0,0.0,0.0,0.0,0.0,25862,25244,25565
0.0,23.0,9.0,0.0,1.0,1.0,1.0,10758,11746,7690
0.0,50.0,6.0,1.0,0.0,0.0,1.0,16058,13522,21173
0.0,45.0,12.0,0.0,0.0,0.0,0.0,7588,3330,11578
0.0,39.0,12.0,0.0,0.0,1.0,0.0,24350,25244,23381
0.0,24.0,12.0,0.0,0.0,1.0,0.0,15282,13696,12014
0.0,49.0,12.0,0.0,0.0,1.0,0.0,16019,22263,16153
0.0,33.0,12.0,0.0,0.0,1.0,0.0,25862,24391,15951
0.0,49.0,16.0,0.0,0.0,0.0,0.0,25862,18619,8921
0.0,21.0,14.0,0.0,0.0,1.0,0.0,10202,25244,25565
0.0,54.0,12.0,0.0,0.0,1.0,0.0,22483,19572,0
0.0,18.0,12.0,0.0,0.0,0.0,0.0,3934,6402,11863
0.0,32.0,9.0,0.0,0.0,1.0,1.0,25862,25244,25565
0.0,43.0,16.0,0.0,0.0,1.0,0.0,25862,25244,25565
0.0,32.0,16.0,0.0,0.0,1.0,0.0,3464,0,0
0.0,38.0,12.0,0.0,0.0,1.0,0.0,25862,20757,25565
0.0,22.0,11.0,0.0,0.0,1.0,1.0,16973,585,13737
0.0,38.0,8.0,0.0,0.0,1.0,1.0,20257,17235,17499
0.0,16.0,10.0,0.0,0.0,0.0,1.0,92,380,2440
0.0,37.0,12.0,0.0,0.0,0.0,0.0,25862,25244,25565
0.0,38.0,18.0,0.0,0.0,0.0,0.0,23206,7403,25565
0.0,28.0,17.0,0.0,0.0,0.0,0.0,7471,5933,17702
0.0,53.0,12.0,1.0,0.0,1.0,0.0,25862,25244,23998
0.0,26.0,18.0,0.0,0.0,1.0,0.0,11830,22988,17544
0.0,30.0,16.0,0.0,0.0,0.0,0.0,3094,4469,15538
0.0,34.0,12.0,0.0,0.0,1.0,0.0,6644,4019,25565
0.0,54.0,10.0,0.0,0.0,1.0,1.0,0,0,0
0.0,28.0,12.0,0.0,0.0,1.0,0.0,11842,18444,19459
0.0,22.0,12.0,0.0,0.0,1.0,0.0,25862,14858,24114
0.0,55.0,9.0,0.0,0.0,1.0,1.0,25862,25244,14337
0.0,49.0,8.0,0.0,0.0,0.0,1.0,12757,12425,0
0.0,47.0,12.0,0.0,0.0,1.0,0.0,20126,9757,14897
0.0,53.0,12.0,0.0,0.0,1.0,0.0,0,0,0
0.0,21.0,14.0,0.0,0.0,0.0,0.0,4914,6044,14371
0.0,51.0,10.0,0.0,0.0,1.0,1.0,25862,16824,25565
0.0,51.0,12.0,0.0,0.0,1.0,0.0,25862,25244,25565
0.0,22.0,16.0,0.0,0.0,0.0,0.0,3437,5908,0
0.0,35.0,11.0,1.0,0.0,1.0,1.0,21370,18793,0
0.0,37.0,12.0,1.0,0.0,1.0,0.0,0,0,0
0.0,36.0,7.0,1.0,0.0,1.0,1.0,12381,10413,17090
0.0,34.0,12.0,0.0,0.0,1.0,0.0,21642,20109,22914
0.0,52.0,12.0,1.0,0.0,1.0,0.0,0,0,0
0.0,40.0,16.0,0.0,0.0,1.0,0.0,25862,25244,25565
0.0,31.0,14.0,0.0,1.0,1.0,0.0,20133,11249,19760
0.0,35.0,16.0,0.0,0.0,1.0,0.0,25862,21824,25565
0.0,48.0,11.0,0.0,0.0,1.0,1.0,0,0,0
0.0,55.0,9.0,0.0,0.0,1.0,1.0,25862,25244,21649
0.0,35.0,16.0,0.0,0.0,1.0,0.0,0,0,0
0.0,30.0,12.0,0.0,0.0,1.0,0.0,20167,18347,25565
0.0,30.0,16.0,0.0,0.0,1.0,0.0,19038,11467,24934
0.0,31.0,14.0,0.0,0.0,1.0,0.0,25862,25244,25565
0.0,33.0,12.0,0.0,0.0,1.0,0.0,25858,25244,21403
0.0,28.0,13.0,0.0,0.0,1.0,0.0,19491,24180,25565
0.0,37.0,12.0,0.0,0.0,1.0,0.0,22216,25244,25565
0.0,33.0,12.0,0.0,0.0,1.0,0.0,20271,21724,25565
0.0,22.0,11.0,0.0,0.0,1.0,1.0,8762,4463,10643
0.0,26.0,12.0,0.0,0.0,0.0,0.0,19420,22243,25565
0.0,32.0,18.0,0.0,0.0,1.0,0.0,25862,25244,25565
0.0,39.0,17.0,0.0,0.0,1.0,0.0,25862,25244,24116
0.0,51.0,12.0,0.0,0.0,1.0,0.0,12063,23400,14969
0.0,47.0,10.0,0.0,0.0,1.0,1.0,25862,25244,25565
0.0,40.0,12.0,0.0,0.0,1.0,0.0,25862,25244,25565
0.0,26.0,10.0,0.0,1.0,1.0,1.0,17355,15844,14381
0.0,41.0,12.0,0.0,0.0,1.0,0.0,21671,22082,22164
0.0,55.0,12.0,0.0,0.0,1.0,0.0,0,0,0
0.0,19.0,12.0,0.0,0.0,1.0,0.0,10856,18186,0
0.0,30.0,17.0,0.0,0.0,1.0,0.0,25862,25244,25565
0.0,52.0,8.0,0.0,0.0,1.0,1.0,0,0,0
0.0,28.0,12.0,0.0,0.0,1.0,0.0,25862,16390,25565
0.0,47.0,6.0,1.0,0.0,1.0,1.0,25862,24988,25565
0.0,40.0,4.0,0.0,1.0,1.0,1.0,16836,14453,18139
0.0,30.0,12.0,0.0,0.0,1.0,0.0,11176,6431,6798
0.0,20.0,12.0,0.0,0.0,0.0,0.0,3382,478,3452
0.0,48.0,12.0,0.0,0.0,1.0,0.0,25862,25244,25565
0.0,28.0,14.0,0.0,0.0,1.0,0.0,0,0,0
0.0,31.0,14.0,0.0,0.0,1.0,0.0,21317,22171,21943
0.0,53.0,16.0,0.0,0.0,1.0,0.0,25862,25244,25565
0.0,34.0,18.0,0.0,0.0,1.0,0.0,25833,25244,23963
0.0,37.0,12.0,0.0,0.0,1.0,0.0,25862,25244,20317
0.0,36.0,12.0,0.0,0.0,1.0,0.0,24389,17021,25565
0.0,21.0,15.0,0.0,0.0,0.0,0.0,5835,4488,0
0.0,33.0,17.0,0.0,0.0,1.0,0.0,25506,25244,12227
0.0,38.0,13.0,0.0,0.0,1.0,0.0,19448,20139,17665
0.0,35.0,14.0,0.0,0.0,1.0,0.0,23991,21230,25565
0.0,33.0,12.0,0.0,0.0,1.0,0.0,0,0,0
0.0,41.0,12.0,0.0,0.0,1.0,0.0,25862,25244,0
0.0,18.0,11.0,0.0,0.0,0.0,1.0,129,0,25565
0.0,20.0,10.0,0.0,0.0,1.0,1.0,6564,134,15364
0.0,40.0,12.0,0.0,1.0,0.0,0.0,11867,1196,3873
0.0,52.0,11.0,1.0,0.0,1.0,1.0,22477,19434,25565
0.0,35.0,12.0,0.0,0.0,1.0,0.0,21554,2188,1498
0.0,35.0,12.0,0.0,0.0,0.0,0.0,15850,22137,17919
0.0,50.0,12.0,0.0,0.0,1.0,0.0,20531,21795,21427
0.0,34.0,8.0,0.0,0.0,0.0,1.0,18456,18224,13258
0.0,19.0,12.0,0.0,0.0,0.0,0.0,762,6282,383
0.0,30.0,12.0,0.0,0.0,1.0,0.0,766,10891,20471
0.0,43.0,10.0,0.0,0.0,1.0,1.0,3276,2759,2279
0.0,20.0,12.0,0.0,0.0,0.0,0.0,570,1810,11910
0.0,44.0,12.0,0.0,0.0,1.0,0.0,25862,25244,25565
0.0,54.0,8.0,0.0,0.0,0.0,1.0,18774,18623,4118
0.0,47.0,11.0,0.0,0.0,1.0,1.0,25862,25244,25565
0.0,23.0,15.0,0.0,0.0,1.0,0.0,20255,21666,23209
0.0,34.0,8.0,0.0,0.0,1.0,1.0,24013,25244,25565
0.0,34.0,9.0,0.0,0.0,1.0,1.0,0,0,0
0.0,29.0,12.0,0.0,0.0,1.0,0.0,0,822,0
0.0,48.0,10.0,0.0,0.0,1.0,1.0,0,0,0
0.0,19.0,12.0,0.0,0.0,0.0,0.0,858,834,0
0.0,24.0,13.0,0.0,0.0,0.0,0.0,2839,0,0
0.0,25.0,12.0,0.0,0.0,1.0,0.0,3950,6375,14811
0.0,35.0,14.0,0.0,0.0,1.0,0.0,25862,25244,19695
0.0,25.0,18.0,0.0,0.0,0.0,0.0,1581,840,20842
0.0,42.0,12.0,0.0,0.0,1.0,0.0,25862,25244,25565
0.0,32.0,12.0,0.0,0.0,1.0,0.0,5772,0,0
0.0,49.0,10.0,0.0,0.0,1.0,1.0,0,0,0
0.0,18.0,12.0,0.0,0.0,0.0,0.0,3515,2646,1519
0.0,40.0,8.0,0.0,0.0,1.0,1.0,12919,4680,18136
0.0,23.0,8.0,0.0,0.0,1.0,1.0,7314,9088,5640
0.0,19.0,10.0,0.0,0.0,0.0,1.0,2620,458,6591
0.0,34.0,14.0,0.0,0.0,1.0,0.0,22132,19989,25565
0.0,38.0,12.0,0.0,0.0,1.0,0.0,25862,25244,23769
0.0,27.0,16.0,0.0,0.0,1.0,0.0,21344,21031,25186
0.0,29.0,12.0,0.0,0.0,1.0,0.0,15478,1386,5744
0.0,25.0,9.0,0.0,0.0,1.0,1.0,17146,18795,20635
0.0,48.0,12.0,0.0,0.0,1.0,0.0,25133,22907,25565
0.0,21.0,12.0,0.0,0.0,0.0,0.0,12443,3923,4461
0.0,32.0,12.0,0.0,0.0,1.0,0.0,22406,23743,25565
0.0,29.0,18.0,0.0,0.0,1.0,0.0,25862,25244,25565
0.0,25.0,12.0,0.0,0.0,1.0,0.0,25037,25244,25565
0.0,27.0,16.0,0.0,0.0,1.0,0.0,462,0,542
0.0,24.0,14.0,0.0,0.0,1.0,0.0,17067,17194,23154
0.0,46.0,12.0,0.0,0.0,1.0,0.0,18227,12783,17145
0.0,42.0,9.0,0.0,0.0,1.0,1.0,23499,23158,21273
0.0,38.0,12.0,0.0,0.0,1.0,0.0,0,0,18757
0.0,51.0,16.0,0.0,0.0,1.0,0.0,25862,25244,25565
0.0,19.0,12.0,0.0,0.0,0.0,0.0,8842,10264,17570
0.0,52.0,8.0,0.0,0.0,1.0,1.0,16738,17851,13795
0.0,38.0,12.0,0.0,0.0,1.0,0.0,22038,17984,22178
0.0,25.0,12.0,0.0,0.0,1.0,0.0,20519,18825,9079
0.0,30.0,12.0,0.0,0.0,1.0,0.0,15406,10935,16539
0.0,44.0,12.0,0.0,0.0,1.0,0.0,25768,23532,25565
0.0,40.0,8.0,0.0,0.0,1.0,1.0,25862,20795,16639
0.0,29.0,12.0,0.0,0.0,0.0,0.0,17561,19044,18405
0.0,51.0,12.0,0.0,1.0,1.0,0.0,25447,25244,25535
0.0,29.0,12.0,0.0,0.0,0.0,0.0,11044,11272,7777
0.0,19.0,8.0,0.0,0.0,0.0,1.0,0,6801,10369
0.0,16.0,8.0,0.0,0.0,0.0,1.0,0,0,11952
0.0,50.0,18.0,0.0,0.0,1.0,0.0,25862,25244,7573
0.0,54.0,5.0,0.0,0.0,1.0,1.0,22906,19475,24923
0.0,16.0,9.0,0.0,0.0,0.0,1.0,0,820,4111
0.0,53.0,8.0,0.0,0.0,1.0,1.0,0,0,0
0.0,55.0,8.0,0.0,0.0,1.0,1.0,17126,17662,17870
0.0,35.0,10.0,0.0,0.0,1.0,1.0,14559,15433,8790
0.0,31.0,10.0,0.0,0.0,1.0,1.0,23092,24142,11157
0.0,24.0,12.0,0.0,0.0,1.0,0.0,15529,4111,0
0.0,55.0,9.0,0.0,0.0,1.0,1.0,25862,25244,25565
0.0,50.0,12.0,0.0,0.0,1.0,0.0,25862,24753,0
0.0,44.0,8.0,0.0,0.0,1.0,1.0,14910,17737,14359
0.0,21.0,12.0,0.0,0.0,0.0,0.0,8407,11861,1111
0.0,55.0,6.0,0.0,0.0,1.0,1.0,25862,25244,25565
0.0,52.0,12.0,0.0,0.0,1.0,0.0,25200,21992,666
0.0,38.0,4.0,0.0,1.0,1.0,1.0,6530,6837,6375
0.0,38.0,12.0,0.0,1.0,1.0,0.0,19808,10939,11653
0.0,32.0,12.0,1.0,0.0,0.0,0.0,24360,25009,25565
0.0,50.0,11.0,0.0,0.0,1.0,1.0,25862,25244,25565
0.0,46.0,12.0,0.0,0.0,1.0,0.0,16903,16543,20904
0.0,19.0,12.0,0.0,0.0,0.0,0.0,0,3112,13461
0.0,49.0,8.0,0.0,0.0,1.0,1.0,13313,10661,4766
0.0,24.0,10.0,0.0,0.0,1.0,1.0,4026,8338,9997
0.0,28.0,12.0,0.0,0.0,1.0,0.0,20167,22683,25565
0.0,32.0,12.0,0.0,0.0,1.0,0.0,18611,17869,18188
0.0,42.0,12.0,0.0,0.0,1.0,0.0,19473,18897,19964
0.0,48.0,12.0,0.0,0.0,1.0,0.0,16683,15538,14717
0.0,29.0,12.0,0.0,0.0,1.0,0.0,12208,10595,11670
0.0,54.0,12.0,0.0,0.0,1.0,0.0,25862,25244,25565
0.0,43.0,18.0,0.0,0.0,1.0,0.0,25862,25244,1995
0.0,55.0,12.0,0.0,0.0,1.0,0.0,0,5310,8516
0.0,22.0,16.0,0.0,0.0,0.0,0.0,0,0,3403
0.0,50.0,11.0,0.0,0.0,1.0,1.0,21368,20950,23577
0.0,21.0,12.0,0.0,0.0,0.0,0.0,2898,9261,16639
0.0,25.0,11.0,0.0,0.0,0.0,1.0,4994,0,8355
0.0,35.0,9.0,0.0,0.0,1.0,1.0,11487,14695,9543
0.0,29.0,17.0,0.0,0.0,1.0,0.0,3184,3795,2964
0.0,50.0,12.0,0.0,0.0,1.0,0.0,20167,14931,7180
0.0,40.0,12.0,0.0,0.0,1.0,0.0,25862,25244,25565
0.0,33.0,16.0,0.0,0.0,1.0,0.0,25862,25244,25565
0.0,24.0,15.0,0.0,0.0,1.0,0.0,15688,10278,13905
0.0,28.0,12.0,0.0,0.0,1.0,0.0,25862,25244,25565
0.0,38.0,12.0,0.0,0.0,1.0,0.0,25862,25244,25565
0.0,51.0,12.0,0.0,0.0,1.0,0.0,19812,25244,6935
0.0,20.0,9.0,0.0,0.0,0.0,1.0,7426,13866,0
0.0,29.0,18.0,0.0,0.0,1.0,0.0,25862,25244,25565
0.0,42.0,12.0,0.0,0.0,1.0,0.0,16056,13640,0
0.0,19.0,12.0,0.0,0.0,0.0,0.0,6695,10994,0
0.0,29.0,12.0,0.0,0.0,1.0,0.0,24926,23428,25565
0.0,55.0,12.0,0.0,0.0,1.0,0.0,0,0,0
0.0,42.0,12.0,0.0,0.0,1.0,0.0,25862,20352,21789
0.0,21.0,12.0,0.0,0.0,0.0,0.0,16846,0,20468
0.0,18.0,12.0,0.0,0.0,0.0,0.0,1985,2476,6549
0.0,26.0,12.0,0.0,0.0,0.0,0.0,12612,12889,16667
0.0,29.0,14.0,0.0,0.0,0.0,0.0,17535,16885,9920
0.0,31.0,16.0,0.0,0.0,1.0,0.0,25862,25244,25013
0.0,47.0,12.0,0.0,0.0,1.0,0.0,25862,25244,25565
0.0,34.0,12.0,0.0,0.0,1.0,0.0,14222,8382,0
0.0,40.0,13.0,0.0,0.0,1.0,0.0,25862,6624,25565
0.0,52.0,14.0,0.0,0.0,1.0,0.0,25862,25244,25565
0.0,18.0,11.0,0.0,0.0,0.0,1.0,0,2859,8773
0.0,23.0,13.0,0.0,0.0,1.0,0.0,12573,13834,18040
0.0,54.0,12.0,0.0,0.0,0.0,0.0,0,0,0
0.0,49.0,10.0,0.0,0.0,1.0,1.0,20768,18977,19216
0.0,35.0,12.0,0.0,0.0,1.0,0.0,24583,23788,24727
0.0,27.0,12.0,0.0,0.0,1.0,0.0,20941,20241,22797
0.0,48.0,8.0,1.0,0.0,1.0,1.0,23401,13825,14155
0.0,50.0,16.0,0.0,0.0,1.0,0.0,25862,18408,25565
0.0,44.0,12.0,0.0,0.0,1.0,0.0,23496,25244,24292
0.0,32.0,12.0,0.0,0.0,1.0,0.0,19068,12625,14146
0.0,43.0,4.0,0.0,1.0,1.0,1.0,25862,25244,25178
0.0,30.0,12.0,1.0,0.0,1.0,0.0,25862,25244,25565
0.0,27.0,16.0,0.0,0.0,1.0,0.0,2416,5894,5549
0.0,34.0,7.0,0.0,1.0,1.0,1.0,15559,13470,14833
0.0,44.0,12.0,0.0,1.0,0.0,0.0,12735,11637,10159
0.0,24.0,16.0,0.0,0.0,1.0,0.0,5298,13345,22284
0.0,21.0,14.0,0.0,0.0,1.0,0.0,13113,22751,24288
0.0,31.0,12.0,0.0,0.0,0.0,0.0,2480,22152,0
0.0,35.0,10.0,0.0,0.0,1.0,1.0,25862,25244,25565
0.0,37.0,12.0,0.0,0.0,1.0,0.0,25862,25244,25565
0.0,50.0,3.0,0.0,1.0,1.0,1.0,15220,14878,0
0.0,28.0,16.0,0.0,0.0,1.0,0.0,14450,21684,25565
0.0,44.0,6.0,0.0,0.0,1.0,1.0,25862,25244,25565
0.0,30.0,16.0,0.0,0.0,1.0,0.0,5651,10824,25565
0.0,27.0,15.0,0.0,0.0,0.0,0.0,6411,7951,0
0.0,26.0,14.0,0.0,0.0,0.0,0.0,24093,24760,25565
0.0,40.0,12.0,0.0,0.0,1.0,0.0,25862,25244,25565
0.0,45.0,6.0,0.0,0.0,1.0,1.0,25862,23724,25565
0.0,25.0,12.0,0.0,0.0,1.0,0.0,7373,247,5394
0.0,30.0,15.0,0.0,0.0,0.0,0.0,25862,25244,25565
0.0,24.0,14.0,0.0,0.0,1.0,0.0,12700,20001,25565
0.0,32.0,18.0,0.0,0.0,1.0,0.0,25862,25244,25565
0.0,33.0,12.0,0.0,0.0,1.0,0.0,0,13965,8423
0.0,26.0,6.0,0.0,1.0,1.0,1.0,15878,14398,0
0.0,26.0,14.0,1.0,0.0,1.0,0.0,21534,18045,25565
0.0,32.0,12.0,1.0,0.0,1.0,0.0,5660,25244,25565
0.0,20.0,13.0,0.0,0.0,0.0,0.0,1714,0,3100
0.0,34.0,2.0,0.0,0.0,0.0,1.0,7477,7847,4566
0.0,38.0,12.0,1.0,0.0,0.0,0.0,0,0,0
0.0,18.0,11.0,1.0,0.0,0.0,1.0,1716,4139,8373
0.0,37.0,6.0,1.0,0.0,1.0,1.0,14069,14201,15615
0.0,39.0,12.0,1.0,0.0,1.0,0.0,25862,21434,22826
0.0,40.0,10.0,0.0,1.0,1.0,1.0,20898,13354,962
0.0,16.0,10.0,0.0,1.0,0.0,1.0,635,1166,0
0.0,20.0,9.0,0.0,1.0,0.0,1.0,1501,0,12618
0.0,19.0,12.0,0.0,0.0,1.0,0.0,0,11136,1002
0.0,31.0,8.0,0.0,1.0,1.0,1.0,8082,12647,15337
0.0,34.0,11.0,0.0,0.0,1.0,1.0,15792,10822,7541
0.0,26.0,12.0,0.0,0.0,1.0,0.0,5039,15776,15547
0.0,39.0,14.0,0.0,1.0,1.0,0.0,25862,25244,25565
0.0,24.0,10.0,0.0,0.0,0.0,1.0,0,0,148
0.0,30.0,16.0,0.0,0.0,1.0,0.0,21669,24402,25565
0.0,32.0,11.0,0.0,0.0,1.0,1.0,23063,25013,25516
0.0,29.0,16.0,0.0,0.0,0.0,0.0,25862,25244,25565
0.0,36.0,16.0,0.0,0.0,1.0,0.0,25862,25244,25565
0.0,34.0,12.0,0.0,0.0,1.0,0.0,25862,25244,25565
0.0,22.0,16.0,0.0,0.0,1.0,0.0,9516,22836,21189
0.0,45.0,15.0,0.0,0.0,0.0,0.0,25862,25244,25565
0.0,44.0,11.0,0.0,0.0,1.0,1.0,22910,22345,18002
0.0,41.0,12.0,0.0,0.0,1.0,0.0,25862,25244,25565
0.0,41.0,12.0,0.0,1.0,1.0,0.0,15823,12140,15023
0.0,25.0,13.0,0.0,0.0,1.0,0.0,25862,25244,25565
0.0,39.0,12.0,0.0,0.0,1.0,0.0,20890,0,25565
0.0,50.0,12.0,0.0,0.0,1.0,0.0,0,0,0
0.0,49.0,12.0,0.0,0.0,1.0,0.0,25862,25244,25565
0.0,18.0,12.0,0.0,0.0,0.0,0.0,0,0,3400
0.0,29.0,18.0,0.0,0.0,1.0,0.0,25862,25233,25565
0.0,49.0,14.0,0.0,0.0,0.0,0.0,25862,25244,25565
0.0,49.0,12.0,0.0,0.0,1.0,0.0,19299,21341,14762
0.0,43.0,13.0,0.0,0.0,1.0,0.0,25862,25244,25565
0.0,36.0,13.0,0.0,0.0,1.0,0.0,25862,25244,25565
0.0,19.0,12.0,0.0,0.0,0.0,0.0,10306,15844,10709
0.0,33.0,12.0,1.0,0.0,0.0,0.0,19900,19473,18250
0.0,25.0,12.0,0.0,0.0,1.0,0.0,20131,20132,20747
0.0,28.0,12.0,0.0,0.0,1.0,0.0,25862,21122,19988
0.0,22.0,16.0,0.0,0.0,1.0,0.0,3123,14210,25565
0.0,52.0,11.0,0.0,0.0,1.0,1.0,25862,25242,0
0.0,48.0,12.0,0.0,0.0,1.0,0.0,25862,25244,25565
0.0,19.0,13.0,0.0,0.0,0.0,0.0,6575,8590,13607
0.0,27.0,13.0,0.0,0.0,1.0,0.0,14871,12276,11040
0.0,36.0,18.0,0.0,0.0,1.0,0.0,25862,25244,25565
0.0,48.0,10.0,0.0,0.0,1.0,1.0,25862,25244,25565
0.0,34.0,17.0,0.0,0.0,0.0,0.0,22277,2148,2413
0.0,43.0,12.0,0.0,0.0,0.0,0.0,0,0,0
0.0,38.0,12.0,0.0,0.0,1.0,0.0,25862,25244,19664
0.0,53.0,15.0,0.0,0.0,1.0,0.0,0,0,0
0.0,33.0,13.0,0.0,0.0,1.0,0.0,0,0,0
0.0,47.0,12.0,0.0,0.0,1.0,0.0,24095,23935,25565
0.0,31.0,12.0,0.0,0.0,1.0,0.0,17653,17962,18664
0.0,37.0,13.0,0.0,0.0,1.0,0.0,22767,10250,13016
0.0,51.0,8.0,0.0,0.0,1.0,1.0,25755,22927,22821
0.0,39.0,12.0,0.0,0.0,1.0,0.0,18909,15809,19382
0.0,48.0,8.0,0.0,0.0,1.0,1.0,22234,20403,0
0.0,47.0,9.0,0.0,0.0,1.0,1.0,19375,20044,21624
0.0,25.0,16.0,0.0,0.0,1.0,0.0,24773,20793,23762
0.0,38.0,10.0,0.0,0.0,1.0,1.0,24518,20995,25565
0.0,37.0,14.0,0.0,0.0,1.0,0.0,25862,25244,0
0.0,20.0,12.0,0.0,0.0,1.0,0.0,10474,12258,14742
0.0,23.0,13.0,0.0,0.0,1.0,0.0,6955,10112,12558
0.0,18.0,12.0,0.0,0.0,0.0,0.0,0,2241,6130
0.0,18.0,12.0,0.0,0.0,0.0,0.0,882,2696,12120
0.0,34.0,12.0,0.0,0.0,1.0,0.0,23213,25079,24609
0.0,26.0,12.0,0.0,0.0,0.0,0.0,15529,17241,14808
0.0,46.0,15.0,0.0,0.0,0.0,0.0,7098,8995,8645
0.0,55.0,11.0,0.0,0.0,1.0,1.0,25862,25242,24114
0.0,29.0,12.0,0.0,0.0,1.0,0.0,25862,25244,25565
0.0,28.0,16.0,0.0,0.0,1.0,0.0,25376,24039,22139
0.0,31.0,16.0,0.0,0.0,1.0,0.0,22351,21178,23242
0.0,37.0,10.0,0.0,0.0,1.0,1.0,18029,19033,20673
0.0,17.0,10.0,0.0,0.0,0.0,1.0,850,981,0
0.0,39.0,12.0,0.0,0.0,1.0,0.0,25862,25244,25565
0.0,28.0,13.0,0.0,0.0,1.0,0.0,18885,20920,17483
0.0,54.0,10.0,0.0,0.0,1.0,1.0,24175,23074,25565
0.0,55.0,10.0,0.0,0.0,1.0,1.0,25862,25244,25565
0.0,35.0,16.0,0.0,0.0,1.0,0.0,25862,25244,25565
0.0,18.0,12.0,0.0,0.0,0.0,0.0,1391,2148,2976
0.0,28.0,16.0,0.0,0.0,1.0,0.0,22659,23704,25565
0.0,39.0,13.0,0.0,0.0,0.0,0.0,25862,25244,25565
0.0,47.0,12.0,0.0,0.0,1.0,0.0,25862,25244,25565
0.0,53.0,12.0,0.0,0.0,1.0,0.0,2790,6266,25565
0.0,51.0,12.0,0.0,0.0,1.0,0.0,25862,24343,23490
0.0,34.0,12.0,0.0,0.0,1.0,0.0,25862,25244,18590
0.0,35.0,8.0,0.0,0.0,1.0,1.0,17236,16877,24826
0.0,49.0,8.0,0.0,0.0,1.0,1.0,19238,21441,25565
0.0,42.0,12.0,0.0,0.0,0.0,0.0,9553,9743,14219
0.0,27.0,10.0,0.0,0.0,1.0,1.0,3162,9401,644
0.0,31.0,14.0,0.0,0.0,1.0,0.0,17831,11564,22095
0.0,44.0,6.0,0.0,0.0,0.0,1.0,21544,16881,14034
0.0,55.0,12.0,0.0,0.0,1.0,0.0,7796,6200,5855
0.0,35.0,8.0,0.0,0.0,1.0,1.0,2241,2399,9460
0.0,50.0,12.0,0.0,0.0,1.0,0.0,25862,25244,25565
0.0,45.0,12.0,0.0,0.0,1.0,0.0,16560,1266,7987
0.0,45.0,7.0,0.0,1.0,1.0,1.0,25862,25244,24731
0.0,20.0,13.0,0.0,0.0,0.0,0.0,721,1830,8625
0.0,55.0,12.0,0.0,0.0,0.0,0.0,6119,6237,5057
0.0,20.0,13.0,0.0,0.0,0.0,0.0,0,0,10
0.0,19.0,13.0,0.0,0.0,0.0,0.0,850,995,1538
0.0,48.0,13.0,0.0,0.0,1.0,0.0,25862,19611,24035
0.0,27.0,16.0,0.0,0.0,0.0,0.0,15425,20062,25565
0.0,27.0,16.0,0.0,0.0,0.0,0.0,16856,11139,23746
0.0,38.0,8.0,0.0,0.0,1.0,1.0,10907,12339,11568
0.0,55.0,14.0,0.0,0.0,1.0,0.0,4120,6853,1664
0.0,34.0,10.0,0.0,0.0,1.0,1.0,9579,8936,9989
0.0,29.0,12.0,0.0,0.0,1.0,0.0,14289,3504,8133
0.0,38.0,16.0,0.0,0.0,0.0,0.0,7539,10964,10340
0.0,50.0,12.0,0.0,0.0,1.0,0.0,25862,24843,24595
0.0,54.0,12.0,0.0,0.0,1.0,0.0,22649,20888,24808
0.0,30.0,14.0,0.0,0.0,1.0,0.0,10780,15037,4912
0.0,25.0,12.0,0.0,0.0,1.0,0.0,3137,2147,17839
0.0,49.0,17.0,0.0,0.0,1.0,0.0,25780,25244,25565
0.0,21.0,14.0,0.0,0.0,0.0,0.0,7400,4909,10848
0.0,16.0,10.0,0.0,0.0,0.0,1.0,0,603,4826
0.0,29.0,8.0,0.0,0.0,0.0,1.0,2373,2363,8392
0.0,39.0,12.0,0.0,0.0,1.0,0.0,13370,14059,18780
0.0,34.0,12.0,0.0,0.0,0.0,0.0,16262,15932,10753
0.0,55.0,8.0,0.0,0.0,1.0,1.0,25862,25244,25565
0.0,18.0,11.0,0.0,0.0,0.0,1.0,0,0,16413
0.0,26.0,16.0,0.0,0.0,0.0,0.0,15198,12334,14124
0.0,37.0,14.0,0.0,0.0,1.0,0.0,25862,25244,25565
0.0,17.0,11.0,0.0,0.0,0.0,1.0,619,784,2806
0.0,29.0,12.0,0.0,0.0,1.0,0.0,0,722,0
0.0,23.0,11.0,0.0,0.0,1.0,1.0,25862,23312,140
0.0,32.0,14.0,0.0,0.0,1.0,0.0,0,0,0
0.0,29.0,14.0,0.0,0.0,1.0,0.0,25862,23638,15812
0.0,31.0,16.0,0.0,0.0,1.0,0.0,25862,25244,25565
0.0,26.0,12.0,0.0,0.0,1.0,0.0,14824,15803,18176
0.0,24.0,12.0,0.0,0.0,1.0,0.0,13064,12185,13973
0.0,35.0,18.0,0.0,0.0,1.0,0.0,0,0,0
0.0,27.0,11.0,0.0,0.0,1.0,1.0,16566,15855,15732
0.0,39.0,12.0,0.0,0.0,1.0,0.0,25862,25244,25565
0.0,29.0,12.0,0.0,0.0,1.0,0.0,19843,14315,11687
0.0,30.0,12.0,0.0,0.0,1.0,0.0,21417,19362,22515
0.0,34.0,8.0,0.0,0.0,1.0,1.0,0,0,2664
0.0,42.0,7.0,0.0,0.0,1.0,1.0,4324,3457,9856
0.0,24.0,9.0,0.0,0.0,1.0,1.0,10249,10250,9339
0.0,33.0,18.0,0.0,0.0,1.0,0.0,24001,25244,25565
0.0,48.0,12.0,0.0,0.0,1.0,0.0,13940,13184,6765
0.0,22.0,12.0,0.0,0.0,1.0,0.0,6377,7215,8201
0.0,51.0,9.0,0.0,0.0,1.0,1.0,7206,13008,0
0.0,17.0,10.0,0.0,0.0,0.0,1.0,0,618,12448
0.0,42.0,8.0,0.0,0.0,0.0,1.0,8658,11725,6254
0.0,54.0,8.0,0.0,0.0,1.0,1.0,14405,9390,0
0.0,34.0,12.0,0.0,0.0,1.0,0.0,22275,22211,25565
0.0,33.0,13.0,0.0,0.0,1.0,0.0,19520,18190,16787
0.0,40.0,13.0,0.0,0.0,1.0,0.0,14859,15597,15210
0.0,26.0,12.0,0.0,0.0,1.0,0.0,21052,22309,25565
0.0,24.0,12.0,0.0,0.0,0.0,0.0,13051,10819,9026
0.0,52.0,10.0,0.0,0.0,0.0,1.0,22065,19710,21225
0.0,31.0,15.0,0.0,0.0,1.0,0.0,25490,24382,25565
0.0,23.0,13.0,0.0,0.0,1.0,0.0,18760,22393,25565
0.0,34.0,18.0,0.0,0.0,1.0,0.0,11538,6556,13793
0.0,36.0,13.0,0.0,0.0,1.0,0.0,24414,21274,20747
0.0,52.0,12.0,0.0,0.0,1.0,0.0,18356,22834,25565
0.0,17.0,11.0,0.0,0.0,0.0,1.0,676,3280,0
0.0,41.0,8.0,0.0,0.0,1.0,1.0,24191,23625,0
0.0,47.0,12.0,0.0,0.0,1.0,0.0,25862,25244,0
0.0,28.0,18.0,0.0,0.0,1.0,0.0,3458,9211,0
0.0,40.0,12.0,0.0,0.0,1.0,0.0,25862,25244,25565
0.0,39.0,12.0,0.0,0.0,1.0,0.0,20396,19959,19781
0.0,29.0,11.0,0.0,0.0,1.0,1.0,15945,14817,23941
0.0,37.0,12.0,0.0,0.0,1.0,0.0,0,0,0
0.0,30.0,12.0,0.0,0.0,1.0,0.0,0,0,0
0.0,21.0,11.0,0.0,0.0,0.0,1.0,14154,7874,0
0.0,38.0,13.0,0.0,0.0,1.0,0.0,25862,25244,25565
0.0,31.0,8.0,0.0,0.0,1.0,1.0,25637,23795,25565
0.0,26.0,16.0,0.0,0.0,1.0,0.0,21897,24058,25565
0.0,24.0,12.0,0.0,0.0,1.0,0.0,20255,17801,24130
0.0,44.0,8.0,0.0,0.0,0.0,1.0,6567,7877,8537
0.0,27.0,15.0,0.0,0.0,0.0,0.0,6277,6202,3656
0.0,21.0,11.0,0.0,0.0,0.0,1.0,9195,14716,20669
0.0,51.0,8.0,0.0,0.0,1.0,1.0,19722,21708,17326
0.0,38.0,9.0,0.0,0.0,1.0,1.0,21068,25244,25151
0.0,20.0,11.0,0.0,0.0,0.0,1.0,8607,15982,23156
0.0,22.0,14.0,0.0,0.0,0.0,0.0,1373,2422,7875
0.0,35.0,12.0,0.0,0.0,1.0,0.0,15939,25244,25565
0.0,24.0,16.0,0.0,0.0,0.0,0.0,25862,25244,25565
0.0,25.0,12.0,0.0,0.0,1.0,0.0,18207,18483,11863
0.0,29.0,12.0,0.0,0.0,1.0,0.0,6185,1758,11157
0.0,19.0,12.0,0.0,0.0,0.0,0.0,3051,3226,697
0.0,28.0,16.0,0.0,0.0,1.0,0.0,20394,22379,25565
0.0,37.0,14.0,0.0,0.0,1.0,0.0,25862,25244,25565
0.0,26.0,16.0,0.0,0.0,0.0,0.0,18376,19316,6944
0.0,25.0,12.0,0.0,0.0,0.0,0.0,1319,0,3872
0.0,32.0,12.0,0.0,0.0,0.0,0.0,21605,18451,25565
0.0,25.0,14.0,0.0,0.0,0.0,0.0,23266,22862,22343
0.0,36.0,8.0,0.0,0.0,1.0,1.0,2716,585,0
0.0,31.0,12.0,1.0,0.0,1.0,0.0,12240,22839,0
0.0,47.0,13.0,0.0,0.0,1.0,0.0,25862,25244,25565
0.0,24.0,13.0,0.0,0.0,0.0,0.0,16409,12076,25565
0.0,26.0,16.0,1.0,0.0,0.0,0.0,22984,22497,25185
0.0,16.0,10.0,0.0,0.0,0.0,1.0,0,0,7854
0.0,32.0,12.0,0.0,0.0,1.0,0.0,25661,25244,25565
0.0,24.0,11.0,0.0,0.0,1.0,1.0,25862,16116,25565
0.0,51.0,12.0,0.0,0.0,1.0,0.0,21236,17950,22204
0.0,19.0,10.0,0.0,0.0,0.0,1.0,0,360,4074
0.0,39.0,12.0,0.0,0.0,1.0,0.0,25862,25244,25565
0.0,31.0,12.0,0.0,0.0,1.0,0.0,22780,13630,25565
0.0,54.0,12.0,0.0,0.0,1.0,0.0,25862,25244,25565
0.0,24.0,12.0,0.0,0.0,0.0,0.0,8997,285,1334
0.0,20.0,12.0,0.0,0.0,0.0,0.0,5278,5691,5788
0.0,32.0,12.0,0.0,0.0,1.0,0.0,21813,14355,25565
0.0,28.0,11.0,0.0,0.0,1.0,1.0,10363,17805,5502
0.0,38.0,18.0,0.0,0.0,0.0,0.0,6957,6805,5864
0.0,29.0,10.0,0.0,0.0,1.0,1.0,10866,9797,20057
0.0,28.0,13.0,0.0,0.0,1.0,0.0,21184,20633,807
0.0,21.0,14.0,0.0,0.0,0.0,0.0,2808,2036,15333
0.0,38.0,12.0,0.0,0.0,1.0,0.0,21340,21527,19735
0.0,30.0,12.0,0.0,0.0,0.0,0.0,15341,8021,14251
0.0,24.0,16.0,0.0,0.0,0.0,0.0,4485,1067,0
0.0,19.0,11.0,0.0,0.0,0.0,1.0,6248,6091,14934
0.0,38.0,12.0,0.0,0.0,1.0,0.0,25862,25244,25565
0.0,37.0,12.0,0.0,0.0,0.0,0.0,21789,5949,16222
0.0,29.0,12.0,0.0,0.0,1.0,0.0,17108,16381,18794
0.0,30.0,12.0,0.0,0.0,0.0,0.0,25862,22880,25565
0.0,46.0,13.0,0.0,0.0,1.0,0.0,25862,25244,4448
0.0,51.0,12.0,0.0,0.0,1.0,0.0,25862,25244,25565
0.0,25.0,17.0,0.0,0.0,1.0,0.0,3390,1928,17846
0.0,48.0,3.0,0.0,0.0,1.0,1.0,25862,22273,25565
0.0,46.0,13.0,0.0,0.0,0.0,0.0,7841,7609,8482
0.0,27.0,18.0,0.0,0.0,0.0,0.0,12935,4562,16540
0.0,30.0,12.0,1.0,0.0,0.0,0.0,22322,6347,9565
0.0,35.0,12.0,1.0,0.0,1.0,0.0,25862,25244,25565
0.0,55.0,12.0,1.0,0.0,1.0,0.0,21176,18666,25565
0.0,43.0,14.0,0.0,0.0,1.0,0.0,25862,25244,25565
0.0,16.0,10.0,0.0,0.0,0.0,1.0,272,2308,134
0.0,29.0,12.0,0.0,0.0,0.0,0.0,0,3018,6945
0.0,26.0,12.0,0.0,0.0,1.0,0.0,18991,15499,19043
0.0,42.0,12.0,0.0,0.0,1.0,0.0,25862,25244,25565
0.0,49.0,8.0,0.0,0.0,1.0,1.0,15372,25244,25240
0.0,47.0,10.0,0.0,0.0,1.0,1.0,25862,25244,25565
0.0,35.0,14.0,0.0,0.0,1.0,0.0,25862,25244,25565
0.0,45.0,12.0,0.0,0.0,1.0,0.0,20817,5992,0
0.0,20.0,12.0,0.0,0.0,1.0,0.0,11117,12808,23992
0.0,40.0,12.0,0.0,0.0,1.0,0.0,19132,16578,25565
0.0,18.0,10.0,0.0,0.0,0.0,1.0,0,0,13514
0.0,27.0,12.0,0.0,0.0,1.0,0.0,24847,25244,4760
0.0,37.0,12.0,0.0,0.0,1.0,0.0,10180,0,3245
0.0,28.0,14.0,0.0,0.0,1.0,0.0,24491,25244,25565
0.0,47.0,16.0,0.0,1.0,1.0,0.0,25398,24629,21731
0.0,40.0,10.0,0.0,0.0,1.0,1.0,1544,1343,0
0.0,34.0,13.0,0.0,0.0,1.0,0.0,3544,5840,7958
0.0,29.0,12.0,1.0,0.0,1.0,0.0,18302,18881,22161
0.0,32.0,12.0,0.0,1.0,1.0,0.0,25022,22845,25565
0.0,32.0,16.0,1.0,0.0,0.0,0.0,0,0,0
0.0,53.0,12.0,0.0,0.0,0.0,0.0,0,0,0
0.0,42.0,12.0,0.0,0.0,1.0,0.0,12747,4288,6316
0.0,28.0,15.0,0.0,0.0,1.0,0.0,15980,0,7520
0.0,22.0,12.0,0.0,0.0,0.0,0.0,17024,20882,25565
0.0,31.0,16.0,0.0,0.0,1.0,0.0,25467,17065,19510
0.0,30.0,14.0,0.0,0.0,1.0,0.0,21570,21513,18693
0.0,23.0,9.0,0.0,0.0,0.0,1.0,17292,2197,9137
0.0,19.0,9.0,1.0,0.0,0.0,1.0,1761,3486,1179
0.0,53.0,12.0,0.0,0.0,1.0,0.0,25862,20664,25565
0.0,19.0,12.0,0.0,0.0,0.0,0.0,6152,5940,13489
0.0,24.0,10.0,0.0,0.0,1.0,1.0,20478,13497,21263
0.0,28.0,14.0,0.0,0.0,0.0,0.0,12006,14484,25565
0.0,23.0,12.0,1.0,0.0,0.0,0.0,4028,0,92
0.0,29.0,12.0,0.0,1.0,0.0,0.0,9334,6995,12194
0.0,29.0,16.0,0.0,0.0,1.0,0.0,10897,15264,8253
0.0,43.0,14.0,0.0,0.0,0.0,0.0,16330,6968,429
0.0,23.0,17.0,0.0,0.0,0.0,0.0,15705,5987,13316
0.0,23.0,15.0,0.0,0.0,0.0,0.0,20267,19899,22153
0.0,42.0,9.0,0.0,0.0,1.0,1.0,25862,25244,25565
0.0,18.0,10.0,0.0,0.0,0.0,1.0,617,1901,5918
0.0,25.0,18.0,0.0,0.0,1.0,0.0,539,7324,18213
0.0,24.0,17.0,0.0,0.0,1.0,0.0,0,0,24715
0.0,45.0,16.0,0.0,0.0,1.0,0.0,25862,24946,25565
0.0,18.0,12.0,0.0,0.0,0.0,0.0,5300,6796,1256
0.0,51.0,7.0,1.0,0.0,1.0,1.0,22475,15279,19268
0.0,52.0,12.0,1.0,0.0,1.0,0.0,2690,1259,8159
0.0,17.0,10.0,0.0,0.0,0.0,1.0,0,0,0
0.0,31.0,12.0,0.0,0.0,1.0,0.0,16703,15903,25565
0.0,52.0,11.0,0.0,0.0,1.0,1.0,18090,7779,0
0.0,18.0,12.0,0.0,0.0,0.0,0.0,2547,5702,19184
0.0,43.0,12.0,0.0,0.0,1.0,0.0,0,0,0
0.0,18.0,11.0,0.0,0.0,0.0,1.0,4769,5636,23032
0.0,22.0,12.0,0.0,0.0,0.0,0.0,8730,5835,11045
0.0,50.0,12.0,0.0,0.0,1.0,0.0,25862,25244,25565
0.0,18.0,12.0,0.0,0.0,0.0,0.0,4209,9548,23564
0.0,46.0,12.0,0.0,0.0,1.0,0.0,16307,17155,25565
0.0,43.0,12.0,0.0,0.0,0.0,0.0,23014,5024,25565
0.0,22.0,15.0,0.0,0.0,0.0,0.0,11859,10756,24805
0.0,27.0,12.0,0.0,0.0,1.0,0.0,22816,18104,19683
0.0,26.0,17.0,0.0,0.0,1.0,0.0,21717,17968,12750
0.0,42.0,10.0,0.0,0.0,0.0,1.0,20541,10549,0
0.0,21.0,12.0,0.0,0.0,1.0,0.0,13893,14813,25565
0.0,25.0,12.0,0.0,0.0,0.0,0.0,11193,11138,21517
0.0,17.0,11.0,0.0,0.0,0.0,1.0,0,0,4101
0.0,42.0,11.0,0.0,0.0,1.0,1.0,531,3547,309
0.0,27.0,12.0,0.0,0.0,1.0,0.0,25862,25244,25565
0.0,26.0,17.0,0.0,0.0,1.0,0.0,12547,19216,24380
0.0,35.0,14.0,0.0,0.0,1.0,0.0,24003,17873,25565
0.0,29.0,14.0,0.0,0.0,1.0,0.0,17242,24241,25565
0.0,29.0,18.0,0.0,0.0,1.0,0.0,10329,3581,678
0.0,34.0,12.0,0.0,0.0,1.0,0.0,25862,25244,25565
0.0,43.0,11.0,0.0,0.0,1.0,1.0,24356,22975,23191
0.0,40.0,11.0,0.0,0.0,0.0,1.0,1299,3565,8702
0.0,20.0,11.0,0.0,0.0,1.0,1.0,4226,12831,467
0.0,31.0,12.0,0.0,0.0,1.0,0.0,18384,17946,16553
0.0,54.0,13.0,0.0,0.0,1.0,0.0,25862,25244,0
0.0,23.0,16.0,0.0,0.0,1.0,0.0,25862,25244,15472
0.0,33.0,12.0,0.0,0.0,1.0,0.0,25862,23478,22693
0.0,54.0,9.0,0.0,0.0,1.0,1.0,20931,25244,21836
0.0,27.0,9.0,0.0,0.0,1.0,1.0,23145,22968,25565
0.0,21.0,12.0,0.0,0.0,0.0,0.0,17314,3296,15646
0.0,19.0,9.0,0.0,0.0,1.0,1.0,12296,12650,14829
0.0,27.0,14.0,1.0,0.0,1.0,0.0,17753,18163,21229
0.0,26.0,18.0,0.0,0.0,1.0,0.0,17437,1869,16574
0.0,27.0,11.0,0.0,0.0,1.0,1.0,17204,15621,13802
0.0,24.0,12.0,0.0,0.0,1.0,0.0,11385,13725,15080
0.0,40.0,11.0,1.0,0.0,1.0,1.0,25804,21858,25565
0.0,49.0,12.0,0.0,0.0,1.0,0.0,25862,22535,21319
0.0,26.0,17.0,0.0,0.0,1.0,0.0,0,8262,19206
0.0,23.0,14.0,0.0,0.0,1.0,0.0,12236,5733,15402
0.0,39.0,12.0,0.0,0.0,1.0,0.0,0,0,0
0.0,32.0,13.0,0.0,0.0,1.0,0.0,25862,25244,25565
0.0,39.0,16.0,0.0,0.0,1.0,0.0,25862,25244,25565
0.0,35.0,16.0,0.0,0.0,1.0,0.0,25862,25244,25565
0.0,23.0,10.0,0.0,0.0,1.0,1.0,8944,8647,18062
0.0,36.0,12.0,0.0,0.0,0.0,0.0,25862,25244,25565
0.0,31.0,11.0,0.0,0.0,1.0,1.0,0,0,1030
0.0,45.0,12.0,0.0,0.0,1.0,0.0,18656,12622,24025
0.0,36.0,15.0,0.0,0.0,1.0,0.0,0,0,1658
0.0,31.0,12.0,0.0,0.0,1.0,0.0,16084,15318,16706
0.0,28.0,12.0,0.0,0.0,1.0,0.0,13109,12958,25565
0.0,38.0,7.0,0.0,0.0,1.0,1.0,22226,16448,22192
0.0,19.0,11.0,0.0,0.0,0.0,1.0,2271,5169,5810
0.0,43.0,9.0,0.0,0.0,1.0,1.0,15382,14022,13752
0.0,37.0,12.0,0.0,0.0,1.0,0.0,21215,22531,24143
0.0,45.0,9.0,0.0,0.0,1.0,1.0,0,0,0
0.0,50.0,10.0,0.0,0.0,1.0,1.0,25862,25244,25565
0.0,20.0,12.0,0.0,0.0,0.0,0.0,15894,15336,13118
0.0,31.0,14.0,0.0,0.0,1.0,0.0,25862,25244,25565
0.0,33.0,14.0,0.0,0.0,1.0,0.0,25312,25244,25565
0.0,22.0,12.0,0.0,0.0,0.0,0.0,7406,12924,375
0.0,19.0,12.0,0.0,0.0,1.0,0.0,2326,7034,22713
0.0,25.0,14.0,1.0,0.0,1.0,0.0,2081,0,50
0.0,47.0,12.0,0.0,0.0,1.0,0.0,0,0,0
0.0,18.0,12.0,0.0,0.0,0.0,0.0,0,641,2608
0.0,31.0,12.0,0.0,0.0,1.0,0.0,22912,21851,25565
0.0,43.0,11.0,0.0,0.0,1.0,1.0,15261,15465,15342
0.0,36.0,10.0,0.0,0.0,1.0,1.0,15419,5512,17781
0.0,52.0,8.0,0.0,0.0,1.0,1.0,25862,25244,25565
0.0,33.0,16.0,0.0,0.0,1.0,0.0,25862,25244,25565
0.0,37.0,14.0,0.0,0.0,1.0,0.0,25862,25244,25565
0.0,17.0,11.0,0.0,0.0,0.0,1.0,53,1268,12502
0.0,38.0,7.0,0.0,0.0,0.0,1.0,18086,23283,25565
0.0,19.0,11.0,0.0,0.0,0.0,1.0,2283,2340,9044
0.0,53.0,12.0,0.0,0.0,1.0,0.0,0,0,0
0.0,41.0,12.0,0.0,0.0,0.0,0.0,22134,20505,24532
0.0,41.0,12.0,0.0,0.0,0.0,0.0,25862,25244,25565
0.0,23.0,12.0,0.0,0.0,1.0,0.0,17806,15205,22859
0.0,20.0,12.0,0.0,0.0,1.0,0.0,12661,5682,24558
0.0,28.0,16.0,0.0,0.0,1.0,0.0,21711,22528,25565
0.0,48.0,10.0,0.0,0.0,1.0,1.0,9203,17651,23434
0.0,21.0,12.0,0.0,0.0,0.0,0.0,7036,2746,8637
0.0,52.0,8.0,0.0,0.0,0.0,1.0,13574,13837,2653
0.0,50.0,8.0,0.0,0.0,1.0,1.0,25862,25244,23902
0.0,17.0,11.0,0.0,0.0,0.0,1.0,502,2306,16892
0.0,37.0,10.0,0.0,0.0,0.0,1.0,24798,25244,24072
0.0,29.0,12.0,0.0,0.0,0.0,0.0,11689,10960,15803
0.0,41.0,9.0,0.0,0.0,1.0,1.0,406,3717,8290
0.0,27.0,12.0,0.0,0.0,1.0,0.0,22153,22923,19243
0.0,51.0,9.0,0.0,0.0,0.0,1.0,25510,25244,25565
0.0,18.0,9.0,0.0,0.0,0.0,1.0,0,0,7890
0.0,33.0,12.0,0.0,0.0,1.0,0.0,25862,25244,25565
0.0,43.0,16.0,0.0,0.0,1.0,0.0,25862,25244,25565
0.0,34.0,12.0,0.0,0.0,1.0,0.0,25798,25244,25565
0.0,29.0,15.0,0.0,0.0,1.0,0.0,0,0,1589
0.0,20.0,12.0,0.0,0.0,0.0,0.0,3325,9490,15092
0.0,53.0,16.0,0.0,0.0,1.0,0.0,25862,25244,25565
0.0,30.0,18.0,0.0,0.0,1.0,0.0,8360,8620,8668
0.0,36.0,12.0,0.0,0.0,1.0,0.0,22622,22578,23211
0.0,28.0,12.0,0.0,0.0,1.0,0.0,24191,22327,24019
0.0,29.0,12.0,0.0,0.0,1.0,0.0,25862,25244,25565
0.0,52.0,12.0,0.0,0.0,1.0,0.0,25862,21094,23333
0.0,42.0,12.0,0.0,0.0,1.0,0.0,12285,6291,11011
0.0,39.0,12.0,0.0,0.0,0.0,0.0,4720,4818,152
0.0,42.0,12.0,0.0,0.0,1.0,0.0,20839,20907,22290
0.0,19.0,12.0,0.0,0.0,0.0,0.0,2047,5502,17781
0.0,43.0,13.0,0.0,0.0,0.0,0.0,25862,25244,25565
0.0,20.0,13.0,0.0,0.0,0.0,0.0,2367,3317,4794
0.0,18.0,11.0,0.0,0.0,0.0,1.0,1311,1456,2157
0.0,17.0,10.0,0.0,0.0,0.0,1.0,466,537,4306
0.0,26.0,14.0,0.0,0.0,1.0,0.0,25862,22021,20034
0.0,36.0,16.0,0.0,0.0,1.0,0.0,25862,25244,25565
0.0,30.0,12.0,0.0,0.0,1.0,0.0,25862,24476,25565
0.0,38.0,12.0,0.0,0.0,1.0,0.0,11599,14203,13750
0.0,50.0,12.0,0.0,0.0,1.0,0.0,25713,25244,25565
0.0,25.0,12.0,0.0,0.0,0.0,0.0,11358,17355,25565
0.0,16.0,9.0,0.0,0.0,0.0,1.0,0,0,15328
0.0,28.0,13.0,0.0,0.0,1.0,0.0,20694,25244,25565
0.0,19.0,11.0,0.0,0.0,1.0,1.0,14009,8379,25565
0.0,41.0,12.0,0.0,0.0,1.0,0.0,18202,12187,25565
0.0,45.0,12.0,0.0,0.0,0.0,0.0,10558,15019,6852
0.0,22.0,12.0,0.0,0.0,1.0,0.0,14085,17234,22278
0.0,24.0,12.0,0.0,0.0,0.0,0.0,10443,4830,2197
0.0,23.0,12.0,0.0,0.0,0.0,0.0,11170,3561,3920
0.0,21.0,15.0,0.0,0.0,0.0,0.0,2433,3045,15612
0.0,21.0,14.0,0.0,0.0,0.0,0.0,80,1891,6390
0.0,20.0,14.0,0.0,0.0,0.0,0.0,1201,4572,15543
0.0,21.0,14.0,0.0,0.0,0.0,0.0,2737,3522,16029
0.0,19.0,13.0,0.0,0.0,0.0,0.0,1524,3654,3341
0.0,19.0,12.0,0.0,0.0,1.0,0.0,3952,11109,15863
0.0,23.0,12.0,0.0,0.0,0.0,0.0,3221,933,0
0.0,24.0,12.0,0.0,0.0,0.0,0.0,25862,10151,7624
0.0,23.0,16.0,0.0,0.0,0.0,0.0,9961,1982,19407
0.0,28.0,12.0,0.0,0.0,0.0,0.0,25862,25244,0
0.0,31.0,12.0,0.0,0.0,1.0,0.0,25655,25244,25565
0.0,53.0,9.0,0.0,0.0,1.0,1.0,25862,17169,18220
0.0,33.0,12.0,0.0,0.0,1.0,0.0,25862,25244,25565
0.0,24.0,10.0,0.0,0.0,1.0,1.0,9718,10903,0
0.0,22.0,12.0,0.0,0.0,1.0,0.0,2876,10672,18337
0.0,31.0,18.0,0.0,0.0,1.0,0.0,18838,19183,22249
0.0,27.0,18.0,0.0,0.0,1.0,0.0,20235,25244,25565
0.0,18.0,12.0,0.0,0.0,0.0,0.0,5964,9711,20585
0.0,38.0,10.0,0.0,0.0,1.0,1.0,24900,18961,25565
0.0,33.0,16.0,0.0,0.0,1.0,0.0,25862,25244,25565
0.0,28.0,12.0,0.0,0.0,1.0,0.0,19312,18068,19148
0.0,48.0,12.0,0.0,0.0,1.0,0.0,5423,5697,2137
0.0,27.0,12.0,0.0,0.0,1.0,0.0,19289,17128,19351
0.0,30.0,12.0,0.0,0.0,1.0,0.0,25862,25244,25565
0.0,38.0,12.0,0.0,0.0,1.0,0.0,22275,12430,25565
0.0,26.0,14.0,0.0,0.0,1.0,0.0,5733,2311,0
0.0,51.0,9.0,0.0,0.0,1.0,1.0,21462,21101,25565
0.0,51.0,12.0,0.0,0.0,1.0,0.0,10488,7247,9490
0.0,27.0,16.0,0.0,0.0,1.0,0.0,0,8364,15107
0.0,44.0,10.0,1.0,0.0,1.0,1.0,25862,25244,25565
0.0,24.0,12.0,0.0,0.0,1.0,0.0,19277,17520,23800
0.0,26.0,12.0,0.0,0.0,0.0,0.0,19042,17117,16997
0.0,49.0,12.0,0.0,0.0,1.0,0.0,22508,25244,10468
0.0,23.0,15.0,0.0,0.0,0.0,0.0,0,0,7805
0.0,33.0,12.0,0.0,0.0,1.0,0.0,15135,22490,21598
0.0,43.0,12.0,0.0,0.0,1.0,0.0,25862,25244,25565
0.0,33.0,14.0,0.0,0.0,1.0,0.0,15674,15576,23147
0.0,16.0,10.0,0.0,0.0,0.0,1.0,0,235,8246
0.0,39.0,12.0,0.0,0.0,0.0,0.0,8339,8792,9508
0.0,33.0,12.0,0.0,0.0,1.0,0.0,23084,21577,25565
0.0,54.0,12.0,0.0,0.0,1.0,0.0,0,0,0
0.0,31.0,6.0,0.0,0.0,1.0,1.0,7296,11938,12540
0.0,24.0,8.0,0.0,0.0,1.0,1.0,525,505,13783
0.0,26.0,12.0,0.0,0.0,1.0,0.0,11280,17658,24613
0.0,26.0,12.0,0.0,0.0,1.0,0.0,17441,12484,23379
0.0,36.0,12.0,0.0,0.0,1.0,0.0,25862,25244,25565
0.0,40.0,13.0,1.0,0.0,1.0,0.0,21597,21887,25565
0.0,18.0,12.0,1.0,0.0,0.0,0.0,186,0,3294
0.0,43.0,11.0,0.0,0.0,0.0,1.0,20141,24370,19176
0.0,20.0,12.0,0.0,0.0,0.0,0.0,7929,11161,14195
0.0,46.0,12.0,0.0,0.0,1.0,0.0,13546,2866,4766
0.0,27.0,16.0,0.0,0.0,0.0,0.0,25862,25244,25565
0.0,36.0,12.0,0.0,0.0,1.0,0.0,25435,24633,25565
0.0,31.0,12.0,0.0,0.0,1.0,0.0,24009,21794,25565
0.0,44.0,12.0,0.0,0.0,1.0,0.0,25862,25244,25565
0.0,17.0,11.0,0.0,0.0,0.0,1.0,0,1955,4772
0.0,16.0,10.0,0.0,0.0,0.0,1.0,0,1194,969
0.0,25.0,12.0,0.0,0.0,1.0,0.0,21095,14665,17099
0.0,33.0,12.0,0.0,0.0,1.0,0.0,17314,13603,19567
0.0,32.0,14.0,0.0,0.0,1.0,0.0,25854,25244,24589
0.0,27.0,12.0,0.0,0.0,1.0,0.0,25862,25244,25565
0.0,28.0,18.0,0.0,0.0,1.0,0.0,20766,21654,25565
0.0,28.0,12.0,0.0,0.0,1.0,0.0,17091,18643,25565
0.0,33.0,16.0,0.0,0.0,1.0,0.0,20376,20633,18152
0.0,36.0,12.0,0.0,0.0,0.0,0.0,20621,22640,22829
0.0,24.0,14.0,0.0,0.0,1.0,0.0,20903,23844,20467
0.0,32.0,16.0,0.0,0.0,1.0,0.0,21726,24791,25565
0.0,22.0,14.0,0.0,0.0,0.0,0.0,15067,17977,24737
0.0,33.0,12.0,0.0,0.0,0.0,0.0,11769,21675,25565
0.0,47.0,7.0,1.0,0.0,1.0,1.0,20541,16492,20715
0.0,31.0,15.0,1.0,0.0,1.0,0.0,23182,25244,23874
0.0,41.0,16.0,0.0,0.0,1.0,0.0,4951,5511,5841
0.0,34.0,18.0,0.0,0.0,1.0,0.0,16844,18388,19289
0.0,44.0,12.0,0.0,0.0,1.0,0.0,182,0,0
0.0,26.0,12.0,0.0,0.0,0.0,0.0,25862,22723,25565
0.0,31.0,10.0,0.0,0.0,0.0,1.0,25862,25244,23218
0.0,38.0,18.0,0.0,0.0,1.0,0.0,0,0,0
0.0,26.0,14.0,0.0,0.0,1.0,0.0,13877,17742,20153
0.0,31.0,12.0,0.0,0.0,1.0,0.0,25862,25244,25565
0.0,50.0,12.0,0.0,0.0,1.0,0.0,25862,13291,12247
0.0,21.0,12.0,0.0,0.0,1.0,0.0,3607,12618,16508
0.0,21.0,9.0,0.0,0.0,1.0,1.0,9175,9507,8416
0.0,52.0,8.0,0.0,0.0,1.0,1.0,4692,0,0
0.0,19.0,12.0,0.0,0.0,0.0,0.0,0,4555,16175
0.0,31.0,12.0,0.0,0.0,1.0,0.0,0,0,5624
0.0,24.0,11.0,0.0,0.0,1.0,1.0,948,8751,8866
0.0,35.0,8.0,0.0,0.0,1.0,1.0,11724,11906,12980
0.0,38.0,16.0,0.0,0.0,1.0,0.0,25862,25244,25565
0.0,20.0,12.0,0.0,0.0,0.0,0.0,827,2920,13104
0.0,49.0,12.0,0.0,0.0,0.0,0.0,22114,22861,24810
0.0,51.0,12.0,0.0,0.0,1.0,0.0,22175,19024,15862
0.0,19.0,12.0,0.0,0.0,0.0,0.0,4336,6651,25565
0.0,24.0,16.0,0.0,0.0,1.0,0.0,20988,20558,21768
0.0,39.0,8.0,0.0,0.0,1.0,1.0,25862,25244,22933
0.0,17.0,9.0,0.0,0.0,0.0,1.0,0,324,5413
0.0,40.0,12.0,0.0,0.0,1.0,0.0,25862,25244,25565
0.0,17.0,10.0,0.0,0.0,0.0,1.0,504,4166,8324
0.0,36.0,14.0,0.0,0.0,1.0,0.0,25862,22211,6373
0.0,50.0,17.0,0.0,0.0,1.0,0.0,25862,25244,25565
0.0,19.0,12.0,0.0,0.0,0.0,0.0,3450,168,20700
0.0,51.0,12.0,0.0,0.0,0.0,0.0,19497,17044,17244
0.0,38.0,12.0,0.0,0.0,1.0,0.0,25862,25244,25565
0.0,52.0,10.0,0.0,0.0,1.0,1.0,25862,25244,25565
0.0,45.0,18.0,0.0,0.0,1.0,0.0,0,0,0
0.0,24.0,12.0,0.0,0.0,0.0,0.0,9720,7734,20883
0.0,47.0,14.0,0.0,0.0,1.0,0.0,0,0,0
0.0,16.0,10.0,0.0,0.0,0.0,1.0,423,0,7680
0.0,26.0,12.0,0.0,0.0,1.0,0.0,21086,21142,730
0.0,48.0,14.0,0.0,0.0,1.0,0.0,0,0,7236
0.0,51.0,12.0,0.0,0.0,1.0,0.0,24287,19733,25565
0.0,19.0,12.0,0.0,0.0,0.0,0.0,6070,12271,16941
0.0,35.0,12.0,0.0,0.0,0.0,0.0,21846,2558,19677
0.0,47.0,12.0,0.0,0.0,1.0,0.0,9861,13128,6598
0.0,17.0,11.0,0.0,0.0,0.0,1.0,0,6766,14031
0.0,23.0,16.0,0.0,0.0,1.0,0.0,7428,16870,20050
0.0,26.0,14.0,0.0,0.0,0.0,0.0,6301,11429,24771
0.0,23.0,13.0,0.0,0.0,0.0,0.0,19181,19416,0
0.0,30.0,17.0,0.0,0.0,1.0,0.0,917,723,1312
0.0,49.0,4.0,1.0,0.0,1.0,1.0,25862,25244,25565
0.0,52.0,12.0,0.0,0.0,1.0,0.0,25862,25244,24081
0.0,48.0,13.0,0.0,0.0,1.0,0.0,0,0,0
0.0,29.0,18.0,0.0,0.0,1.0,0.0,0,8354,24433
0.0,36.0,14.0,0.0,0.0,1.0,0.0,19160,15780,17233
0.0,28.0,12.0,0.0,0.0,1.0,0.0,25862,25244,12930
0.0,55.0,12.0,0.0,0.0,1.0,0.0,11814,0,0
0.0,18.0,12.0,0.0,0.0,0.0,0.0,0,0,2437
0.0,33.0,14.0,0.0,0.0,1.0,0.0,5300,25244,25565
0.0,21.0,12.0,0.0,0.0,0.0,0.0,7641,12804,25565
0.0,43.0,8.0,0.0,0.0,1.0,1.0,25572,25244,21612
0.0,33.0,12.0,0.0,0.0,1.0,0.0,24951,11170,20063
0.0,33.0,14.0,0.0,0.0,1.0,0.0,0,0,23240
0.0,35.0,12.0,0.0,0.0,1.0,0.0,23401,19993,24579
0.0,33.0,12.0,0.0,0.0,1.0,0.0,25862,25244,25565
0.0,43.0,12.0,0.0,0.0,1.0,0.0,25862,25244,25565
0.0,18.0,11.0,0.0,0.0,0.0,1.0,4073,5061,6832
0.0,16.0,9.0,0.0,0.0,0.0,1.0,0,2331,4946
0.0,24.0,15.0,0.0,0.0,1.0,0.0,8345,11073,16230
0.0,22.0,12.0,0.0,0.0,0.0,0.0,16466,6801,16564
0.0,51.0,16.0,0.0,0.0,1.0,0.0,25862,24860,24575
0.0,44.0,13.0,0.0,0.0,1.0,0.0,25862,25244,25565
0.0,20.0,12.0,0.0,0.0,0.0,0.0,8131,13166,25565
0.0,21.0,13.0,0.0,0.0,0.0,0.0,4018,1962,8046
0.0,40.0,11.0,0.0,0.0,1.0,1.0,22434,22438,25565
0.0,17.0,11.0,0.0,0.0,0.0,1.0,5549,5190,11919
0.0,24.0,12.0,0.0,0.0,0.0,0.0,13341,16099,4998
0.0,43.0,8.0,0.0,0.0,1.0,1.0,13243,10008,2791
0.0,18.0,12.0,0.0,0.0,0.0,0.0,4604,6622,25565
0.0,51.0,12.0,0.0,0.0,0.0,0.0,25862,25244,0
0.0,24.0,11.0,1.0,0.0,1.0,1.0,13125,17789,21955
0.0,22.0,8.0,1.0,0.0,1.0,1.0,16961,0,959
0.0,44.0,12.0,0.0,0.0,1.0,0.0,24028,24672,24987
0.0,39.0,8.0,0.0,0.0,1.0,1.0,13225,16149,16927
0.0,53.0,12.0,0.0,0.0,1.0,0.0,13106,13918,14309
0.0,26.0,9.0,0.0,0.0,1.0,1.0,4579,9274,13393
0.0,43.0,12.0,0.0,0.0,1.0,0.0,16330,16963,22017
0.0,17.0,11.0,0.0,0.0,0.0,1.0,1313,3454,0
0.0,33.0,12.0,0.0,0.0,0.0,0.0,0,0,0
0.0,24.0,14.0,0.0,0.0,1.0,0.0,22089,18191,23579
0.0,16.0,10.0,0.0,0.0,0.0,1.0,0,0,7597
0.0,31.0,18.0,0.0,0.0,1.0,0.0,0,0,0
0.0,45.0,18.0,0.0,0.0,1.0,0.0,4830,25244,16075
0.0,41.0,12.0,0.0,0.0,1.0,0.0,10327,21137,23053
0.0,51.0,12.0,0.0,0.0,1.0,0.0,21293,19216,24382
0.0,27.0,18.0,0.0,0.0,0.0,0.0,509,791,2908
0.0,33.0,12.0,0.0,0.0,1.0,0.0,121,0,0
0.0,22.0,14.0,0.0,0.0,1.0,0.0,14679,16924,18330
0.0,28.0,12.0,0.0,0.0,1.0,0.0,18570,17167,24351
0.0,36.0,17.0,0.0,0.0,1.0,0.0,25862,25244,25565
0.0,38.0,12.0,0.0,0.0,1.0,0.0,10370,22823,0
0.0,25.0,12.0,0.0,0.0,0.0,0.0,0,0,0
0.0,55.0,18.0,0.0,0.0,1.0,0.0,25862,23632,25565
0.0,26.0,18.0,0.0,0.0,0.0,0.0,2194,5541,0
0.0,20.0,12.0,0.0,0.0,0.0,0.0,0,27,17858
0.0,48.0,16.0,0.0,0.0,1.0,0.0,25862,24488,25565
0.0,23.0,14.0,0.0,0.0,0.0,0.0,4142,1362,17965
0.0,22.0,12.0,0.0,0.0,1.0,0.0,16622,18045,25565
0.0,29.0,14.0,0.0,0.0,1.0,0.0,10372,20057,22556
0.0,28.0,12.0,0.0,0.0,1.0,0.0,18564,21636,25275
0.0,52.0,7.0,0.0,0.0,1.0,1.0,12798,12149,14604
0.0,44.0,8.0,1.0,0.0,1.0,1.0,25862,25244,0
0.0,38.0,6.0,0.0,0.0,1.0,1.0,24838,25106,25565
0.0,34.0,10.0,0.0,0.0,1.0,1.0,25862,25244,25565
0.0,35.0,10.0,0.0,0.0,1.0,1.0,25862,25244,25565
0.0,32.0,11.0,0.0,0.0,1.0,1.0,14303,16433,15733
0.0,25.0,16.0,0.0,0.0,0.0,0.0,13431,15155,20735
0.0,41.0,13.0,0.0,0.0,1.0,0.0,13429,1567,25565
0.0,19.0,10.0,0.0,0.0,0.0,1.0,7976,22782,25565
0.0,20.0,12.0,0.0,0.0,0.0,0.0,2410,6948,9975
0.0,40.0,14.0,0.0,0.0,1.0,0.0,25862,24927,25565
0.0,52.0,12.0,0.0,0.0,1.0,0.0,25862,13368,25565
0.0,49.0,4.0,0.0,0.0,0.0,1.0,17055,17524,17060
0.0,31.0,12.0,0.0,0.0,0.0,0.0,6156,0,4095
0.0,35.0,12.0,0.0,0.0,0.0,0.0,2880,4839,11534
0.0,40.0,12.0,0.0,0.0,1.0,0.0,24017,18405,17586
0.0,49.0,12.0,0.0,0.0,1.0,0.0,24230,16933,20029
0.0,31.0,9.0,0.0,0.0,1.0,1.0,19824,21930,21671
0.0,37.0,16.0,0.0,0.0,1.0,0.0,24712,24941,25565
0.0,51.0,12.0,0.0,0.0,1.0,0.0,25862,25244,25565
0.0,22.0,10.0,0.0,0.0,0.0,1.0,2716,1516,1250
0.0,21.0,10.0,0.0,0.0,0.0,1.0,5131,2173,2921
0.0,40.0,10.0,0.0,0.0,1.0,1.0,21593,23706,25565
0.0,34.0,10.0,0.0,0.0,1.0,1.0,14626,18345,19077
0.0,40.0,12.0,0.0,0.0,1.0,0.0,21180,17450,20803
0.0,47.0,12.0,0.0,0.0,1.0,0.0,25862,25244,24187
0.0,30.0,12.0,0.0,0.0,1.0,0.0,16107,17604,19134
0.0,39.0,12.0,0.0,0.0,1.0,0.0,16715,7793,25565
0.0,32.0,9.0,0.0,0.0,1.0,1.0,25862,25013,25562
0.0,18.0,12.0,0.0,0.0,0.0,0.0,1640,381,1156
0.0,36.0,11.0,0.0,0.0,1.0,1.0,23151,24268,0
0.0,16.0,8.0,0.0,0.0,0.0,1.0,0,295,1540
0.0,27.0,16.0,0.0,0.0,1.0,0.0,23262,21883,25565
0.0,50.0,8.0,0.0,0.0,1.0,1.0,20835,11952,16305
0.0,19.0,12.0,0.0,0.0,0.0,0.0,2171,3468,17756
0.0,30.0,16.0,0.0,0.0,1.0,0.0,20660,16618,17099
0.0,22.0,12.0,0.0,0.0,1.0,0.0,12637,12568,14999
0.0,35.0,12.0,0.0,0.0,1.0,0.0,13094,11293,14041
0.0,27.0,16.0,0.0,0.0,1.0,0.0,24618,24069,25565
0.0,51.0,12.0,0.0,0.0,1.0,0.0,25862,25244,25565
0.0,39.0,12.0,0.0,0.0,1.0,0.0,25862,25244,0
0.0,30.0,13.0,0.0,0.0,1.0,0.0,22387,21076,25565
0.0,24.0,12.0,0.0,0.0,1.0,0.0,10333,10484,18229
0.0,40.0,12.0,0.0,0.0,1.0,0.0,25862,25244,25565
0.0,28.0,15.0,0.0,0.0,1.0,0.0,6607,17355,19785
0.0,39.0,12.0,0.0,0.0,1.0,0.0,10692,2349,13267
0.0,50.0,11.0,0.0,0.0,1.0,1.0,21630,22429,24557
0.0,20.0,12.0,0.0,0.0,0.0,0.0,10353,9781,24207
0.0,16.0,9.0,0.0,0.0,0.0,1.0,0,0,9073
0.0,24.0,12.0,0.0,0.0,1.0,0.0,35,0,25565
0.0,42.0,14.0,0.0,0.0,1.0,0.0,25862,25244,0
0.0,55.0,12.0,0.0,0.0,1.0,0.0,0,2866,2366
0.0,22.0,13.0,0.0,0.0,1.0,0.0,25862,25244,2809
0.0,36.0,12.0,0.0,0.0,1.0,0.0,25862,25244,25565
0.0,32.0,14.0,0.0,0.0,1.0,0.0,25862,23269,24740
0.0,35.0,12.0,0.0,0.0,1.0,0.0,21113,22374,11328
0.0,23.0,11.0,0.0,0.0,1.0,1.0,16150,17380,9939
0.0,52.0,8.0,0.0,0.0,1.0,1.0,25862,25244,16002
0.0,19.0,13.0,0.0,0.0,0.0,0.0,0,0,3468
0.0,28.0,12.0,0.0,0.0,1.0,0.0,20596,21203,20443
0.0,29.0,11.0,0.0,0.0,1.0,1.0,0,811,0
0.0,53.0,9.0,0.0,0.0,1.0,1.0,0,7340,0
0.0,50.0,11.0,0.0,0.0,1.0,1.0,25862,24359,25565
0.0,20.0,12.0,0.0,0.0,1.0,0.0,9506,15078,17480
0.0,26.0,16.0,0.0,0.0,1.0,0.0,17416,17987,25565
0.0,31.0,12.0,0.0,0.0,1.0,0.0,24796,21865,25565
0.0,45.0,8.0,0.0,0.0,0.0,1.0,23294,14511,24993
0.0,38.0,10.0,0.0,0.0,1.0,1.0,20563,21582,25565
0.0,18.0,11.0,0.0,0.0,0.0,1.0,3166,2639,0
0.0,25.0,17.0,0.0,0.0,1.0,0.0,15464,19393,2410
0.0,23.0,12.0,0.0,0.0,1.0,0.0,10831,14507,0
0.0,54.0,0.0,0.0,1.0,1.0,1.0,20841,25244,25565
0.0,46.0,8.0,1.0,0.0,1.0,1.0,25862,25244,25417
0.0,22.0,12.0,1.0,0.0,0.0,0.0,21867,15096,25565
0.0,40.0,9.0,0.0,0.0,1.0,1.0,25862,24225,25565
0.0,42.0,9.0,0.0,0.0,1.0,1.0,22967,18335,25565
0.0,55.0,10.0,0.0,0.0,0.0,1.0,17359,17529,18755
0.0,39.0,11.0,0.0,0.0,1.0,1.0,24936,25244,18062
0.0,39.0,7.0,0.0,0.0,1.0,1.0,21699,17384,0
0.0,24.0,12.0,0.0,0.0,0.0,0.0,10433,9943,11308
0.0,53.0,8.0,0.0,0.0,0.0,1.0,0,0,0
0.0,29.0,14.0,0.0,0.0,1.0,0.0,25862,25244,25565
0.0,29.0,17.0,0.0,0.0,1.0,0.0,17369,17545,21870
0.0,24.0,14.0,0.0,0.0,1.0,0.0,24383,21899,22170
0.0,20.0,10.0,0.0,0.0,0.0,1.0,19616,18832,21222
0.0,22.0,14.0,0.0,0.0,0.0,0.0,4495,7929,18220
0.0,43.0,10.0,0.0,0.0,1.0,1.0,16822,20084,841
0.0,48.0,12.0,0.0,0.0,1.0,0.0,10874,15316,0
0.0,19.0,12.0,0.0,0.0,0.0,0.0,5043,9086,14402
0.0,34.0,10.0,0.0,0.0,1.0,1.0,17808,12946,6387
0.0,26.0,12.0,0.0,0.0,1.0,0.0,0,2011,5230
0.0,21.0,15.0,0.0,0.0,1.0,0.0,5598,675,22166
0.0,20.0,12.0,0.0,0.0,0.0,0.0,1883,6982,2858
0.0,29.0,12.0,0.0,0.0,0.0,0.0,20235,15137,13051
0.0,40.0,18.0,0.0,0.0,1.0,0.0,18,34,0
0.0,18.0,11.0,0.0,0.0,0.0,1.0,2766,6508,754
0.0,28.0,12.0,0.0,0.0,1.0,0.0,21299,22059,24276
0.0,47.0,12.0,0.0,0.0,1.0,0.0,0,0,0
0.0,22.0,12.0,0.0,0.0,0.0,0.0,18174,19647,0
0.0,22.0,11.0,0.0,0.0,0.0,1.0,8013,0,5748
0.0,34.0,18.0,0.0,0.0,1.0,0.0,25862,25244,25565
0.0,53.0,16.0,0.0,0.0,1.0,0.0,25862,24604,25565
0.0,36.0,17.0,0.0,0.0,1.0,0.0,22175,22366,25067
0.0,25.0,12.0,0.0,0.0,1.0,0.0,19028,22642,0
0.0,55.0,12.0,0.0,0.0,1.0,0.0,25862,25244,25565
0.0,46.0,4.0,0.0,0.0,1.0,1.0,13952,16426,25565
0.0,22.0,12.0,0.0,0.0,0.0,0.0,20349,21958,23636
0.0,19.0,11.0,0.0,0.0,0.0,1.0,7065,15447,3700
0.0,23.0,16.0,0.0,0.0,0.0,0.0,18403,25244,25565
0.0,37.0,13.0,1.0,0.0,0.0,0.0,23513,24117,0
0.0,28.0,15.0,0.0,0.0,1.0,0.0,25862,17398,20798
0.0,20.0,12.0,0.0,1.0,0.0,0.0,12990,12317,11547
0.0,37.0,12.0,0.0,1.0,1.0,0.0,25782,25172,25565
0.0,51.0,11.0,0.0,0.0,0.0,1.0,49,3813,1525
0.0,26.0,16.0,0.0,0.0,0.0,0.0,515,12944,811
0.0,24.0,9.0,0.0,1.0,1.0,1.0,5521,4863,0
0.0,42.0,4.0,0.0,1.0,1.0,1.0,7757,6551,11817
0.0,28.0,5.0,0.0,1.0,1.0,1.0,10968,1178,239
0.0,33.0,14.0,0.0,0.0,1.0,0.0,25862,23722,25565
0.0,38.0,18.0,0.0,0.0,1.0,0.0,25704,25244,25565
0.0,24.0,10.0,0.0,1.0,1.0,1.0,25862,14917,25565
0.0,35.0,14.0,0.0,0.0,1.0,0.0,25860,25244,25565
0.0,33.0,12.0,0.0,1.0,1.0,0.0,17483,20594,25285
0.0,54.0,12.0,0.0,0.0,1.0,0.0,25862,21224,25565
0.0,28.0,12.0,0.0,0.0,1.0,0.0,16811,20351,25565
0.0,35.0,12.0,0.0,0.0,1.0,0.0,6358,22796,687
0.0,18.0,12.0,0.0,0.0,0.0,0.0,286,863,6255
0.0,20.0,12.0,0.0,0.0,1.0,0.0,7627,10690,12188
0.0,28.0,18.0,0.0,0.0,1.0,0.0,11685,18890,106
0.0,31.0,10.0,0.0,0.0,1.0,1.0,25862,25244,25565
0.0,25.0,15.0,0.0,0.0,1.0,0.0,11311,11469,25565
0.0,31.0,12.0,1.0,0.0,1.0,0.0,21229,14136,16602
0.0,33.0,13.0,1.0,0.0,1.0,0.0,15809,5308,6967
0.0,33.0,16.0,1.0,0.0,1.0,0.0,13648,2954,0
0.0,30.0,12.0,1.0,0.0,1.0,0.0,396,0,3046
0.0,37.0,9.0,1.0,0.0,1.0,1.0,23080,24986,13017
0.0,36.0,13.0,0.0,0.0,1.0,0.0,1951,10504,15422
0.0,19.0,11.0,1.0,0.0,1.0,1.0,92,4512,0
0.0,30.0,12.0,0.0,0.0,1.0,0.0,19242,20127,24122
0.0,49.0,12.0,0.0,0.0,1.0,0.0,25862,25244,25565
0.0,53.0,18.0,0.0,0.0,1.0,0.0,25862,25244,9314
0.0,37.0,17.0,0.0,0.0,1.0,0.0,25862,25244,25565
0.0,47.0,13.0,0.0,0.0,0.0,0.0,25862,25244,25565
0.0,33.0,16.0,0.0,0.0,0.0,0.0,0,0,0
0.0,35.0,14.0,0.0,0.0,1.0,0.0,3732,3180,0
0.0,50.0,14.0,0.0,1.0,1.0,0.0,19548,22096,24035
0.0,26.0,16.0,0.0,0.0,1.0,0.0,6181,0,5055
0.0,24.0,12.0,0.0,0.0,0.0,0.0,17353,6714,4062
0.0,39.0,7.0,0.0,1.0,0.0,1.0,23092,18256,22079
0.0,31.0,3.0,0.0,1.0,1.0,1.0,20327,18965,4028
0.0,42.0,17.0,0.0,0.0,1.0,0.0,25862,25244,25565
0.0,22.0,12.0,1.0,0.0,1.0,0.0,13599,19212,19219
0.0,39.0,9.0,0.0,0.0,1.0,1.0,25862,24443,0
0.0,17.0,11.0,0.0,0.0,0.0,1.0,0,722,12639
0.0,36.0,12.0,0.0,1.0,1.0,0.0,12737,18252,17450
0.0,44.0,12.0,0.0,0.0,1.0,0.0,25862,25244,0
0.0,32.0,14.0,0.0,0.0,1.0,0.0,25478,25244,0
0.0,29.0,16.0,0.0,0.0,1.0,0.0,17923,16177,25565
0.0,20.0,12.0,0.0,0.0,1.0,0.0,4410,0,25565
0.0,46.0,12.0,0.0,0.0,1.0,0.0,25862,25244,25011
0.0,25.0,13.0,0.0,0.0,1.0,0.0,3311,3520,13106
0.0,28.0,14.0,0.0,0.0,0.0,0.0,25862,25244,25565
0.0,23.0,12.0,0.0,0.0,1.0,0.0,16233,19683,2366
0.0,43.0,15.0,0.0,0.0,1.0,0.0,0,0,0
0.0,24.0,12.0,0.0,0.0,1.0,0.0,13911,15282,25565
0.0,32.0,14.0,0.0,1.0,1.0,0.0,0,0,0
0.0,52.0,15.0,0.0,0.0,1.0,0.0,25862,25244,25565
0.0,25.0,13.0,0.0,0.0,1.0,0.0,14597,25244,25565
0.0,43.0,12.0,0.0,0.0,1.0,0.0,13899,25244,23053
0.0,37.0,15.0,0.0,0.0,1.0,0.0,25862,25244,25565
0.0,19.0,13.0,1.0,0.0,0.0,0.0,1714,786,9067
0.0,40.0,10.0,1.0,0.0,1.0,1.0,22322,19450,19265
0.0,17.0,5.0,1.0,0.0,0.0,1.0,96,868,0
0.0,19.0,11.0,0.0,0.0,0.0,1.0,541,0,3406
0.0,20.0,12.0,0.0,0.0,0.0,0.0,9397,11779,0
0.0,34.0,12.0,0.0,0.0,1.0,0.0,0,0,0
0.0,30.0,8.0,0.0,0.0,0.0,1.0,19753,19480,20096
0.0,21.0,14.0,0.0,0.0,0.0,0.0,5937,0,25565
0.0,23.0,15.0,0.0,0.0,0.0,0.0,7108,8814,23125
0.0,19.0,12.0,0.0,1.0,0.0,0.0,3774,4667,12326
0.0,45.0,2.0,1.0,0.0,0.0,1.0,5447,7877,238
0.0,18.0,10.0,1.0,0.0,0.0,1.0,3505,4986,142
0.0,17.0,10.0,1.0,0.0,0.0,1.0,2580,2843,3517
0.0,22.0,12.0,0.0,0.0,1.0,0.0,7294,13053,14087
0.0,51.0,18.0,0.0,0.0,0.0,0.0,25110,25244,25565
0.0,22.0,15.0,0.0,0.0,1.0,0.0,25862,24484,14653
0.0,23.0,11.0,0.0,0.0,1.0,1.0,12057,16158,13972
0.0,42.0,12.0,0.0,0.0,1.0,0.0,0,6354,15886
0.0,16.0,9.0,0.0,0.0,0.0,1.0,0,1144,13876
0.0,47.0,12.0,0.0,0.0,1.0,0.0,18872,18367,19785
0.0,41.0,11.0,0.0,0.0,1.0,1.0,0,14246,22624
0.0,30.0,16.0,0.0,0.0,1.0,0.0,25862,25244,0
0.0,16.0,10.0,0.0,0.0,0.0,1.0,0,0,3514
0.0,36.0,10.0,0.0,0.0,1.0,1.0,25862,25244,15392
0.0,48.0,8.0,0.0,0.0,1.0,1.0,20137,20164,13283
0.0,49.0,12.0,0.0,0.0,1.0,0.0,17947,17196,0
0.0,31.0,12.0,0.0,0.0,1.0,0.0,23256,25244,25565
0.0,21.0,12.0,0.0,1.0,1.0,0.0,1377,2954,25565
0.0,28.0,8.0,0.0,1.0,1.0,1.0,20884,25244,18432
0.0,26.0,12.0,0.0,0.0,0.0,0.0,25120,25244,18619
0.0,21.0,12.0,0.0,0.0,0.0,0.0,10882,19063,15577
0.0,52.0,16.0,0.0,0.0,1.0,0.0,25862,25244,25565
0.0,43.0,12.0,0.0,0.0,1.0,0.0,11857,14874,23611
0.0,25.0,13.0,0.0,0.0,0.0,0.0,14943,20472,25395
0.0,43.0,16.0,0.0,0.0,1.0,0.0,25325,13386,25565
0.0,25.0,9.0,0.0,0.0,1.0,1.0,25862,25244,25565
0.0,42.0,12.0,0.0,0.0,1.0,0.0,25862,25244,25565
0.0,16.0,10.0,0.0,0.0,0.0,1.0,1708,1876,2756
0.0,46.0,7.0,1.0,0.0,1.0,1.0,16607,15479,14112
0.0,52.0,7.0,1.0,0.0,0.0,1.0,6799,4256,2955
0.0,28.0,9.0,0.0,0.0,1.0,1.0,13834,10300,15726
0.0,47.0,7.0,0.0,0.0,1.0,1.0,22751,21450,22574
0.0,32.0,12.0,0.0,0.0,1.0,0.0,25862,25244,25565
0.0,25.0,15.0,0.0,0.0,1.0,0.0,22124,23453,25565
0.0,47.0,12.0,0.0,0.0,1.0,0.0,25862,25244,25565
0.0,47.0,12.0,0.0,0.0,1.0,0.0,19985,20992,13300
0.0,36.0,11.0,0.0,0.0,1.0,1.0,21209,21103,20775
0.0,17.0,11.0,0.0,0.0,0.0,1.0,0,936,11377
0.0,33.0,12.0,0.0,0.0,0.0,0.0,10690,11875,0
0.0,27.0,17.0,1.0,0.0,0.0,0.0,5960,351,19799
0.0,41.0,11.0,1.0,0.0,0.0,1.0,25862,25244,25565
0.0,47.0,11.0,1.0,0.0,1.0,1.0,15488,9969,17960
0.0,27.0,12.0,1.0,0.0,0.0,0.0,14881,11988,23081
0.0,48.0,9.0,0.0,0.0,0.0,1.0,0,0,0
0.0,43.0,12.0,0.0,0.0,1.0,0.0,16763,16367,20942
0.0,44.0,12.0,0.0,0.0,1.0,0.0,20510,20975,23788
0.0,23.0,12.0,0.0,0.0,0.0,0.0,5374,10606,20056
0.0,18.0,11.0,0.0,0.0,0.0,1.0,3891,3980,18237
0.0,29.0,18.0,0.0,0.0,1.0,0.0,15970,15200,9514
0.0,32.0,15.0,0.0,0.0,1.0,0.0,0,0,0
0.0,38.0,13.0,0.0,0.0,1.0,0.0,0,0,0
0.0,45.0,6.0,0.0,1.0,1.0,1.0,5212,8354,3501
0.0,46.0,12.0,0.0,0.0,1.0,0.0,15466,19473,25565
0.0,25.0,12.0,0.0,1.0,1.0,0.0,11705,12688,13004
0.0,23.0,16.0,0.0,0.0,0.0,0.0,0,4818,25565
0.0,20.0,12.0,0.0,0.0,0.0,0.0,0,0,539
0.0,29.0,12.0,0.0,0.0,1.0,0.0,14330,14314,13308
0.0,29.0,14.0,0.0,1.0,0.0,0.0,14665,13295,11164
0.0,26.0,12.0,0.0,1.0,0.0,0.0,22322,1853,15605
0.0,51.0,4.0,0.0,0.0,0.0,1.0,5780,1507,0
0.0,33.0,9.0,0.0,1.0,1.0,1.0,18985,18548,22639
0.0,34.0,5.0,0.0,1.0,1.0,1.0,15490,16245,18161
0.0,43.0,7.0,0.0,1.0,1.0,1.0,13776,14047,21405
0.0,26.0,10.0,0.0,1.0,1.0,1.0,15870,17613,18376
0.0,41.0,6.0,0.0,1.0,1.0,1.0,12379,14215,15739
0.0,38.0,12.0,0.0,0.0,1.0,0.0,20394,20401,13051
0.0,32.0,12.0,0.0,1.0,1.0,0.0,20175,17724,18507
0.0,28.0,16.0,0.0,0.0,0.0,0.0,1258,5469,13498
0.0,27.0,16.0,0.0,1.0,0.0,0.0,0,5371,12237
0.0,52.0,12.0,0.0,0.0,1.0,0.0,25862,25244,25565
0.0,36.0,12.0,0.0,0.0,1.0,0.0,25862,25244,25565
0.0,31.0,12.0,0.0,0.0,1.0,0.0,25862,25244,25565
0.0,51.0,12.0,0.0,0.0,1.0,0.0,20292,20673,23924
0.0,17.0,10.0,0.0,0.0,0.0,1.0,1103,725,9162
0.0,18.0,12.0,0.0,0.0,0.0,0.0,2696,6791,12169
0.0,17.0,11.0,0.0,0.0,0.0,1.0,0,4041,9713
0.0,28.0,16.0,0.0,1.0,1.0,0.0,17937,19393,21285
0.0,22.0,12.0,0.0,0.0,0.0,0.0,6264,5944,12246
0.0,47.0,14.0,0.0,0.0,1.0,0.0,19714,18369,4318
0.0,40.0,12.0,0.0,0.0,1.0,0.0,19785,16374,0
0.0,53.0,12.0,0.0,0.0,1.0,0.0,25862,0,16463
0.0,23.0,15.0,0.0,0.0,0.0,0.0,0,602,23019
0.0,21.0,14.0,0.0,0.0,0.0,0.0,2964,2302,0
0.0,47.0,12.0,0.0,0.0,1.0,0.0,14320,14310,15343
0.0,30.0,18.0,0.0,0.0,1.0,0.0,0,0,0
0.0,20.0,12.0,0.0,0.0,0.0,0.0,14614,15526,18930
0.0,35.0,12.0,0.0,0.0,1.0,0.0,0,0,0
0.0,33.0,10.0,0.0,0.0,1.0,1.0,25862,17329,15284
0.0,52.0,16.0,0.0,0.0,1.0,0.0,16522,5409,15401
0.0,45.0,11.0,0.0,0.0,1.0,1.0,25118,25244,20868
0.0,38.0,8.0,0.0,0.0,1.0,1.0,24892,20234,21517
0.0,17.0,10.0,0.0,0.0,0.0,1.0,0,32,8303
0.0,16.0,6.0,1.0,0.0,0.0,1.0,0,45,0
0.0,32.0,12.0,0.0,0.0,1.0,0.0,25862,18392,17489
0.0,33.0,12.0,0.0,0.0,1.0,0.0,0,0,0
0.0,18.0,11.0,0.0,0.0,0.0,1.0,1152,1908,5212
0.0,16.0,9.0,0.0,0.0,0.0,1.0,0,0,6495
0.0,31.0,16.0,0.0,0.0,1.0,0.0,25862,19482,25565
0.0,33.0,18.0,0.0,0.0,0.0,0.0,1977,935,25565
0.0,45.0,12.0,0.0,0.0,1.0,0.0,25862,20596,25565
0.0,23.0,13.0,0.0,0.0,0.0,0.0,11673,22465,17474
0.0,27.0,13.0,0.0,0.0,0.0,0.0,3919,11301,25565
0.0,27.0,12.0,0.0,0.0,1.0,0.0,21411,15658,18848
0.0,29.0,12.0,0.0,0.0,1.0,0.0,21117,25244,24446
0.0,36.0,8.0,0.0,0.0,1.0,1.0,18209,14074,3517
0.0,29.0,12.0,0.0,0.0,1.0,0.0,25862,25244,25565
0.0,29.0,11.0,0.0,0.0,1.0,1.0,14798,16924,2706
0.0,31.0,12.0,0.0,0.0,0.0,0.0,11859,6721,5095
0.0,26.0,16.0,0.0,0.0,1.0,0.0,19957,21165,25565
0.0,38.0,12.0,0.0,0.0,1.0,0.0,18303,17615,17805
0.0,16.0,9.0,0.0,0.0,0.0,1.0,0,0,3734
0.0,27.0,16.0,0.0,0.0,0.0,0.0,19322,4347,14356
0.0,38.0,16.0,0.0,0.0,1.0,0.0,25862,25244,25565
0.0,42.0,8.0,1.0,0.0,1.0,1.0,4263,6973,7408
0.0,19.0,12.0,1.0,0.0,0.0,0.0,737,45,8444
0.0,27.0,12.0,0.0,0.0,1.0,0.0,24101,20487,25565
0.0,55.0,12.0,0.0,0.0,1.0,0.0,0,0,0
0.0,28.0,12.0,0.0,0.0,1.0,0.0,25704,24936,25565
0.0,21.0,15.0,0.0,0.0,0.0,0.0,0,1405,5911
0.0,54.0,6.0,1.0,0.0,0.0,1.0,0,0,0
0.0,32.0,6.0,0.0,1.0,1.0,1.0,1293,3659,2258
0.0,23.0,6.0,0.0,1.0,1.0,1.0,5104,5844,3239
0.0,29.0,0.0,0.0,1.0,0.0,1.0,0,0,1034
0.0,17.0,9.0,0.0,1.0,1.0,1.0,541,2229,5921
0.0,16.0,10.0,0.0,1.0,1.0,1.0,0,886,6849
0.0,28.0,12.0,1.0,0.0,1.0,0.0,11926,11539,12150
0.0,39.0,12.0,0.0,0.0,1.0,0.0,0,0,0
0.0,50.0,8.0,0.0,0.0,1.0,1.0,21043,18874,17360
0.0,38.0,14.0,0.0,0.0,1.0,0.0,25177,23437,25565
0.0,26.0,9.0,0.0,0.0,0.0,1.0,6195,10105,8608
0.0,49.0,7.0,0.0,0.0,0.0,1.0,3699,11290,0
0.0,30.0,12.0,1.0,0.0,0.0,0.0,7569,7779,12079
0.0,32.0,15.0,0.0,0.0,0.0,0.0,7526,3851,6527
0.0,53.0,13.0,0.0,0.0,1.0,0.0,0,0,0
0.0,36.0,12.0,0.0,0.0,1.0,0.0,25862,25244,25565
0.0,24.0,16.0,0.0,0.0,1.0,0.0,629,0,0
0.0,24.0,13.0,0.0,0.0,1.0,0.0,25862,25244,25565
0.0,40.0,14.0,0.0,0.0,1.0,0.0,25862,3740,734
0.0,40.0,16.0,0.0,0.0,1.0,0.0,0,1939,1395
0.0,28.0,12.0,0.0,0.0,1.0,0.0,25862,11064,25565
0.0,35.0,18.0,0.0,0.0,1.0,0.0,25862,3890,0
0.0,33.0,11.0,0.0,0.0,1.0,1.0,25862,25244,23053
0.0,26.0,16.0,0.0,0.0,1.0,0.0,6027,0,5528
0.0,25.0,16.0,0.0,0.0,1.0,0.0,0,0,25565
0.0,26.0,12.0,0.0,0.0,1.0,0.0,14289,24268,13846
0.0,32.0,17.0,0.0,0.0,1.0,0.0,25862,25244,25565
0.0,27.0,16.0,0.0,0.0,1.0,0.0,11276,18933,25565
0.0,27.0,18.0,0.0,0.0,1.0,0.0,2443,0,25565
0.0,31.0,11.0,0.0,0.0,1.0,1.0,24742,23468,25551
0.0,25.0,12.0,0.0,0.0,0.0,0.0,9497,11492,8201
0.0,28.0,12.0,0.0,0.0,1.0,0.0,20970,20410,23950
0.0,53.0,12.0,0.0,0.0,1.0,0.0,25862,25244,25565
0.0,54.0,1.0,0.0,0.0,1.0,1.0,25369,25244,25565
0.0,33.0,10.0,0.0,0.0,1.0,1.0,25862,25244,24612
0.0,36.0,12.0,0.0,0.0,1.0,0.0,22091,2866,11794
0.0,16.0,9.0,0.0,0.0,0.0,1.0,0,0,1865
0.0,54.0,8.0,0.0,0.0,1.0,1.0,10125,9632,18541
0.0,18.0,12.0,0.0,0.0,0.0,0.0,227,1441,4213
0.0,24.0,12.0,0.0,0.0,1.0,0.0,25862,25244,24499
0.0,32.0,12.0,0.0,0.0,1.0,0.0,5319,0,19784
0.0,47.0,12.0,0.0,0.0,1.0,0.0,0,4966,0
0.0,46.0,7.0,0.0,0.0,0.0,1.0,1082,245,0
0.0,42.0,6.0,0.0,0.0,1.0,1.0,4640,7045,9282
0.0,21.0,12.0,0.0,0.0,1.0,0.0,13284,15135,17520
0.0,22.0,12.0,0.0,0.0,0.0,0.0,402,3575,11956
0.0,27.0,10.0,0.0,0.0,1.0,1.0,12145,10584,8840
0.0,42.0,6.0,0.0,0.0,1.0,1.0,17659,13535,25565
0.0,37.0,15.0,0.0,0.0,1.0,0.0,18172,16919,23053
0.0,36.0,12.0,0.0,0.0,1.0,0.0,25862,18324,25565
0.0,20.0,12.0,0.0,0.0,0.0,0.0,0,0,0
0.0,30.0,12.0,0.0,0.0,1.0,0.0,18966,19606,12703
0.0,52.0,2.0,0.0,0.0,1.0,1.0,16037,9179,0
0.0,24.0,16.0,0.0,0.0,0.0,0.0,17108,15424,17266
0.0,23.0,11.0,0.0,0.0,1.0,1.0,4161,1595,4637
0.0,27.0,12.0,0.0,0.0,1.0,0.0,0,0,0
0.0,26.0,12.0,0.0,0.0,1.0,0.0,8544,12226,13230
0.0,43.0,12.0,0.0,0.0,1.0,0.0,25862,25244,25565
0.0,16.0,11.0,0.0,0.0,0.0,1.0,0,476,0
0.0,40.0,12.0,0.0,0.0,1.0,0.0,23511,16498,25565
0.0,45.0,12.0,0.0,0.0,1.0,0.0,25862,25244,15515
0.0,32.0,12.0,0.0,0.0,1.0,0.0,0,25244,2366
0.0,55.0,3.0,0.0,0.0,1.0,1.0,0,0,2791
0.0,27.0,8.0,0.0,0.0,1.0,1.0,2259,1153,1858
0.0,39.0,12.0,0.0,0.0,1.0,0.0,25862,23976,17617
0.0,22.0,12.0,0.0,0.0,1.0,0.0,16924,19267,22049
0.0,30.0,10.0,0.0,0.0,1.0,1.0,23129,23960,20806
0.0,43.0,3.0,0.0,0.0,1.0,1.0,17629,12926,9602
0.0,19.0,8.0,0.0,0.0,1.0,1.0,2433,13671,1430
0.0,52.0,9.0,0.0,0.0,1.0,1.0,13801,13689,0
0.0,28.0,12.0,0.0,0.0,1.0,0.0,13983,13640,17015
0.0,21.0,13.0,0.0,0.0,0.0,0.0,4389,4043,6450
0.0,39.0,16.0,0.0,1.0,1.0,0.0,0,0,0
0.0,22.0,10.0,0.0,0.0,1.0,1.0,823,3813,16883
0.0,54.0,12.0,0.0,0.0,1.0,0.0,1058,2916,0
0.0,53.0,8.0,0.0,0.0,1.0,1.0,18629,14818,17974
0.0,32.0,11.0,0.0,0.0,1.0,1.0,16354,14895,22031
0.0,40.0,8.0,0.0,0.0,1.0,1.0,11734,13904,25565
0.0,54.0,13.0,0.0,0.0,1.0,0.0,22861,22644,25565
0.0,22.0,8.0,0.0,0.0,1.0,1.0,8078,1174,3552
0.0,38.0,8.0,0.0,0.0,1.0,1.0,23952,0,24660
0.0,31.0,12.0,0.0,0.0,1.0,0.0,0,0,15388
0.0,23.0,12.0,1.0,0.0,0.0,0.0,9199,10482,9760
0.0,38.0,12.0,0.0,0.0,1.0,0.0,13360,7220,10780
0.0,39.0,12.0,0.0,0.0,1.0,0.0,4961,14962,0
0.0,34.0,15.0,0.0,0.0,1.0,0.0,0,0,0
0.0,50.0,6.0,0.0,0.0,1.0,1.0,25862,25244,25565
0.0,20.0,12.0,0.0,0.0,0.0,0.0,8019,13417,25167
0.0,41.0,13.0,0.0,0.0,1.0,0.0,25862,25244,25565
0.0,40.0,12.0,0.0,0.0,1.0,0.0,25862,25244,25565
0.0,44.0,7.0,0.0,0.0,1.0,1.0,24638,25244,25565
0.0,34.0,12.0,0.0,0.0,1.0,0.0,5206,5872,0
0.0,27.0,13.0,0.0,0.0,1.0,0.0,23868,20025,21117
0.0,42.0,7.0,0.0,0.0,1.0,1.0,19007,17384,22153
0.0,35.0,12.0,0.0,0.0,1.0,0.0,19977,15744,19391
0.0,42.0,12.0,0.0,0.0,1.0,0.0,13866,14441,25565
0.0,39.0,12.0,0.0,0.0,1.0,0.0,16859,13893,19379
0.0,30.0,14.0,1.0,0.0,1.0,0.0,10278,9553,12812
0.0,52.0,11.0,0.0,0.0,1.0,1.0,25063,25244,25565
0.0,25.0,16.0,0.0,0.0,0.0,0.0,4724,12946,10403
0.0,25.0,14.0,0.0,0.0,1.0,0.0,0,118,0
0.0,51.0,12.0,0.0,0.0,1.0,0.0,13153,17946,17629
0.0,38.0,13.0,0.0,0.0,0.0,0.0,21319,23163,25565
0.0,24.0,16.0,0.0,0.0,1.0,0.0,25788,20748,21279
0.0,39.0,18.0,0.0,0.0,1.0,0.0,25862,25244,14835
0.0,43.0,7.0,0.0,0.0,0.0,1.0,8664,7971,3354
0.0,27.0,11.0,1.0,0.0,1.0,1.0,21983,10307,15445
0.0,55.0,4.0,0.0,0.0,1.0,1.0,3899,25244,0
0.0,29.0,12.0,0.0,0.0,1.0,0.0,16803,14036,13950
0.0,42.0,12.0,0.0,0.0,1.0,0.0,18850,23312,21131
0.0,28.0,12.0,0.0,0.0,1.0,0.0,19381,24894,25565
0.0,34.0,17.0,0.0,0.0,1.0,0.0,25862,25244,25565
0.0,50.0,12.0,0.0,0.0,1.0,0.0,25862,23613,25565
0.0,22.0,12.0,0.0,0.0,1.0,0.0,20063,13488,13209
0.0,35.0,12.0,0.0,0.0,1.0,0.0,17506,15262,20780
0.0,47.0,12.0,0.0,0.0,1.0,0.0,25862,25244,25092
0.0,50.0,12.0,0.0,0.0,1.0,0.0,15933,2866,25565
0.0,44.0,11.0,0.0,0.0,1.0,1.0,7841,12219,14420
0.0,54.0,7.0,0.0,0.0,1.0,1.0,21621,25244,0
0.0,52.0,12.0,0.0,0.0,1.0,0.0,17363,17771,0
0.0,20.0,9.0,0.0,0.0,1.0,1.0,3297,3122,5317
0.0,20.0,12.0,0.0,0.0,1.0,0.0,7588,10276,0
0.0,25.0,12.0,0.0,1.0,1.0,0.0,13025,15033,15649
0.0,24.0,11.0,1.0,0.0,1.0,1.0,4935,6406,20886
0.0,43.0,16.0,0.0,1.0,1.0,0.0,4767,0,0
0.0,29.0,10.0,1.0,0.0,1.0,1.0,9275,11288,6282
0.0,20.0,12.0,1.0,0.0,1.0,0.0,5355,8481,8094
0.0,45.0,12.0,0.0,0.0,1.0,0.0,25862,25242,21864
0.0,18.0,11.0,0.0,0.0,0.0,1.0,0,460,9898
0.0,40.0,12.0,0.0,0.0,1.0,0.0,10400,9362,8806
0.0,17.0,10.0,0.0,0.0,0.0,1.0,1767,5473,11718
0.0,48.0,4.0,0.0,0.0,1.0,1.0,18876,17325,15228
0.0,20.0,10.0,0.0,0.0,1.0,1.0,4628,2327,2401
0.0,32.0,12.0,0.0,0.0,0.0,0.0,21374,20283,25565
0.0,34.0,8.0,0.0,0.0,0.0,1.0,10139,7652,12069
0.0,54.0,7.0,1.0,0.0,1.0,1.0,17737,23947,21322
0.0,48.0,0.0,1.0,0.0,1.0,1.0,16683,13755,18228
0.0,28.0,9.0,0.0,0.0,1.0,1.0,16007,14310,19126
0.0,34.0,16.0,0.0,0.0,1.0,0.0,25862,25244,25565
0.0,20.0,11.0,1.0,0.0,0.0,1.0,2355,3040,3375
0.0,17.0,8.0,1.0,0.0,0.0,1.0,0,0,4520
0.0,29.0,12.0,0.0,0.0,1.0,0.0,20553,20959,24313
0.0,31.0,14.0,0.0,0.0,1.0,0.0,20698,13492,22742
0.0,34.0,16.0,0.0,0.0,1.0,0.0,25862,25244,25565
0.0,41.0,3.0,1.0,0.0,1.0,1.0,3029,4852,0
0.0,49.0,4.0,0.0,0.0,1.0,1.0,22298,15866,19160
0.0,46.0,8.0,0.0,0.0,1.0,1.0,0,0,0
0.0,32.0,9.0,0.0,0.0,1.0,1.0,15059,18825,12635
0.0,31.0,12.0,0.0,0.0,1.0,0.0,4040,6696,5930
0.0,26.0,11.0,0.0,0.0,1.0,1.0,18053,18471,20600
0.0,49.0,10.0,0.0,0.0,1.0,1.0,16242,14781,16995
0.0,34.0,12.0,0.0,0.0,1.0,0.0,22851,24753,25565
0.0,31.0,7.0,0.0,0.0,1.0,1.0,14514,10821,14829
0.0,30.0,12.0,1.0,0.0,1.0,0.0,17314,15228,23791
0.0,16.0,10.0,1.0,0.0,0.0,1.0,0,0,2880
0.0,25.0,12.0,1.0,0.0,1.0,0.0,21668,14015,6796
0.0,22.0,11.0,0.0,0.0,1.0,1.0,8121,1968,10768
0.0,21.0,13.0,0.0,0.0,1.0,0.0,5122,8730,14870
0.0,25.0,10.0,0.0,0.0,1.0,1.0,11705,12557,3289
0.0,32.0,12.0,1.0,0.0,1.0,0.0,25492,20548,24093
0.0,39.0,9.0,0.0,0.0,0.0,1.0,11231,537,5753
0.0,38.0,7.0,0.0,0.0,1.0,1.0,10037,3498,14393
0.0,37.0,16.0,0.0,0.0,1.0,0.0,25862,25244,25565
0.0,31.0,12.0,0.0,0.0,1.0,0.0,0,8457,12751
0.0,35.0,10.0,0.0,0.0,1.0,1.0,6509,2129,11083
0.0,46.0,3.0,0.0,0.0,1.0,1.0,1303,3774,2366
0.0,24.0,14.0,0.0,0.0,1.0,0.0,4951,4268,7288
0.0,24.0,12.0,0.0,0.0,1.0,0.0,17508,16774,20323
0.0,29.0,12.0,0.0,0.0,1.0,0.0,17990,15993,18773
0.0,42.0,12.0,0.0,0.0,1.0,0.0,25862,25244,25565
0.0,18.0,11.0,0.0,0.0,0.0,1.0,517,1642,12190
0.0,46.0,12.0,0.0,0.0,1.0,0.0,25862,18134,23893
0.0,38.0,12.0,0.0,0.0,0.0,0.0,25862,25244,25064
0.0,47.0,9.0,0.0,0.0,1.0,1.0,21742,19633,19768
0.0,53.0,7.0,0.0,0.0,1.0,1.0,20825,18489,18690
0.0,30.0,16.0,0.0,0.0,0.0,0.0,15543,14443,22358
0.0,45.0,12.0,0.0,0.0,1.0,0.0,25862,25244,25565
0.0,20.0,12.0,0.0,0.0,0.0,0.0,9418,10677,14148
0.0,31.0,12.0,0.0,0.0,1.0,0.0,25862,25244,25565
0.0,30.0,12.0,0.0,0.0,1.0,0.0,18568,17432,19912
0.0,25.0,17.0,0.0,0.0,1.0,0.0,10462,17850,0
0.0,20.0,13.0,0.0,0.0,0.0,0.0,0,2352,0
0.0,23.0,17.0,0.0,0.0,0.0,0.0,0,2215,25565
0.0,28.0,16.0,0.0,0.0,0.0,0.0,9971,10851,13249
0.0,21.0,12.0,0.0,0.0,1.0,0.0,19708,24971,8009
0.0,31.0,12.0,0.0,0.0,1.0,0.0,0,2478,0
0.0,24.0,12.0,0.0,0.0,1.0,0.0,25862,25244,25565
0.0,45.0,12.0,0.0,0.0,1.0,0.0,0,0,0
0.0,24.0,12.0,0.0,0.0,0.0,0.0,11438,14306,17965
0.0,22.0,14.0,0.0,0.0,0.0,0.0,8877,2802,1704
0.0,25.0,9.0,0.0,1.0,1.0,1.0,17755,17753,23157
0.0,27.0,12.0,0.0,0.0,1.0,0.0,24213,23588,25565
0.0,34.0,16.0,1.0,0.0,1.0,0.0,23164,24748,0
0.0,45.0,18.0,1.0,0.0,1.0,0.0,25862,25244,25565
0.0,51.0,12.0,0.0,0.0,1.0,0.0,14393,15282,15989
0.0,26.0,16.0,0.0,0.0,1.0,0.0,16593,16052,11073
0.0,45.0,12.0,0.0,1.0,1.0,0.0,20474,19779,2738
0.0,42.0,16.0,0.0,1.0,1.0,0.0,15359,10835,25565
0.0,50.0,7.0,0.0,0.0,1.0,1.0,25862,25244,25565
0.0,43.0,12.0,0.0,0.0,1.0,0.0,21395,19550,21211
0.0,47.0,16.0,0.0,0.0,1.0,0.0,25862,25244,25565
0.0,31.0,12.0,0.0,0.0,1.0,0.0,17097,14668,15385
0.0,27.0,14.0,1.0,0.0,0.0,0.0,0,0,10122
0.0,51.0,10.0,1.0,0.0,1.0,1.0,15079,16650,0
0.0,54.0,15.0,0.0,0.0,1.0,0.0,9837,11496,19426
0.0,50.0,12.0,0.0,0.0,1.0,0.0,23419,25147,25565
0.0,21.0,9.0,0.0,0.0,0.0,1.0,5437,12534,0
0.0,26.0,14.0,0.0,0.0,1.0,0.0,155,0,0
0.0,37.0,12.0,0.0,0.0,1.0,0.0,11908,17377,25327
0.0,23.0,10.0,0.0,0.0,1.0,1.0,21252,12228,11104
0.0,53.0,9.0,0.0,0.0,1.0,1.0,25862,25244,25565
0.0,19.0,10.0,0.0,0.0,0.0,1.0,31,1074,0
0.0,50.0,12.0,0.0,0.0,1.0,0.0,25862,20258,25565
0.0,30.0,8.0,0.0,1.0,1.0,1.0,12626,12824,7433
0.0,29.0,9.0,0.0,0.0,1.0,1.0,9871,19115,21950
0.0,46.0,9.0,0.0,0.0,0.0,1.0,5850,2256,21226
0.0,49.0,12.0,0.0,0.0,1.0,0.0,0,0,0
0.0,19.0,13.0,0.0,0.0,1.0,0.0,0,5631,25565
0.0,24.0,18.0,0.0,0.0,0.0,0.0,0,9458,25565
0.0,29.0,18.0,1.0,0.0,0.0,0.0,0,25244,25565
0.0,26.0,12.0,0.0,0.0,1.0,0.0,11162,13352,11309
0.0,48.0,7.0,0.0,0.0,1.0,1.0,25862,25244,23790
0.0,36.0,12.0,0.0,0.0,1.0,0.0,17365,15624,0
0.0,43.0,13.0,0.0,0.0,1.0,0.0,494,0,0
0.0,42.0,12.0,0.0,0.0,1.0,0.0,25862,25244,25565
0.0,29.0,16.0,0.0,0.0,1.0,0.0,12945,2496,20885
0.0,25.0,12.0,1.0,0.0,1.0,0.0,5627,4596,12221
0.0,40.0,12.0,1.0,0.0,0.0,0.0,17069,15399,15631
0.0,16.0,9.0,1.0,0.0,0.0,1.0,0,0,4042
0.0,31.0,7.0,0.0,0.0,1.0,1.0,6338,10001,12036
0.0,24.0,11.0,1.0,0.0,1.0,1.0,16327,3554,6517
0.0,24.0,13.0,1.0,0.0,1.0,0.0,15672,15402,20772
0.0,19.0,11.0,0.0,0.0,0.0,1.0,1763,1255,7278
0.0,26.0,14.0,1.0,0.0,1.0,0.0,18601,17860,20558
0.0,19.0,11.0,1.0,0.0,0.0,1.0,1381,5503,10842
0.0,43.0,12.0,0.0,0.0,1.0,0.0,19334,17996,19664
0.0,19.0,13.0,0.0,0.0,0.0,0.0,4353,9057,16265
0.0,18.0,12.0,0.0,0.0,0.0,0.0,2835,2372,5389
0.0,31.0,17.0,0.0,0.0,1.0,0.0,20102,20216,25442
0.0,43.0,5.0,0.0,0.0,1.0,1.0,25862,25244,25565
0.0,23.0,12.0,0.0,0.0,1.0,0.0,13799,11762,0
0.0,22.0,12.0,1.0,0.0,1.0,0.0,10288,10310,8518
0.0,37.0,8.0,1.0,0.0,0.0,1.0,0,0,649
0.0,55.0,7.0,0.0,0.0,0.0,1.0,13100,9405,9970
0.0,31.0,11.0,1.0,0.0,1.0,1.0,6607,0,0
0.0,41.0,11.0,0.0,0.0,1.0,1.0,9716,7680,20430
0.0,26.0,12.0,0.0,0.0,1.0,0.0,16607,11619,17838
0.0,49.0,10.0,0.0,0.0,1.0,1.0,19299,17635,25565
0.0,44.0,12.0,0.0,0.0,1.0,0.0,21728,21332,25565
0.0,31.0,12.0,0.0,0.0,0.0,0.0,16905,16007,17414
0.0,53.0,7.0,0.0,0.0,1.0,1.0,23317,22791,18166
0.0,31.0,12.0,0.0,0.0,0.0,0.0,0,0,0
0.0,31.0,13.0,0.0,0.0,0.0,0.0,1403,57,278
0.0,37.0,7.0,0.0,0.0,1.0,1.0,17720,9854,11958
0.0,55.0,16.0,0.0,0.0,1.0,0.0,25862,25244,22349
0.0,18.0,8.0,0.0,0.0,0.0,1.0,1144,0,65
0.0,22.0,12.0,0.0,0.0,1.0,0.0,9794,19516,16595
0.0,53.0,12.0,0.0,0.0,1.0,0.0,15496,19319,19205
0.0,45.0,8.0,0.0,0.0,1.0,1.0,13507,12518,0
0.0,55.0,14.0,0.0,0.0,1.0,0.0,13527,10344,9217
0.0,48.0,9.0,0.0,0.0,1.0,1.0,12988,7815,4071
0.0,26.0,13.0,0.0,0.0,1.0,0.0,15551,13213,15819
0.0,43.0,8.0,0.0,0.0,1.0,1.0,0,0,0
0.0,19.0,9.0,0.0,0.0,0.0,1.0,1998,5824,690
0.0,18.0,8.0,0.0,0.0,0.0,1.0,582,1463,6907
0.0,31.0,9.0,0.0,0.0,1.0,1.0,21015,16598,23561
0.0,21.0,12.0,0.0,0.0,1.0,0.0,7798,5521,164
0.0,28.0,12.0,0.0,0.0,1.0,0.0,13305,13333,13874
0.0,22.0,14.0,0.0,0.0,1.0,0.0,7312,12149,6279
0.0,23.0,14.0,0.0,0.0,1.0,0.0,14299,6911,25565
0.0,28.0,17.0,0.0,1.0,0.0,0.0,0,0,0
0.0,36.0,7.0,0.0,1.0,1.0,1.0,12492,12124,13508
0.0,29.0,7.0,0.0,1.0,0.0,1.0,12649,11646,10943
0.0,16.0,10.0,0.0,1.0,0.0,1.0,0,956,4166
0.0,26.0,13.0,0.0,0.0,1.0,0.0,14295,17620,19380
0.0,52.0,12.0,0.0,0.0,1.0,0.0,10864,25244,20965
0.0,28.0,9.0,0.0,0.0,1.0,1.0,0,0,0
0.0,19.0,12.0,0.0,0.0,1.0,0.0,6848,18666,15414
0.0,25.0,16.0,0.0,0.0,1.0,0.0,10682,10321,11813
0.0,18.0,12.0,0.0,0.0,0.0,0.0,2214,8295,0
0.0,42.0,16.0,0.0,0.0,1.0,0.0,0,0,0
0.0,32.0,12.0,0.0,0.0,1.0,0.0,15594,17031,22704
0.0,24.0,12.0,0.0,0.0,1.0,0.0,12512,13431,13192
0.0,36.0,12.0,0.0,0.0,1.0,0.0,19322,19554,19648
0.0,53.0,7.0,0.0,0.0,1.0,1.0,4508,1214,1639
0.0,36.0,12.0,0.0,0.0,1.0,0.0,25862,25244,25565
0.0,48.0,14.0,0.0,0.0,1.0,0.0,0,0,0
0.0,33.0,13.0,0.0,0.0,1.0,0.0,9836,14172,24555
0.0,39.0,12.0,0.0,0.0,1.0,0.0,18235,18188,18983
0.0,29.0,12.0,0.0,0.0,1.0,0.0,25862,25244,25565
0.0,27.0,16.0,0.0,0.0,1.0,0.0,21595,21409,24781
0.0,26.0,12.0,0.0,0.0,1.0,0.0,8954,5607,22580
0.0,48.0,6.0,0.0,0.0,1.0,1.0,15784,13888,19843
0.0,21.0,12.0,0.0,0.0,0.0,0.0,7051,20558,22426
0.0,55.0,12.0,0.0,0.0,1.0,0.0,5509,16716,11868
0.0,28.0,11.0,0.0,0.0,1.0,1.0,4563,0,15893
0.0,52.0,12.0,0.0,0.0,1.0,0.0,25862,25244,25565
0.0,18.0,12.0,0.0,0.0,0.0,0.0,22,4837,13446
0.0,22.0,9.0,0.0,1.0,1.0,1.0,11136,7904,11526
0.0,25.0,12.0,1.0,0.0,1.0,0.0,14996,13818,13227
0.0,19.0,6.0,1.0,0.0,0.0,1.0,1955,0,14999
0.0,39.0,12.0,0.0,0.0,0.0,0.0,17957,17028,16719
0.0,52.0,5.0,1.0,0.0,1.0,1.0,3478,3652,3650
0.0,43.0,12.0,0.0,0.0,1.0,0.0,25862,19842,25565
0.0,25.0,12.0,0.0,1.0,1.0,0.0,8746,4762,380
0.0,36.0,13.0,0.0,0.0,1.0,0.0,21922,25244,25565
0.0,24.0,13.0,0.0,0.0,1.0,0.0,20320,11984,23756
0.0,53.0,4.0,0.0,0.0,1.0,1.0,14379,12980,0
0.0,32.0,16.0,0.0,0.0,0.0,0.0,25862,25244,25565
0.0,46.0,2.0,0.0,1.0,1.0,1.0,8474,8629,8857
0.0,17.0,10.0,0.0,1.0,0.0,1.0,0,1454,6919
0.0,30.0,15.0,0.0,0.0,1.0,0.0,7978,8155,23908
0.0,44.0,13.0,0.0,0.0,1.0,0.0,10096,11023,9285
0.0,48.0,9.0,0.0,1.0,1.0,1.0,0,286,0
0.0,27.0,13.0,0.0,0.0,1.0,0.0,12002,12165,19878
0.0,53.0,12.0,0.0,0.0,1.0,0.0,10580,9668,3830
0.0,48.0,10.0,0.0,0.0,1.0,1.0,4824,6361,1442
0.0,26.0,12.0,0.0,0.0,1.0,0.0,25862,15963,25565
0.0,37.0,12.0,1.0,0.0,1.0,0.0,20488,19722,25565
0.0,21.0,8.0,0.0,0.0,1.0,1.0,6801,3573,13846
0.0,23.0,8.0,0.0,0.0,1.0,1.0,33,166,0
0.0,30.0,12.0,0.0,0.0,1.0,0.0,8207,3806,2942
0.0,28.0,13.0,0.0,0.0,1.0,0.0,6660,15551,10909
0.0,22.0,11.0,0.0,0.0,0.0,1.0,2044,915,6704
0.0,40.0,9.0,0.0,0.0,1.0,1.0,14879,14860,17409
0.0,29.0,16.0,0.0,0.0,1.0,0.0,4882,12813,23444
0.0,27.0,12.0,0.0,0.0,0.0,0.0,17759,17343,17648
0.0,20.0,12.0,0.0,0.0,0.0,0.0,12569,13236,15367
0.0,19.0,9.0,0.0,0.0,1.0,1.0,5794,6363,7863
0.0,30.0,12.0,0.0,0.0,1.0,0.0,14164,14453,15074
0.0,23.0,10.0,1.0,0.0,1.0,1.0,7422,8438,8698
0.0,50.0,12.0,0.0,0.0,0.0,0.0,18593,15225,0
0.0,53.0,10.0,0.0,1.0,0.0,1.0,7878,1490,13171
0.0,53.0,16.0,0.0,0.0,1.0,0.0,25862,25244,25565
0.0,18.0,12.0,0.0,0.0,0.0,0.0,5556,7417,25565
0.0,17.0,10.0,0.0,0.0,0.0,1.0,0,4392,4874
0.0,47.0,12.0,0.0,0.0,1.0,0.0,14393,9539,665
0.0,22.0,16.0,0.0,0.0,0.0,0.0,6131,1713,13065
0.0,16.0,10.0,0.0,0.0,0.0,1.0,0,0,3041
0.0,26.0,12.0,0.0,0.0,1.0,0.0,18854,18609,25565
0.0,28.0,14.0,0.0,0.0,1.0,0.0,24322,23971,25565
0.0,19.0,12.0,0.0,0.0,0.0,0.0,257,707,10576
0.0,32.0,18.0,0.0,0.0,1.0,0.0,5786,8427,12509
0.0,23.0,12.0,0.0,0.0,1.0,0.0,7857,3214,5536
0.0,28.0,14.0,0.0,0.0,1.0,0.0,23276,19303,25565
0.0,50.0,2.0,0.0,0.0,0.0,1.0,0,2827,25531
0.0,38.0,10.0,0.0,0.0,1.0,1.0,25862,25244,25565
0.0,27.0,12.0,0.0,0.0,1.0,0.0,19073,25244,25565
0.0,46.0,9.0,0.0,1.0,1.0,1.0,20034,22850,25565
0.0,21.0,12.0,0.0,1.0,0.0,0.0,7153,0,0
0.0,51.0,12.0,0.0,0.0,1.0,0.0,15662,22247,23166
0.0,21.0,14.0,0.0,0.0,0.0,0.0,10506,1083,14250
0.0,50.0,12.0,0.0,1.0,1.0,0.0,0,0,0
0.0,52.0,12.0,0.0,0.0,1.0,0.0,25862,25244,25565
0.0,30.0,17.0,0.0,0.0,1.0,0.0,24344,25244,25565
0.0,29.0,14.0,0.0,0.0,0.0,0.0,10929,14287,18315
0.0,19.0,12.0,0.0,0.0,0.0,0.0,0,526,1478
0.0,42.0,11.0,0.0,1.0,1.0,1.0,756,0,2429
0.0,18.0,12.0,0.0,0.0,0.0,0.0,2825,3079,0
0.0,37.0,16.0,0.0,0.0,1.0,0.0,0,7716,0
0.0,44.0,13.0,0.0,0.0,0.0,0.0,13158,14228,16494
0.0,28.0,12.0,1.0,0.0,0.0,0.0,6285,2256,7310
0.0,18.0,13.0,0.0,1.0,0.0,0.0,482,2947,10508
0.0,26.0,14.0,0.0,1.0,0.0,0.0,12571,22517,17320
0.0,29.0,12.0,0.0,1.0,0.0,0.0,16828,16484,25565
0.0,48.0,12.0,0.0,1.0,0.0,0.0,22586,22608,23666
0.0,39.0,12.0,0.0,0.0,0.0,0.0,23880,22922,25565
0.0,26.0,18.0,0.0,0.0,0.0,0.0,19262,19645,22800
0.0,25.0,15.0,1.0,0.0,0.0,0.0,243,0,0
0.0,28.0,17.0,1.0,0.0,0.0,0.0,0,240,984
0.0,52.0,9.0,1.0,0.0,1.0,1.0,3064,0,0
0.0,44.0,7.0,0.0,0.0,1.0,1.0,25862,25244,25565
0.0,18.0,11.0,0.0,0.0,0.0,1.0,766,272,25565
0.0,20.0,12.0,1.0,0.0,0.0,0.0,1801,0,0
0.0,50.0,13.0,1.0,0.0,1.0,0.0,11170,8517,17315
0.0,22.0,12.0,1.0,0.0,1.0,0.0,15570,15984,1615
0.0,26.0,12.0,1.0,0.0,1.0,0.0,20267,21052,21553
0.0,45.0,12.0,0.0,0.0,1.0,0.0,25862,25244,22337
0.0,20.0,14.0,0.0,0.0,0.0,0.0,0,2834,2013
0.0,33.0,14.0,0.0,0.0,1.0,0.0,8817,13965,20766
0.0,21.0,12.0,0.0,0.0,1.0,0.0,8785,8835,14851
0.0,34.0,14.0,0.0,0.0,1.0,0.0,25862,25244,20670
0.0,43.0,18.0,0.0,0.0,1.0,0.0,0,0,0
0.0,33.0,13.0,0.0,1.0,1.0,0.0,0,0,0
0.0,49.0,15.0,0.0,0.0,1.0,0.0,17036,25176,0
0.0,29.0,14.0,0.0,0.0,0.0,0.0,25862,14450,25565
0.0,29.0,16.0,0.0,0.0,0.0,0.0,22688,449,25565
0.0,23.0,12.0,0.0,0.0,0.0,0.0,25862,25244,25565
0.0,51.0,12.0,0.0,0.0,0.0,0.0,25862,25244,16944
0.0,26.0,16.0,0.0,0.0,1.0,0.0,25862,25244,25565
0.0,20.0,12.0,0.0,1.0,1.0,0.0,4320,2574,0
0.0,51.0,9.0,0.0,1.0,1.0,1.0,25862,25244,25565
0.0,34.0,12.0,1.0,0.0,1.0,0.0,24426,22361,25034
0.0,38.0,12.0,1.0,0.0,1.0,0.0,18913,10346,8122
0.0,52.0,8.0,0.0,0.0,1.0,1.0,0,0,0
0.0,55.0,3.0,0.0,0.0,1.0,1.0,25862,25244,25565
0.0,32.0,13.0,0.0,0.0,1.0,0.0,12553,525,15354
0.0,36.0,12.0,0.0,0.0,1.0,0.0,386,0,12188
0.0,54.0,13.0,0.0,0.0,1.0,0.0,0,0,0
0.0,25.0,12.0,0.0,1.0,1.0,0.0,12392,12040,0
0.0,53.0,12.0,0.0,0.0,1.0,0.0,25739,24742,25565
0.0,22.0,15.0,0.0,0.0,0.0,0.0,1477,18,3878
0.0,17.0,10.0,0.0,0.0,0.0,1.0,310,1973,0
0.0,35.0,16.0,1.0,0.0,1.0,0.0,658,0,0
0.0,17.0,10.0,1.0,0.0,0.0,1.0,0,0,1054
0.0,46.0,12.0,0.0,0.0,1.0,0.0,25862,25244,20190
0.0,21.0,12.0,0.0,1.0,1.0,0.0,10784,12838,18739
0.0,18.0,11.0,0.0,1.0,0.0,1.0,946,209,1770
0.0,25.0,16.0,1.0,0.0,0.0,0.0,21630,25244,25565
0.0,28.0,12.0,0.0,0.0,0.0,0.0,4160,11467,13503
0.0,42.0,12.0,0.0,0.0,1.0,0.0,25862,25244,25565
0.0,30.0,14.0,0.0,0.0,1.0,0.0,25862,7756,24941
0.0,46.0,14.0,0.0,0.0,1.0,0.0,25862,25244,25565
0.0,34.0,15.0,0.0,0.0,1.0,0.0,25862,25244,25565
0.0,32.0,18.0,0.0,0.0,1.0,0.0,25862,25244,25565
0.0,41.0,12.0,0.0,0.0,0.0,0.0,23780,22547,25565
0.0,18.0,10.0,0.0,0.0,0.0,1.0,0,5466,11420
0.0,23.0,16.0,0.0,0.0,0.0,0.0,7059,15015,21041
0.0,25.0,13.0,1.0,0.0,1.0,0.0,11242,16727,21330
0.0,29.0,18.0,0.0,0.0,0.0,0.0,25862,0,0
0.0,32.0,14.0,0.0,0.0,0.0,0.0,13599,10507,25565
0.0,25.0,12.0,0.0,0.0,1.0,0.0,20555,20007,19315
0.0,23.0,13.0,0.0,0.0,1.0,0.0,9455,10438,0
0.0,27.0,15.0,1.0,0.0,1.0,0.0,11352,5759,265
0.0,33.0,16.0,0.0,0.0,0.0,0.0,19034,25244,25565
0.0,55.0,8.0,0.0,0.0,1.0,1.0,24040,25016,25565
0.0,28.0,16.0,0.0,0.0,1.0,0.0,25862,25244,15352
0.0,36.0,16.0,0.0,0.0,1.0,0.0,25862,25244,25565
0.0,27.0,16.0,0.0,0.0,1.0,0.0,0,0,6650
0.0,41.0,18.0,0.0,0.0,1.0,0.0,10948,11388,10919
0.0,16.0,10.0,0.0,0.0,0.0,1.0,0,560,1912
0.0,31.0,14.0,0.0,0.0,1.0,0.0,25862,25244,5172
0.0,48.0,15.0,0.0,0.0,1.0,0.0,25862,25244,25565
0.0,55.0,15.0,0.0,0.0,1.0,0.0,24608,25244,25565
0.0,24.0,12.0,0.0,0.0,0.0,0.0,21718,8062,19862
0.0,50.0,12.0,0.0,0.0,1.0,0.0,25666,25244,25565
0.0,24.0,14.0,0.0,0.0,1.0,0.0,10239,448,9554
0.0,23.0,12.0,0.0,0.0,0.0,0.0,10553,7279,25565
0.0,37.0,12.0,0.0,0.0,1.0,0.0,25862,25244,25565
0.0,29.0,18.0,0.0,0.0,1.0,0.0,25862,25244,0
0.0,53.0,12.0,0.0,0.0,1.0,0.0,10694,18659,15060
0.0,47.0,12.0,1.0,0.0,1.0,0.0,0,0,0
0.0,51.0,3.0,0.0,1.0,1.0,1.0,13247,11965,12605
0.0,55.0,15.0,0.0,0.0,1.0,0.0,0,0,0
0.0,35.0,13.0,1.0,0.0,1.0,0.0,19700,25244,25565
0.0,47.0,12.0,0.0,0.0,1.0,0.0,25862,23161,22785
0.0,52.0,8.0,0.0,1.0,1.0,1.0,25717,19099,25565
0.0,20.0,12.0,0.0,0.0,0.0,0.0,9720,10502,15290
0.0,28.0,12.0,0.0,0.0,1.0,0.0,25862,15535,17708
0.0,19.0,13.0,0.0,0.0,0.0,0.0,5265,4266,4628
0.0,50.0,12.0,0.0,0.0,1.0,0.0,25862,25244,25565
0.0,28.0,18.0,0.0,0.0,0.0,0.0,25680,25244,23276
0.0,44.0,11.0,0.0,0.0,1.0,1.0,24724,12341,2159
0.0,23.0,13.0,0.0,0.0,1.0,0.0,7292,12495,0
0.0,30.0,12.0,0.0,0.0,1.0,0.0,13625,0,3105
0.0,38.0,7.0,0.0,1.0,1.0,1.0,15527,16521,13953
0.0,29.0,12.0,0.0,0.0,1.0,0.0,11221,11066,9431
0.0,27.0,13.0,0.0,0.0,1.0,0.0,25862,25244,44
0.0,17.0,9.0,0.0,1.0,0.0,1.0,10884,10348,10254
0.0,16.0,9.0,0.0,0.0,0.0,1.0,0,566,4475
0.0,32.0,16.0,0.0,0.0,0.0,0.0,23987,25244,25565
0.0,45.0,13.0,0.0,0.0,1.0,0.0,10604,15408,0
0.0,28.0,12.0,0.0,0.0,1.0,0.0,24520,25244,25565
0.0,32.0,17.0,0.0,0.0,0.0,0.0,25862,25244,25565
0.0,40.0,10.0,0.0,1.0,1.0,1.0,7339,11793,10573
0.0,46.0,16.0,0.0,0.0,0.0,0.0,25862,25244,12861
0.0,29.0,14.0,0.0,0.0,0.0,0.0,25862,25244,21099
0.0,17.0,11.0,0.0,0.0,0.0,1.0,872,6411,5265
0.0,17.0,11.0,0.0,0.0,0.0,1.0,664,1189,5589
0.0,26.0,17.0,0.0,0.0,1.0,0.0,12383,15640,25565
0.0,27.0,14.0,0.0,0.0,1.0,0.0,14389,594,473
0.0,25.0,14.0,0.0,0.0,1.0,0.0,18795,21652,24242
0.0,40.0,13.0,0.0,0.0,1.0,0.0,21519,19087,15516
0.0,20.0,13.0,0.0,0.0,0.0,0.0,2929,1597,222
0.0,38.0,13.0,0.0,0.0,1.0,0.0,13360,20164,20282
0.0,41.0,15.0,0.0,0.0,1.0,0.0,25862,6563,24647
0.0,16.0,8.0,0.0,0.0,0.0,1.0,0,0,0
0.0,24.0,12.0,0.0,0.0,0.0,0.0,9988,4936,0
0.0,21.0,11.0,0.0,0.0,0.0,1.0,6444,4922,813
0.0,34.0,16.0,0.0,0.0,1.0,0.0,25862,25244,25565
0.0,31.0,14.0,0.0,0.0,1.0,0.0,25862,25244,25565
0.0,26.0,12.0,0.0,0.0,1.0,0.0,18650,16895,18613
0.0,26.0,12.0,0.0,0.0,1.0,0.0,4971,5315,22479
0.0,32.0,10.0,0.0,0.0,1.0,1.0,0,12246,25565
0.0,35.0,12.0,0.0,0.0,1.0,0.0,24309,25244,25565
0.0,22.0,12.0,0.0,0.0,1.0,0.0,25862,18669,19479
0.0,28.0,12.0,0.0,0.0,1.0,0.0,15186,25244,19649
0.0,25.0,12.0,1.0,0.0,1.0,0.0,6620,0,615
0.0,48.0,13.0,0.0,0.0,0.0,0.0,257,0,6563
0.0,47.0,7.0,0.0,0.0,1.0,1.0,25862,25244,25565
0.0,20.0,11.0,0.0,0.0,0.0,1.0,1111,2077,12066
0.0,19.0,12.0,0.0,0.0,0.0,0.0,0,1146,17920
0.0,54.0,12.0,0.0,0.0,1.0,0.0,0,0,0
0.0,28.0,16.0,0.0,0.0,1.0,0.0,15051,25244,25565
0.0,44.0,12.0,0.0,0.0,1.0,0.0,25862,25244,18854
0.0,27.0,12.0,0.0,1.0,1.0,0.0,24220,20635,25565
0.0,45.0,8.0,0.0,1.0,1.0,1.0,19638,18387,25500
0.0,19.0,12.0,0.0,1.0,0.0,0.0,2561,3932,17814
0.0,18.0,12.0,0.0,0.0,0.0,0.0,0,0,8795
0.0,48.0,12.0,0.0,0.0,1.0,0.0,0,0,1491
0.0,39.0,16.0,0.0,0.0,1.0,0.0,25862,25244,25565
0.0,25.0,17.0,0.0,0.0,0.0,0.0,25862,25244,25565
0.0,23.0,14.0,0.0,0.0,0.0,0.0,11930,11977,25321
0.0,26.0,14.0,0.0,0.0,0.0,0.0,0,159,2920
0.0,22.0,14.0,0.0,0.0,0.0,0.0,14734,6832,19564
0.0,31.0,16.0,0.0,0.0,1.0,0.0,13111,16172,13886
0.0,28.0,12.0,0.0,0.0,1.0,0.0,25862,25244,25565
0.0,31.0,16.0,0.0,0.0,1.0,0.0,21417,22424,25565
0.0,41.0,17.0,0.0,0.0,1.0,0.0,25862,25244,19301
0.0,29.0,17.0,0.0,0.0,1.0,0.0,21076,21720,25565
0.0,31.0,12.0,0.0,0.0,1.0,0.0,18527,19831,21310
0.0,17.0,11.0,0.0,0.0,0.0,1.0,0,115,11226
0.0,27.0,12.0,0.0,0.0,0.0,0.0,7412,0,0
0.0,23.0,17.0,0.0,0.0,1.0,0.0,7723,7949,22309
0.0,28.0,16.0,0.0,0.0,1.0,0.0,2729,0,50
0.0,43.0,15.0,0.0,1.0,1.0,0.0,9109,14668,0
0.0,27.0,14.0,0.0,0.0,0.0,0.0,16556,14430,6495
0.0,45.0,12.0,0.0,1.0,1.0,0.0,25862,23373,25565
0.0,18.0,11.0,0.0,0.0,0.0,1.0,43,161,25565
0.0,35.0,14.0,0.0,1.0,1.0,0.0,19867,19774,19821
0.0,46.0,4.0,0.0,0.0,1.0,1.0,22786,23741,1797
0.0,37.0,15.0,0.0,0.0,1.0,0.0,25862,17244,0
0.0,33.0,11.0,0.0,1.0,1.0,1.0,23321,25244,23481
0.0,48.0,12.0,0.0,0.0,1.0,0.0,25862,25244,25565
0.0,19.0,12.0,0.0,1.0,0.0,0.0,71,639,0
0.0,22.0,16.0,0.0,0.0,1.0,0.0,5084,16358,8281
0.0,23.0,14.0,0.0,0.0,0.0,0.0,12077,10097,0
0.0,24.0,18.0,0.0,0.0,1.0,0.0,0,72,454
0.0,19.0,12.0,0.0,0.0,1.0,0.0,1448,3024,21000
0.0,26.0,14.0,0.0,0.0,1.0,0.0,22500,25174,25565
0.0,49.0,13.0,0.0,0.0,1.0,0.0,24258,15452,17530
0.0,38.0,16.0,0.0,0.0,1.0,0.0,23713,9179,18814
0.0,28.0,14.0,0.0,0.0,1.0,0.0,25862,21258,25565
0.0,26.0,16.0,0.0,1.0,1.0,0.0,1834,20254,20215
0.0,42.0,12.0,0.0,0.0,1.0,0.0,10517,9385,25565
0.0,16.0,10.0,0.0,0.0,0.0,1.0,435,1656,12355
0.0,34.0,17.0,0.0,0.0,1.0,0.0,0,0,0
0.0,42.0,16.0,0.0,0.0,1.0,0.0,9551,4809,1617
0.0,53.0,12.0,0.0,0.0,0.0,0.0,8578,8907,6322
0.0,55.0,14.0,0.0,0.0,0.0,0.0,25862,25244,21542
0.0,40.0,8.0,1.0,0.0,1.0,1.0,8834,15055,25565
0.0,27.0,12.0,0.0,0.0,1.0,0.0,25862,25244,25565
0.0,22.0,15.0,0.0,1.0,0.0,0.0,2134,5876,3963
0.0,55.0,12.0,0.0,0.0,1.0,0.0,23159,24526,7226
0.0,44.0,8.0,0.0,0.0,1.0,1.0,18015,25244,6576
0.0,52.0,11.0,0.0,1.0,1.0,1.0,16746,16920,19914
0.0,28.0,18.0,0.0,0.0,0.0,0.0,4949,0,2910
0.0,45.0,18.0,0.0,0.0,0.0,0.0,0,9759,0
0.0,51.0,12.0,0.0,0.0,1.0,0.0,18928,22261,23154
0.0,18.0,10.0,0.0,1.0,0.0,1.0,413,2542,8026
0.0,31.0,13.0,0.0,0.0,1.0,0.0,25862,24878,25565
0.0,28.0,12.0,0.0,0.0,1.0,0.0,25862,25244,0
0.0,46.0,14.0,0.0,0.0,1.0,0.0,8098,13741,5346
0.0,28.0,8.0,0.0,1.0,1.0,1.0,9634,8286,7075
0.0,52.0,12.0,0.0,1.0,1.0,0.0,8072,6698,12042
0.0,26.0,12.0,0.0,1.0,1.0,0.0,25862,25244,25565
0.0,29.0,12.0,0.0,1.0,1.0,0.0,25586,25244,25565
0.0,26.0,16.0,0.0,0.0,1.0,0.0,25862,25244,25565
0.0,28.0,16.0,0.0,0.0,1.0,0.0,25862,25244,25565
0.0,30.0,13.0,0.0,0.0,1.0,0.0,25862,25244,25565
0.0,42.0,16.0,0.0,1.0,0.0,0.0,3154,14688,12009
0.0,38.0,16.0,0.0,0.0,0.0,0.0,13921,13381,16336
0.0,26.0,13.0,0.0,0.0,1.0,0.0,16654,25244,25565
0.0,27.0,6.0,0.0,1.0,1.0,1.0,7831,9072,5661
0.0,22.0,3.0,0.0,1.0,0.0,1.0,16920,12697,15187
0.0,45.0,6.0,0.0,0.0,1.0,1.0,25862,25244,25565
0.0,39.0,12.0,0.0,1.0,1.0,0.0,25862,25244,25565
0.0,26.0,13.0,0.0,1.0,1.0,0.0,15784,16568,18027
0.0,44.0,12.0,0.0,1.0,1.0,0.0,11803,10035,8039
0.0,39.0,12.0,0.0,0.0,1.0,0.0,14238,11186,16686
0.0,45.0,12.0,0.0,0.0,1.0,0.0,25862,25244,25565
0.0,19.0,13.0,0.0,0.0,0.0,0.0,4107,7677,2583
0.0,40.0,8.0,0.0,0.0,1.0,1.0,25862,25244,25565
0.0,31.0,12.0,1.0,0.0,1.0,0.0,20890,20660,25565
0.0,22.0,14.0,0.0,1.0,1.0,0.0,14199,23224,0
0.0,23.0,12.0,0.0,0.0,1.0,0.0,1054,0,1636
0.0,53.0,12.0,0.0,0.0,1.0,0.0,24397,24508,15306
0.0,36.0,12.0,0.0,0.0,1.0,0.0,16991,13504,25565
0.0,16.0,9.0,0.0,0.0,0.0,1.0,200,3198,5604
0.0,20.0,12.0,0.0,0.0,1.0,0.0,10803,12040,14136
0.0,33.0,16.0,0.0,0.0,0.0,0.0,0,0,0
0.0,24.0,12.0,0.0,0.0,1.0,0.0,12706,10384,8034
0.0,38.0,11.0,0.0,0.0,1.0,1.0,25862,25244,25565
0.0,16.0,9.0,0.0,0.0,0.0,1.0,0,0,7118
0.0,23.0,12.0,0.0,0.0,1.0,0.0,18956,18100,8297
0.0,54.0,12.0,0.0,0.0,1.0,0.0,12943,13580,13065
0.0,49.0,8.0,0.0,0.0,1.0,1.0,15525,20924,25565
0.0,20.0,12.0,0.0,1.0,1.0,0.0,6564,5623,10869
0.0,54.0,2.0,0.0,1.0,1.0,1.0,12968,13345,3925
0.0,45.0,3.0,0.0,1.0,1.0,1.0,25862,24735,19602
0.0,17.0,10.0,0.0,1.0,0.0,1.0,345,2116,5902
0.0,39.0,5.0,0.0,1.0,1.0,1.0,14019,17968,15197
0.0,25.0,12.0,0.0,0.0,1.0,0.0,2721,1755,1037
0.0,47.0,12.0,0.0,0.0,1.0,0.0,25862,18838,16874
0.0,41.0,12.0,0.0,1.0,1.0,0.0,12747,14158,9803
0.0,28.0,16.0,0.0,0.0,1.0,0.0,564,0,0
0.0,30.0,17.0,0.0,1.0,1.0,0.0,2028,0,0
0.0,39.0,10.0,0.0,0.0,1.0,1.0,25862,25244,25565
0.0,16.0,9.0,0.0,0.0,0.0,1.0,0,0,912
0.0,47.0,14.0,0.0,0.0,1.0,0.0,0,0,0
0.0,24.0,12.0,0.0,0.0,0.0,0.0,4610,7484,18531
0.0,47.0,12.0,0.0,1.0,1.0,0.0,19397,17724,13580
0.0,34.0,13.0,0.0,0.0,1.0,0.0,15997,17842,21726
0.0,44.0,11.0,0.0,0.0,1.0,1.0,5174,2866,13468
0.0,22.0,14.0,0.0,0.0,0.0,0.0,0,0,7269
0.0,45.0,17.0,0.0,0.0,1.0,0.0,7055,5810,7081
0.0,20.0,11.0,0.0,1.0,0.0,1.0,2868,2968,7403
0.0,23.0,12.0,0.0,0.0,1.0,0.0,15762,17459,25377
0.0,45.0,7.0,0.0,0.0,1.0,1.0,25410,25244,25565
0.0,16.0,9.0,0.0,1.0,0.0,1.0,0,0,5218
0.0,43.0,12.0,0.0,0.0,1.0,0.0,16123,18915,19734
0.0,50.0,10.0,0.0,0.0,1.0,1.0,17633,18773,15516
0.0,30.0,12.0,0.0,0.0,1.0,0.0,12228,25244,25565
0.0,41.0,14.0,0.0,0.0,1.0,0.0,15958,14870,15352
0.0,28.0,12.0,0.0,1.0,1.0,0.0,15041,13431,22098
0.0,30.0,12.0,0.0,0.0,1.0,0.0,14169,18467,25565
0.0,52.0,12.0,0.0,0.0,0.0,0.0,8213,13268,25565
0.0,27.0,11.0,0.0,0.0,0.0,1.0,10461,10853,11154
0.0,30.0,15.0,0.0,0.0,1.0,0.0,9408,2576,25565
0.0,35.0,12.0,0.0,0.0,1.0,0.0,16321,14663,2697
0.0,26.0,13.0,0.0,0.0,1.0,0.0,17516,20872,23975
0.0,46.0,14.0,0.0,1.0,1.0,0.0,25862,25244,25565
0.0,55.0,12.0,0.0,0.0,1.0,0.0,0,0,0
0.0,22.0,13.0,0.0,0.0,1.0,0.0,7038,9394,8334
0.0,39.0,5.0,0.0,1.0,1.0,1.0,11662,8821,12024
0.0,52.0,8.0,0.0,0.0,1.0,1.0,25862,22665,22556
0.0,39.0,17.0,0.0,0.0,1.0,0.0,0,0,0
0.0,29.0,12.0,0.0,0.0,1.0,0.0,14642,163,9474
0.0,26.0,18.0,0.0,0.0,0.0,0.0,3356,0,0
0.0,21.0,16.0,0.0,0.0,0.0,0.0,4882,0,20552
0.0,50.0,12.0,0.0,0.0,1.0,0.0,25862,25244,25565
0.0,47.0,12.0,0.0,0.0,1.0,0.0,25862,25244,25565
0.0,16.0,9.0,0.0,0.0,0.0,1.0,2210,1096,11321
0.0,31.0,12.0,0.0,0.0,0.0,0.0,21634,25244,17733
0.0,28.0,18.0,0.0,0.0,1.0,0.0,21669,25244,25565
0.0,28.0,12.0,0.0,0.0,1.0,0.0,3305,4223,6999
0.0,51.0,12.0,0.0,0.0,1.0,0.0,0,0,0
0.0,23.0,12.0,0.0,0.0,1.0,0.0,14011,23131,25565
0.0,23.0,9.0,0.0,0.0,1.0,1.0,23004,25244,25565
0.0,49.0,8.0,0.0,0.0,1.0,1.0,0,0,0
0.0,34.0,12.0,0.0,0.0,1.0,0.0,0,0,0
0.0,37.0,11.0,0.0,0.0,1.0,1.0,17992,21595,25565
0.0,24.0,10.0,0.0,1.0,1.0,1.0,21724,25244,22624
0.0,17.0,9.0,0.0,1.0,0.0,1.0,0,2626,13588
0.0,22.0,13.0,0.0,0.0,0.0,0.0,11503,13000,0
0.0,26.0,18.0,0.0,0.0,1.0,0.0,13548,19668,25565
0.0,26.0,11.0,0.0,0.0,1.0,1.0,0,0,0
0.0,32.0,12.0,0.0,0.0,1.0,0.0,6710,21072,25565
0.0,26.0,8.0,0.0,0.0,1.0,1.0,13294,21389,9166
0.0,19.0,12.0,0.0,0.0,0.0,0.0,2461,4648,3131
0.0,40.0,12.0,0.0,0.0,0.0,0.0,25862,25244,25560
0.0,19.0,12.0,0.0,0.0,0.0,0.0,2586,5693,17680
0.0,19.0,13.0,0.0,0.0,0.0,0.0,2610,5059,14358
0.0,28.0,18.0,0.0,0.0,0.0,0.0,14017,467,14491
0.0,31.0,15.0,0.0,0.0,1.0,0.0,25862,25244,25565
0.0,53.0,15.0,0.0,0.0,1.0,0.0,0,0,0
0.0,25.0,12.0,0.0,0.0,1.0,0.0,15331,16068,12904
0.0,23.0,14.0,0.0,0.0,1.0,0.0,527,17008,6257
0.0,24.0,12.0,0.0,0.0,1.0,0.0,25862,25244,4862
0.0,41.0,12.0,0.0,0.0,1.0,0.0,21356,23306,25565
0.0,29.0,14.0,0.0,0.0,1.0,0.0,24281,23083,25565
0.0,24.0,16.0,0.0,0.0,1.0,0.0,249,0,16126
0.0,19.0,10.0,0.0,0.0,1.0,1.0,8031,13334,25565
0.0,28.0,12.0,0.0,0.0,1.0,0.0,23817,25244,25565
0.0,37.0,12.0,0.0,0.0,1.0,0.0,25862,25244,25565
0.0,41.0,12.0,0.0,1.0,1.0,0.0,8850,13307,13938
0.0,17.0,11.0,0.0,1.0,0.0,1.0,0,539,7969
0.0,27.0,8.0,0.0,1.0,0.0,1.0,5239,9306,7928
0.0,34.0,12.0,0.0,1.0,1.0,0.0,16826,17601,0
0.0,53.0,13.0,0.0,0.0,1.0,0.0,0,0,0
0.0,38.0,12.0,0.0,0.0,1.0,0.0,8819,1282,6097
0.0,54.0,12.0,0.0,0.0,1.0,0.0,18249,15341,15315
0.0,53.0,18.0,0.0,1.0,1.0,0.0,0,0,765
0.0,31.0,12.0,0.0,0.0,1.0,0.0,25839,25244,25565
0.0,48.0,14.0,0.0,0.0,1.0,0.0,7819,4644,16856
0.0,51.0,16.0,0.0,0.0,1.0,0.0,13484,0,25565
0.0,29.0,12.0,0.0,0.0,1.0,0.0,14262,15039,21828
0.0,34.0,10.0,0.0,0.0,1.0,1.0,25862,25244,25565
0.0,29.0,13.0,0.0,0.0,1.0,0.0,17767,25244,25565
0.0,46.0,17.0,0.0,0.0,1.0,0.0,2927,0,7389
0.0,53.0,10.0,1.0,0.0,1.0,1.0,3086,3133,0
0.0,29.0,12.0,0.0,0.0,1.0,0.0,12714,15544,20774
0.0,49.0,0.0,1.0,0.0,0.0,1.0,13170,11662,7630
0.0,55.0,10.0,1.0,0.0,1.0,1.0,15598,14466,12946
0.0,34.0,12.0,0.0,0.0,1.0,0.0,4124,6211,6499
0.0,30.0,12.0,0.0,0.0,0.0,0.0,8729,8117,10787
0.0,32.0,12.0,0.0,0.0,1.0,0.0,19528,19040,23617
0.0,28.0,17.0,0.0,0.0,1.0,0.0,21074,17531,20017
0.0,21.0,12.0,0.0,0.0,0.0,0.0,17633,20098,9491
0.0,25.0,12.0,0.0,0.0,0.0,0.0,11640,14430,21058
0.0,49.0,12.0,1.0,0.0,1.0,0.0,2261,2301,1911
0.0,19.0,13.0,1.0,0.0,0.0,0.0,1730,1389,4337
0.0,21.0,12.0,0.0,0.0,0.0,0.0,7004,8959,19454
0.0,25.0,12.0,0.0,0.0,1.0,0.0,9967,12199,0
0.0,55.0,12.0,0.0,0.0,1.0,0.0,15419,14895,12915
0.0,25.0,12.0,0.0,0.0,1.0,0.0,17802,19011,17872
0.0,31.0,7.0,0.0,0.0,1.0,1.0,7904,21584,17433
0.0,32.0,12.0,0.0,0.0,1.0,0.0,0,0,0
0.0,23.0,16.0,0.0,0.0,1.0,0.0,7708,9498,25565
0.0,30.0,16.0,0.0,0.0,1.0,0.0,16452,17427,6514
0.0,36.0,9.0,0.0,0.0,0.0,1.0,2353,7124,13236
0.0,19.0,10.0,0.0,0.0,0.0,1.0,10884,12040,15324
0.0,19.0,9.0,0.0,0.0,0.0,1.0,5760,4034,12014
0.0,18.0,9.0,0.0,0.0,0.0,1.0,3039,4567,1871
0.0,27.0,8.0,0.0,0.0,1.0,1.0,14187,12126,13104
0.0,47.0,12.0,0.0,0.0,1.0,0.0,25862,22427,25565
0.0,18.0,12.0,0.0,0.0,0.0,0.0,3527,2823,8259
0.0,55.0,6.0,1.0,0.0,1.0,1.0,0,11030,195
0.0,39.0,5.0,1.0,0.0,1.0,1.0,13127,14899,14590
0.0,21.0,12.0,1.0,0.0,0.0,0.0,19369,19903,15837
0.0,24.0,17.0,0.0,0.0,1.0,0.0,1409,16874,20456
0.0,23.0,12.0,0.0,0.0,1.0,0.0,4530,88,14857
0.0,25.0,12.0,0.0,0.0,1.0,0.0,18088,14588,15922
0.0,39.0,12.0,0.0,0.0,1.0,0.0,12240,25244,25565
0.0,27.0,12.0,0.0,0.0,1.0,0.0,6783,6916,14400
0.0,24.0,13.0,0.0,0.0,1.0,0.0,1989,414,940
0.0,39.0,9.0,0.0,0.0,1.0,1.0,25862,25244,25565
0.0,37.0,12.0,0.0,0.0,1.0,0.0,25862,17633,24542
0.0,34.0,12.0,0.0,0.0,1.0,0.0,25862,25244,25565
0.0,34.0,12.0,0.0,0.0,1.0,0.0,25862,25244,25565
0.0,24.0,12.0,0.0,0.0,1.0,0.0,3636,1377,0
0.0,21.0,12.0,0.0,0.0,1.0,0.0,25862,24968,25565
0.0,34.0,12.0,0.0,0.0,1.0,0.0,25862,25244,25238
0.0,33.0,12.0,0.0,0.0,1.0,0.0,25862,25244,25565
0.0,43.0,5.0,0.0,0.0,1.0,1.0,0,0,0
0.0,20.0,13.0,0.0,0.0,0.0,0.0,1658,0,913
0.0,22.0,12.0,0.0,0.0,1.0,0.0,12539,12246,7739
0.0,40.0,12.0,0.0,0.0,1.0,0.0,0,0,0
0.0,21.0,11.0,0.0,0.0,1.0,1.0,10431,5743,14909
0.0,47.0,15.0,0.0,0.0,1.0,0.0,25862,25244,23527
0.0,19.0,12.0,0.0,0.0,0.0,0.0,10122,14072,10298
0.0,53.0,8.0,0.0,0.0,1.0,1.0,12002,4329,15426
0.0,39.0,10.0,0.0,0.0,0.0,1.0,2980,0,2030
0.0,32.0,8.0,0.0,0.0,1.0,1.0,25862,21231,25565
0.0,50.0,6.0,1.0,0.0,1.0,1.0,11699,7960,10004
0.0,37.0,9.0,0.0,0.0,1.0,1.0,13926,15468,14055
0.0,25.0,14.0,0.0,0.0,1.0,0.0,22541,21743,18523
0.0,36.0,18.0,0.0,0.0,1.0,0.0,0,0,0
0.0,42.0,17.0,0.0,0.0,1.0,0.0,25862,25244,25565
0.0,18.0,11.0,0.0,0.0,0.0,1.0,970,0,2146
0.0,53.0,12.0,0.0,0.0,1.0,0.0,25862,25244,25565
0.0,32.0,17.0,0.0,0.0,0.0,0.0,9624,25244,25565
0.0,31.0,12.0,0.0,0.0,1.0,0.0,21152,20676,20390
0.0,41.0,9.0,0.0,0.0,1.0,1.0,5026,0,0
0.0,49.0,11.0,0.0,0.0,1.0,1.0,21411,22327,20008
0.0,34.0,12.0,0.0,0.0,1.0,0.0,1299,2866,0
0.0,25.0,16.0,0.0,0.0,0.0,0.0,14726,25244,25565
0.0,43.0,8.0,0.0,1.0,1.0,1.0,10259,11623,10563
0.0,41.0,12.0,0.0,0.0,1.0,0.0,0,6420,3182
0.0,35.0,12.0,0.0,0.0,1.0,0.0,9404,8594,10428
0.0,25.0,12.0,0.0,0.0,1.0,0.0,12398,10151,13418
0.0,25.0,16.0,0.0,0.0,1.0,0.0,61,0,0
0.0,21.0,14.0,0.0,0.0,1.0,0.0,4685,7813,8117
0.0,55.0,12.0,0.0,0.0,1.0,0.0,25374,25244,25565
0.0,29.0,16.0,0.0,0.0,1.0,0.0,6097,7827,10665
0.0,55.0,9.0,0.0,0.0,1.0,1.0,11520,11655,12324
0.0,37.0,12.0,0.0,0.0,1.0,0.0,13770,13513,6017
0.0,16.0,10.0,0.0,0.0,0.0,1.0,0,3099,8968
0.0,50.0,12.0,0.0,0.0,1.0,0.0,16446,14867,13635
0.0,46.0,9.0,0.0,0.0,1.0,1.0,25862,25244,25565
0.0,29.0,16.0,0.0,0.0,1.0,0.0,25862,18114,24161
0.0,26.0,12.0,0.0,0.0,0.0,0.0,2768,3731,0
0.0,34.0,17.0,0.0,0.0,1.0,0.0,20996,23006,23994
0.0,20.0,12.0,0.0,0.0,1.0,0.0,9996,6116,13230
0.0,39.0,7.0,0.0,0.0,0.0,1.0,7786,1844,9206
0.0,29.0,12.0,0.0,0.0,1.0,0.0,25862,25244,25565
0.0,18.0,10.0,0.0,1.0,0.0,1.0,993,2190,0
0.0,49.0,10.0,0.0,0.0,1.0,1.0,21401,20163,25090
0.0,29.0,14.0,0.0,0.0,1.0,0.0,25723,25244,25565
0.0,28.0,12.0,0.0,0.0,1.0,0.0,14683,15323,18806
0.0,32.0,18.0,0.0,0.0,0.0,0.0,25666,25244,25565
0.0,31.0,12.0,0.0,0.0,1.0,0.0,25862,25244,25565
0.0,54.0,12.0,0.0,0.0,1.0,0.0,10941,10275,9899
0.0,43.0,17.0,0.0,0.0,0.0,0.0,0,8235,887
0.0,35.0,17.0,0.0,0.0,0.0,0.0,7641,6311,0
0.0,31.0,12.0,0.0,0.0,1.0,0.0,0,464,442
0.0,42.0,12.0,0.0,0.0,1.0,0.0,12814,13000,10229
0.0,48.0,8.0,0.0,0.0,1.0,1.0,5555,0,10233
0.0,21.0,12.0,0.0,0.0,1.0,0.0,25862,25244,25565
0.0,38.0,14.0,0.0,0.0,1.0,0.0,25721,25244,25565
0.0,25.0,12.0,0.0,0.0,1.0,0.0,18789,20651,0
0.0,26.0,7.0,0.0,0.0,1.0,1.0,14475,1237,22757
0.0,27.0,16.0,0.0,0.0,1.0,0.0,25862,25244,25565
0.0,34.0,13.0,0.0,0.0,1.0,0.0,20561,13506,11822
0.0,40.0,16.0,1.0,0.0,1.0,0.0,0,0,0
0.0,38.0,12.0,0.0,0.0,0.0,0.0,19034,7254,17740
0.0,18.0,12.0,0.0,0.0,0.0,0.0,2428,2626,1102
0.0,54.0,12.0,0.0,0.0,1.0,0.0,19920,19375,20313
0.0,19.0,12.0,0.0,0.0,0.0,0.0,2676,3022,7974
0.0,17.0,11.0,0.0,0.0,0.0,1.0,0,0,2610
0.0,37.0,10.0,0.0,0.0,1.0,1.0,3344,3772,0
0.0,26.0,13.0,0.0,0.0,1.0,0.0,20854,18664,25565
0.0,18.0,12.0,0.0,0.0,0.0,0.0,1293,5013,21693
0.0,53.0,11.0,0.0,0.0,1.0,1.0,25862,23639,25565
0.0,43.0,18.0,0.0,0.0,1.0,0.0,12870,10402,0
0.0,55.0,12.0,0.0,0.0,1.0,0.0,21883,17178,17236
0.0,31.0,12.0,1.0,0.0,1.0,0.0,25862,25244,25565
0.0,55.0,12.0,0.0,0.0,1.0,0.0,14359,14163,14139
0.0,49.0,12.0,0.0,0.0,1.0,0.0,25862,25244,25565
0.0,20.0,12.0,0.0,0.0,0.0,0.0,4267,4370,7282
0.0,36.0,18.0,0.0,0.0,1.0,0.0,3274,1269,18228
0.0,37.0,16.0,0.0,0.0,0.0,0.0,25862,25244,25565
0.0,23.0,14.0,0.0,0.0,0.0,0.0,2886,8602,13512
0.0,26.0,12.0,0.0,0.0,0.0,0.0,11791,12008,12951
0.0,55.0,16.0,0.0,0.0,0.0,0.0,21060,25244,23923
0.0,53.0,18.0,0.0,0.0,0.0,0.0,25862,25244,25565
0.0,26.0,18.0,0.0,0.0,0.0,0.0,17965,25244,25565
0.0,26.0,15.0,0.0,0.0,0.0,0.0,17095,8970,17807
0.0,32.0,12.0,0.0,0.0,0.0,0.0,11810,609,10669
0.0,21.0,12.0,0.0,0.0,1.0,0.0,10980,18594,25565
0.0,30.0,18.0,0.0,0.0,0.0,0.0,25862,25244,25565
0.0,45.0,10.0,0.0,0.0,1.0,1.0,25862,25244,21594
0.0,55.0,9.0,1.0,0.0,1.0,1.0,25862,24728,25387
0.0,31.0,12.0,1.0,0.0,1.0,0.0,0,1173,6636
0.0,27.0,12.0,1.0,0.0,1.0,0.0,25862,21840,25565
0.0,19.0,12.0,1.0,0.0,0.0,0.0,0,4821,16524
0.0,25.0,12.0,1.0,0.0,1.0,0.0,18950,18285,21431
0.0,47.0,10.0,1.0,0.0,0.0,1.0,21918,4324,19438
0.0,28.0,14.0,1.0,0.0,0.0,0.0,18070,16342,799
0.0,34.0,12.0,0.0,0.0,1.0,0.0,19828,10284,21761
0.0,25.0,13.0,0.0,0.0,1.0,0.0,18593,6211,22432
0.0,32.0,12.0,0.0,0.0,1.0,0.0,25862,25244,25565
0.0,49.0,12.0,0.0,0.0,1.0,0.0,25862,25244,25565
0.0,26.0,16.0,0.0,0.0,1.0,0.0,0,0,0
0.0,32.0,15.0,0.0,0.0,1.0,0.0,25862,23151,23941
0.0,25.0,13.0,0.0,0.0,1.0,0.0,12867,10971,16972
0.0,22.0,12.0,0.0,0.0,0.0,0.0,7104,7156,11172
0.0,21.0,12.0,0.0,0.0,1.0,0.0,12847,13456,19632
0.0,33.0,12.0,0.0,0.0,0.0,0.0,19491,19022,18931
0.0,47.0,11.0,0.0,0.0,0.0,1.0,6023,0,0
0.0,40.0,12.0,0.0,0.0,1.0,0.0,25862,25244,0
0.0,52.0,12.0,0.0,0.0,1.0,0.0,23296,23657,22591
0.0,39.0,13.0,0.0,0.0,0.0,0.0,0,0,0
0.0,26.0,12.0,0.0,0.0,1.0,0.0,17387,0,9310
0.0,45.0,12.0,0.0,0.0,1.0,0.0,25862,25244,25565
0.0,19.0,12.0,0.0,0.0,0.0,0.0,3897,2199,8055
0.0,47.0,12.0,0.0,0.0,1.0,0.0,25862,25244,25565
0.0,24.0,13.0,0.0,0.0,0.0,0.0,10223,17080,12145
0.0,47.0,12.0,0.0,0.0,1.0,0.0,0,0,0
0.0,35.0,12.0,0.0,0.0,1.0,0.0,25862,25244,25565
0.0,22.0,12.0,0.0,0.0,1.0,0.0,20557,25244,25565
0.0,28.0,18.0,1.0,0.0,1.0,0.0,25862,21384,25565
0.0,46.0,11.0,0.0,0.0,1.0,1.0,19938,18533,14559
0.0,17.0,11.0,0.0,0.0,0.0,1.0,1712,4649,5598
0.0,30.0,16.0,0.0,0.0,1.0,0.0,5799,13141,5974
0.0,18.0,11.0,0.0,0.0,0.0,1.0,0,0,4142
0.0,51.0,12.0,0.0,0.0,1.0,0.0,5558,2890,2389
0.0,20.0,14.0,0.0,0.0,0.0,0.0,2870,5385,4639
0.0,41.0,7.0,0.0,0.0,1.0,1.0,22729,22347,25565
0.0,37.0,6.0,0.0,0.0,1.0,1.0,24795,25244,25565
0.0,33.0,15.0,0.0,1.0,1.0,0.0,19892,20625,23119
0.0,27.0,12.0,0.0,0.0,1.0,0.0,20425,22401,16283
0.0,38.0,12.0,0.0,0.0,1.0,0.0,14248,14933,21335
0.0,34.0,12.0,0.0,0.0,1.0,0.0,25061,22284,22794
0.0,48.0,12.0,0.0,0.0,1.0,0.0,25862,21693,25565
0.0,43.0,8.0,0.0,0.0,0.0,1.0,25862,13587,217
0.0,25.0,13.0,0.0,0.0,0.0,0.0,10406,2397,25565
0.0,44.0,16.0,0.0,0.0,1.0,0.0,25862,25244,25565
0.0,18.0,12.0,0.0,0.0,0.0,0.0,1534,5867,16830
0.0,49.0,12.0,0.0,0.0,1.0,0.0,21877,19824,19275
0.0,26.0,17.0,0.0,0.0,1.0,0.0,19175,19937,25565
0.0,39.0,10.0,0.0,0.0,1.0,1.0,14479,11621,5930
0.0,54.0,10.0,0.0,0.0,0.0,1.0,0,0,0
0.0,35.0,12.0,0.0,0.0,1.0,0.0,25862,25244,25565
0.0,33.0,16.0,0.0,0.0,0.0,0.0,20545,19543,18475
0.0,29.0,17.0,0.0,0.0,1.0,0.0,25862,25174,23984
0.0,29.0,16.0,0.0,0.0,1.0,0.0,25529,25244,1704
0.0,55.0,7.0,0.0,0.0,0.0,1.0,0,0,0
0.0,52.0,14.0,0.0,0.0,0.0,0.0,1548,559,0
0.0,40.0,8.0,0.0,0.0,0.0,1.0,0,0,1331
0.0,22.0,16.0,0.0,0.0,0.0,0.0,0,2992,12106
0.0,23.0,14.0,0.0,0.0,0.0,0.0,7794,7965,11792
0.0,46.0,18.0,0.0,0.0,1.0,0.0,0,0,0
0.0,19.0,9.0,0.0,0.0,1.0,1.0,5825,10051,1340
0.0,29.0,12.0,0.0,0.0,1.0,0.0,25862,24816,25565
0.0,53.0,11.0,0.0,0.0,0.0,1.0,25862,25244,0
0.0,49.0,12.0,0.0,0.0,1.0,0.0,22373,25244,14656
0.0,31.0,12.0,0.0,0.0,1.0,0.0,25039,23541,23709
0.0,23.0,12.0,0.0,0.0,1.0,0.0,22398,24737,0
0.0,34.0,12.0,0.0,0.0,1.0,0.0,24338,25181,25565
0.0,36.0,10.0,0.0,0.0,1.0,1.0,8948,9877,3931
0.0,28.0,16.0,0.0,0.0,1.0,0.0,24199,24798,25565
0.0,53.0,12.0,0.0,0.0,1.0,0.0,0,0,0
0.0,28.0,12.0,0.0,0.0,1.0,0.0,20451,20958,24131
0.0,24.0,12.0,0.0,0.0,1.0,0.0,18390,19443,23431
0.0,21.0,13.0,0.0,0.0,0.0,0.0,10517,5298,0
0.0,20.0,13.0,0.0,0.0,0.0,0.0,0,0,5095
0.0,45.0,12.0,0.0,0.0,1.0,0.0,25862,25244,25565
0.0,46.0,8.0,0.0,0.0,1.0,1.0,18241,18231,20189
0.0,52.0,16.0,0.0,0.0,0.0,0.0,12714,12425,10326
0.0,44.0,12.0,0.0,0.0,0.0,0.0,14289,13963,12661
0.0,41.0,15.0,0.0,0.0,1.0,0.0,21497,25244,25565
0.0,24.0,13.0,0.0,0.0,1.0,0.0,20090,13644,25565
0.0,29.0,12.0,0.0,0.0,1.0,0.0,23509,25244,25565
0.0,24.0,12.0,0.0,0.0,1.0,0.0,20124,5836,19385
0.0,25.0,17.0,1.0,0.0,1.0,0.0,16246,10414,7647
0.0,32.0,13.0,0.0,0.0,1.0,0.0,0,0,0
0.0,28.0,13.0,0.0,0.0,1.0,0.0,21754,22773,21402
0.0,40.0,12.0,0.0,0.0,1.0,0.0,18390,4689,21857
0.0,25.0,16.0,0.0,0.0,1.0,0.0,16742,19728,20607
0.0,54.0,16.0,0.0,0.0,1.0,0.0,11070,10742,0
0.0,55.0,12.0,0.0,0.0,1.0,0.0,25860,21803,25565
0.0,35.0,12.0,0.0,0.0,1.0,0.0,22626,16319,22082
0.0,35.0,15.0,0.0,0.0,1.0,0.0,25862,25244,25565
0.0,32.0,12.0,0.0,0.0,1.0,0.0,17990,22773,25565
0.0,31.0,13.0,0.0,0.0,1.0,0.0,8958,3131,16231
0.0,39.0,10.0,0.0,0.0,1.0,1.0,1156,831,0
0.0,34.0,16.0,0.0,0.0,1.0,0.0,25862,25244,25565
0.0,52.0,9.0,0.0,0.0,1.0,1.0,4389,0,5825
0.0,33.0,16.0,0.0,0.0,1.0,0.0,25862,25244,25565
0.0,49.0,14.0,0.0,0.0,1.0,0.0,25862,25244,25565
0.0,18.0,11.0,0.0,0.0,0.0,1.0,0,0,4073
0.0,29.0,13.0,0.0,0.0,1.0,0.0,22389,6492,20212
0.0,55.0,12.0,0.0,0.0,1.0,0.0,0,0,0
0.0,26.0,16.0,0.0,0.0,0.0,0.0,2841,0,13545
0.0,46.0,12.0,0.0,0.0,1.0,0.0,22381,20753,16994
0.0,27.0,13.0,0.0,0.0,0.0,0.0,0,0,0
0.0,42.0,12.0,0.0,0.0,1.0,0.0,21801,0,0
0.0,19.0,12.0,0.0,0.0,0.0,0.0,0,491,9997
0.0,32.0,16.0,0.0,0.0,1.0,0.0,22761,21063,23044
0.0,30.0,9.0,0.0,0.0,1.0,1.0,25862,25244,25565
0.0,40.0,13.0,0.0,0.0,1.0,0.0,25028,16149,21004
0.0,33.0,16.0,0.0,0.0,1.0,0.0,14126,25244,25565
0.0,40.0,12.0,0.0,0.0,1.0,0.0,25862,20361,24758
0.0,20.0,12.0,0.0,0.0,0.0,0.0,12753,19944,25565
0.0,52.0,11.0,0.0,0.0,0.0,1.0,12392,10543,10484
0.0,50.0,12.0,0.0,0.0,1.0,0.0,0,0,0
0.0,19.0,10.0,0.0,0.0,0.0,1.0,1996,7584,11231
0.0,28.0,12.0,0.0,0.0,1.0,0.0,0,0,0
0.0,46.0,16.0,0.0,0.0,1.0,0.0,0,0,0
0.0,45.0,12.0,0.0,0.0,1.0,0.0,25596,25244,22584
0.0,23.0,12.0,0.0,0.0,0.0,0.0,14565,14577,13925
0.0,55.0,8.0,0.0,0.0,1.0,1.0,19583,21321,25565
0.0,30.0,12.0,0.0,0.0,1.0,0.0,14283,16593,18312
0.0,54.0,12.0,0.0,0.0,1.0,0.0,17432,4589,10247
0.0,18.0,13.0,0.0,0.0,0.0,0.0,1448,3684,9292
0.0,45.0,12.0,0.0,0.0,1.0,0.0,25862,25244,23644
0.0,17.0,9.0,0.0,0.0,0.0,1.0,0,582,5991
0.0,54.0,10.0,0.0,0.0,1.0,1.0,10041,14231,9314
0.0,21.0,12.0,0.0,0.0,0.0,0.0,7966,10690,0
0.0,26.0,17.0,0.0,0.0,1.0,0.0,16999,20755,19027
0.0,36.0,13.0,0.0,0.0,0.0,0.0,25862,25244,25565
0.0,22.0,8.0,0.0,0.0,1.0,1.0,15915,14439,14393
0.0,27.0,12.0,0.0,0.0,1.0,0.0,25862,25244,23991
0.0,30.0,12.0,0.0,0.0,1.0,0.0,21601,4630,22773
0.0,34.0,18.0,0.0,0.0,1.0,0.0,25412,24742,23378
0.0,37.0,12.0,0.0,0.0,1.0,0.0,25631,25244,25565
0.0,54.0,14.0,0.0,0.0,1.0,0.0,21944,17814,16994
0.0,30.0,12.0,0.0,0.0,1.0,0.0,8031,9043,18825
0.0,43.0,12.0,0.0,0.0,1.0,0.0,25862,25244,25565
0.0,48.0,9.0,0.0,0.0,1.0,1.0,25862,13146,25565
0.0,52.0,8.0,0.0,0.0,1.0,1.0,15184,15028,15226
0.0,24.0,14.0,0.0,0.0,0.0,0.0,18074,19722,21197
0.0,32.0,17.0,0.0,0.0,1.0,0.0,25862,25244,25565
0.0,17.0,10.0,0.0,0.0,0.0,1.0,0,1500,13908
0.0,36.0,12.0,0.0,0.0,1.0,0.0,22955,18222,0
0.0,52.0,8.0,0.0,0.0,1.0,1.0,12825,17567,18339
0.0,26.0,12.0,0.0,0.0,0.0,0.0,17706,16133,21334
0.0,44.0,10.0,0.0,0.0,1.0,1.0,20376,18619,15368
0.0,32.0,16.0,0.0,0.0,1.0,0.0,23192,7736,5692
0.0,29.0,12.0,0.0,0.0,1.0,0.0,2670,4021,20712
0.0,51.0,12.0,0.0,0.0,1.0,0.0,25862,23767,25565
0.0,28.0,12.0,0.0,0.0,1.0,0.0,51,0,437
0.0,18.0,12.0,0.0,0.0,0.0,0.0,3603,201,9332
0.0,16.0,10.0,0.0,0.0,0.0,1.0,157,41,7573
0.0,22.0,9.0,0.0,0.0,1.0,1.0,11593,13395,24012
0.0,21.0,9.0,0.0,0.0,1.0,1.0,7720,8731,0
0.0,39.0,12.0,0.0,0.0,1.0,0.0,21505,22128,25049
0.0,28.0,18.0,0.0,0.0,1.0,0.0,9820,22402,25565
0.0,46.0,10.0,0.0,0.0,0.0,1.0,13356,14357,14743
0.0,53.0,12.0,0.0,0.0,1.0,0.0,25862,25244,25565
0.0,20.0,14.0,0.0,0.0,0.0,0.0,341,3001,13174
0.0,19.0,12.0,0.0,0.0,0.0,0.0,0,0,0
0.0,29.0,16.0,0.0,0.0,1.0,0.0,0,0,0
0.0,29.0,14.0,0.0,0.0,1.0,0.0,25862,25244,25565
0.0,22.0,16.0,0.0,0.0,1.0,0.0,0,0,0
0.0,54.0,12.0,0.0,0.0,0.0,0.0,0,0,0
0.0,36.0,12.0,0.0,0.0,1.0,0.0,25862,25244,3133
0.0,28.0,13.0,1.0,0.0,1.0,0.0,17171,17368,19838
0.0,53.0,11.0,0.0,0.0,1.0,1.0,0,0,0
0.0,27.0,12.0,0.0,0.0,1.0,0.0,19058,19081,11977
0.0,31.0,17.0,0.0,0.0,1.0,0.0,25862,25244,25565
0.0,30.0,16.0,0.0,0.0,1.0,0.0,24734,25244,25565
0.0,28.0,12.0,1.0,0.0,1.0,0.0,25862,23271,14298
0.0,27.0,12.0,1.0,0.0,1.0,0.0,7194,886,353
0.0,46.0,12.0,0.0,0.0,1.0,0.0,25862,25244,25565
0.0,40.0,14.0,1.0,0.0,1.0,0.0,25862,25244,25565
0.0,35.0,12.0,1.0,0.0,1.0,0.0,15459,15075,7340
0.0,55.0,8.0,1.0,0.0,1.0,1.0,10923,10509,8621
0.0,42.0,12.0,0.0,0.0,1.0,0.0,25862,25244,0
0.0,21.0,3.0,0.0,0.0,0.0,1.0,0,0,22031
0.0,36.0,12.0,0.0,0.0,1.0,0.0,25862,25244,25565
0.0,21.0,12.0,0.0,0.0,0.0,0.0,11419,16883,8026
0.0,20.0,13.0,0.0,0.0,0.0,0.0,637,1348,8602
0.0,35.0,16.0,0.0,0.0,1.0,0.0,25862,25244,25565
0.0,53.0,12.0,0.0,0.0,1.0,0.0,25862,0,6644
0.0,25.0,15.0,0.0,0.0,1.0,0.0,23061,25244,4043
0.0,37.0,12.0,0.0,0.0,1.0,0.0,25862,25244,22216
0.0,46.0,13.0,0.0,0.0,1.0,0.0,25862,25244,25565
0.0,27.0,12.0,0.0,0.0,1.0,0.0,7014,6861,18410
0.0,22.0,12.0,0.0,0.0,0.0,0.0,7768,7278,11433
0.0,30.0,12.0,0.0,0.0,1.0,0.0,25862,25244,25565
0.0,40.0,10.0,0.0,1.0,1.0,1.0,0,5027,0
0.0,31.0,11.0,0.0,0.0,1.0,1.0,16046,5110,0
0.0,55.0,10.0,0.0,1.0,1.0,1.0,16240,16754,15024
0.0,27.0,12.0,0.0,0.0,0.0,0.0,18431,17697,15995
0.0,19.0,9.0,1.0,0.0,0.0,1.0,384,0,0
0.0,30.0,11.0,0.0,1.0,1.0,1.0,16064,19149,20778
0.0,28.0,10.0,1.0,0.0,1.0,1.0,12882,14240,0
0.0,48.0,10.0,1.0,0.0,1.0,1.0,25862,25244,25565
0.0,45.0,12.0,0.0,0.0,0.0,0.0,6191,5106,5032
0.0,26.0,7.0,0.0,0.0,1.0,1.0,11989,732,15194
0.0,55.0,12.0,1.0,0.0,1.0,0.0,25862,25244,25565
0.0,51.0,8.0,0.0,1.0,1.0,1.0,25862,25244,23787
0.0,28.0,12.0,0.0,0.0,1.0,0.0,18889,18745,21986
0.0,47.0,12.0,0.0,0.0,1.0,0.0,6119,10294,1779
0.0,39.0,12.0,0.0,0.0,1.0,0.0,23850,22458,21878
0.0,23.0,11.0,0.0,0.0,1.0,1.0,4620,8033,8806
0.0,18.0,10.0,0.0,0.0,0.0,1.0,0,387,0
0.0,26.0,16.0,0.0,0.0,0.0,0.0,22559,25244,17142
0.0,21.0,15.0,0.0,0.0,0.0,0.0,3501,3010,8513
0.0,27.0,18.0,0.0,0.0,1.0,0.0,25862,25244,25565
0.0,37.0,12.0,0.0,0.0,1.0,0.0,25862,25244,25565
0.0,55.0,13.0,0.0,0.0,1.0,0.0,0,0,0
0.0,53.0,11.0,0.0,0.0,1.0,1.0,25862,25242,25565
0.0,27.0,12.0,0.0,0.0,1.0,0.0,22970,20582,21464
0.0,39.0,12.0,0.0,0.0,1.0,0.0,25862,25244,25565
0.0,36.0,11.0,0.0,0.0,1.0,1.0,25862,25242,25565
0.0,52.0,12.0,0.0,0.0,1.0,0.0,25862,25244,25565
0.0,53.0,12.0,0.0,0.0,1.0,0.0,3527,7296,2861
0.0,22.0,12.0,0.0,0.0,0.0,0.0,3687,3887,3190
0.0,26.0,14.0,0.0,0.0,1.0,0.0,10094,8146,14705
0.0,55.0,12.0,0.0,0.0,1.0,0.0,25862,25244,25565
0.0,38.0,11.0,0.0,0.0,1.0,1.0,25862,25244,25565
0.0,28.0,15.0,0.0,0.0,1.0,0.0,25862,25244,25565
0.0,49.0,14.0,0.0,0.0,1.0,0.0,25862,24205,25565
0.0,21.0,14.0,0.0,0.0,0.0,0.0,3544,3280,1634
0.0,37.0,12.0,0.0,0.0,1.0,0.0,23401,25244,25565
0.0,32.0,18.0,0.0,0.0,1.0,0.0,25862,25244,25565
0.0,21.0,15.0,0.0,0.0,0.0,0.0,0,0,11900
0.0,33.0,15.0,0.0,0.0,1.0,0.0,25862,25244,25565
0.0,33.0,12.0,0.0,0.0,1.0,0.0,25862,25244,25565
0.0,29.0,12.0,1.0,0.0,0.0,0.0,14838,13125,25565
0.0,34.0,6.0,1.0,0.0,0.0,1.0,13780,13914,13081
0.0,18.0,10.0,1.0,0.0,0.0,1.0,312,2284,8154
0.0,35.0,16.0,0.0,0.0,0.0,0.0,21718,18045,0
0.0,24.0,12.0,1.0,0.0,1.0,0.0,11675,15758,7862
0.0,18.0,12.0,0.0,0.0,0.0,0.0,776,2598,12221
0.0,28.0,18.0,0.0,0.0,1.0,0.0,25862,25244,25565
0.0,32.0,18.0,0.0,0.0,1.0,0.0,25862,25244,25565
0.0,32.0,16.0,0.0,0.0,1.0,0.0,25862,25244,25565
0.0,45.0,12.0,0.0,0.0,1.0,0.0,9788,12767,20653
0.0,32.0,10.0,1.0,0.0,0.0,1.0,0,1210,2766
0.0,37.0,11.0,0.0,0.0,1.0,1.0,25862,22390,25565
0.0,32.0,6.0,0.0,0.0,1.0,1.0,17163,18265,3972
0.0,34.0,16.0,0.0,0.0,0.0,0.0,25862,25244,17133
0.0,47.0,8.0,0.0,1.0,1.0,1.0,8062,22424,19349
0.0,43.0,12.0,0.0,1.0,1.0,0.0,25862,5432,0
0.0,35.0,12.0,0.0,0.0,1.0,0.0,7077,11426,16666
0.0,26.0,14.0,0.0,0.0,1.0,0.0,16376,17042,19599
0.0,30.0,12.0,0.0,0.0,1.0,0.0,25862,24330,20932
0.0,52.0,12.0,0.0,0.0,1.0,0.0,25862,25244,25565
0.0,22.0,15.0,0.0,0.0,0.0,0.0,6912,3554,18832
0.0,19.0,12.0,0.0,0.0,0.0,0.0,0,679,3690
0.0,30.0,16.0,0.0,0.0,1.0,0.0,21599,21731,22865
0.0,33.0,17.0,0.0,0.0,1.0,0.0,25862,25244,25565
0.0,16.0,10.0,1.0,0.0,0.0,1.0,1430,2766,6384
0.0,24.0,12.0,0.0,0.0,1.0,0.0,23838,20805,25565
0.0,51.0,12.0,0.0,0.0,1.0,0.0,9610,14554,14403
0.0,24.0,12.0,0.0,0.0,0.0,0.0,10080,8850,739
0.0,21.0,8.0,0.0,0.0,0.0,1.0,4900,465,9277
0.0,41.0,14.0,0.0,0.0,1.0,0.0,24030,25244,21830
0.0,29.0,12.0,0.0,0.0,1.0,0.0,17008,17047,22048
0.0,37.0,12.0,0.0,0.0,1.0,0.0,14222,13997,13020
0.0,50.0,12.0,0.0,0.0,1.0,0.0,25862,0,13022
0.0,29.0,16.0,0.0,0.0,1.0,0.0,0,0,0
0.0,47.0,14.0,0.0,0.0,1.0,0.0,25862,25244,25565
0.0,28.0,12.0,0.0,0.0,1.0,0.0,25862,25244,25565
0.0,31.0,12.0,0.0,0.0,1.0,0.0,25862,25244,25565
0.0,32.0,18.0,0.0,0.0,1.0,0.0,1279,3441,3391
0.0,45.0,10.0,0.0,0.0,1.0,1.0,8329,9650,8625
0.0,23.0,13.0,0.0,0.0,0.0,0.0,3274,2079,105
0.0,27.0,18.0,0.0,0.0,1.0,0.0,1469,0,0
0.0,36.0,9.0,0.0,0.0,1.0,1.0,15165,16650,18741
0.0,34.0,9.0,0.0,0.0,1.0,1.0,24849,19733,19884
0.0,33.0,17.0,0.0,0.0,1.0,0.0,12285,16748,0
0.0,27.0,16.0,0.0,0.0,1.0,0.0,0,0,0
0.0,31.0,7.0,0.0,0.0,1.0,1.0,11664,11290,11111
0.0,20.0,12.0,0.0,0.0,1.0,0.0,7655,9485,7235
0.0,25.0,16.0,0.0,0.0,1.0,0.0,13731,14605,14940
0.0,48.0,18.0,0.0,0.0,1.0,0.0,9651,784,17349
0.0,41.0,12.0,0.0,0.0,1.0,0.0,16213,15733,0
0.0,35.0,9.0,0.0,0.0,1.0,1.0,11475,9397,11087
0.0,46.0,10.0,0.0,0.0,1.0,1.0,13911,14358,12132
0.0,32.0,10.0,0.0,0.0,1.0,1.0,4146,238,8246
0.0,30.0,18.0,0.0,0.0,1.0,0.0,9720,19799,25565
0.0,19.0,12.0,0.0,0.0,1.0,0.0,2868,9396,11095
0.0,16.0,10.0,0.0,0.0,0.0,1.0,0,1078,12861
0.0,54.0,12.0,0.0,0.0,1.0,0.0,0,0,0
0.0,28.0,0.0,0.0,0.0,0.0,1.0,0,0,0
0.0,25.0,12.0,0.0,0.0,1.0,0.0,17506,16643,17616
0.0,21.0,10.0,0.0,0.0,1.0,1.0,6652,4524,6141
0.0,16.0,7.0,0.0,0.0,0.0,1.0,0,976,4729
0.0,45.0,0.0,0.0,0.0,1.0,1.0,0,764,8896
0.0,25.0,6.0,0.0,0.0,1.0,1.0,0,2916,17968
0.0,36.0,12.0,0.0,0.0,1.0,0.0,9452,14679,13339
0.0,33.0,12.0,0.0,0.0,0.0,0.0,24753,10473,17282
0.0,25.0,12.0,0.0,0.0,1.0,0.0,11517,7263,19589
0.0,27.0,14.0,0.0,0.0,1.0,0.0,14822,13991,25565
0.0,29.0,12.0,0.0,0.0,1.0,0.0,17432,18533,23156
0.0,54.0,12.0,0.0,0.0,1.0,0.0,15128,12248,13699
0.0,29.0,6.0,0.0,0.0,0.0,1.0,9843,10153,11271
0.0,21.0,15.0,0.0,0.0,0.0,0.0,1881,1896,12403
0.0,40.0,12.0,0.0,0.0,1.0,0.0,16852,961,17718
0.0,50.0,10.0,0.0,0.0,1.0,1.0,16848,25244,25565
0.0,25.0,14.0,0.0,0.0,0.0,0.0,14444,15574,0
0.0,20.0,12.0,0.0,0.0,0.0,0.0,8049,8579,6672
0.0,26.0,11.0,0.0,0.0,1.0,1.0,6640,10502,19457
0.0,24.0,12.0,0.0,0.0,0.0,0.0,10576,11044,12586
0.0,51.0,12.0,0.0,0.0,1.0,0.0,25862,25244,25565
0.0,22.0,16.0,0.0,0.0,0.0,0.0,6050,0,25545
0.0,47.0,12.0,0.0,0.0,1.0,0.0,23131,23228,23432
0.0,30.0,12.0,0.0,0.0,0.0,0.0,18686,18612,22445
0.0,36.0,12.0,0.0,0.0,1.0,0.0,5374,0,0
0.0,47.0,14.0,1.0,0.0,1.0,0.0,0,0,0
0.0,39.0,12.0,0.0,0.0,1.0,0.0,13609,13717,9871
0.0,20.0,13.0,0.0,0.0,0.0,0.0,4138,4905,0
0.0,19.0,11.0,0.0,0.0,0.0,1.0,4869,12820,10789
0.0,27.0,12.0,0.0,0.0,1.0,0.0,0,0,11574
0.0,53.0,9.0,0.0,0.0,1.0,1.0,22526,22929,24397
0.0,31.0,12.0,0.0,0.0,0.0,0.0,23979,19878,23738
0.0,16.0,9.0,0.0,0.0,0.0,1.0,0,320,3708
0.0,51.0,14.0,0.0,0.0,1.0,0.0,22345,25244,24245
0.0,32.0,12.0,0.0,0.0,1.0,0.0,1526,14451,0
0.0,26.0,16.0,0.0,0.0,1.0,0.0,10029,14412,16106
0.0,28.0,12.0,0.0,0.0,1.0,0.0,19920,16999,23486
0.0,47.0,12.0,0.0,0.0,1.0,0.0,25862,25244,25565
0.0,18.0,12.0,0.0,0.0,0.0,0.0,0,3070,5015
0.0,23.0,17.0,1.0,0.0,0.0,0.0,21552,22540,25565
0.0,51.0,12.0,0.0,0.0,1.0,0.0,20376,22110,23496
0.0,22.0,15.0,0.0,0.0,1.0,0.0,4205,4941,16249
0.0,34.0,14.0,0.0,0.0,1.0,0.0,25862,22562,22733
0.0,16.0,9.0,0.0,0.0,0.0,1.0,0,0,352
0.0,49.0,12.0,0.0,0.0,1.0,0.0,10931,24544,21489
0.0,39.0,14.0,0.0,0.0,1.0,0.0,15282,20320,25565
0.0,24.0,12.0,0.0,0.0,0.0,0.0,22271,23210,25565
0.0,48.0,16.0,0.0,0.0,1.0,0.0,11144,10140,708
0.0,34.0,11.0,0.0,0.0,1.0,1.0,12774,12103,13447
0.0,45.0,6.0,0.0,0.0,1.0,1.0,25862,25244,25565
0.0,18.0,8.0,0.0,0.0,0.0,1.0,5024,1391,6756
0.0,34.0,12.0,0.0,0.0,1.0,0.0,12100,12180,12137
0.0,44.0,8.0,0.0,0.0,1.0,1.0,23311,20386,22144
0.0,21.0,12.0,0.0,0.0,0.0,0.0,1275,1631,337
0.0,22.0,11.0,0.0,0.0,1.0,1.0,168,2046,4478
0.0,26.0,12.0,0.0,0.0,1.0,0.0,15786,14802,20533
0.0,52.0,13.0,0.0,0.0,1.0,0.0,25862,25244,25565
0.0,51.0,18.0,0.0,0.0,1.0,0.0,25862,25244,25565
0.0,19.0,12.0,0.0,0.0,0.0,0.0,3556,0,0
0.0,33.0,12.0,0.0,0.0,1.0,0.0,25862,22665,25565
0.0,43.0,14.0,0.0,0.0,1.0,0.0,10717,10692,9186
0.0,39.0,9.0,0.0,0.0,1.0,1.0,0,0,0
0.0,17.0,10.0,0.0,0.0,0.0,1.0,0,1303,7826
0.0,55.0,12.0,0.0,0.0,0.0,0.0,88,0,0
0.0,26.0,12.0,0.0,0.0,1.0,0.0,15106,15044,16855
0.0,30.0,12.0,0.0,0.0,1.0,0.0,18172,16605,18355
0.0,36.0,12.0,0.0,0.0,1.0,0.0,25862,25244,25565
0.0,43.0,12.0,0.0,0.0,1.0,0.0,18335,18693,20100
0.0,24.0,10.0,0.0,0.0,1.0,1.0,6632,0,0
0.0,48.0,12.0,0.0,0.0,1.0,0.0,25862,25244,25565
0.0,20.0,10.0,0.0,0.0,1.0,1.0,7594,5926,6635
0.0,30.0,7.0,0.0,0.0,1.0,1.0,574,2011,366
0.0,34.0,18.0,0.0,0.0,1.0,0.0,22534,25244,25565
0.0,52.0,12.0,0.0,0.0,1.0,0.0,25862,25244,0
0.0,34.0,17.0,0.0,0.0,0.0,0.0,23492,22782,25565
0.0,29.0,12.0,0.0,0.0,1.0,0.0,11280,15843,20137
0.0,31.0,10.0,0.0,0.0,1.0,1.0,13956,5681,11639
0.0,23.0,16.0,0.0,0.0,1.0,0.0,6928,14810,2752
0.0,25.0,15.0,0.0,0.0,0.0,0.0,16740,9224,16923
0.0,53.0,12.0,0.0,0.0,1.0,0.0,25862,25244,25565
0.0,20.0,12.0,0.0,0.0,0.0,0.0,5037,0,0
0.0,34.0,14.0,0.0,0.0,1.0,0.0,25862,25244,25565
0.0,30.0,10.0,0.0,0.0,1.0,1.0,14914,0,11563
0.0,34.0,12.0,0.0,0.0,1.0,0.0,25862,25244,25565
0.0,41.0,12.0,0.0,0.0,1.0,0.0,23754,23124,23846
0.0,39.0,16.0,0.0,0.0,1.0,0.0,25862,25244,25565
0.0,26.0,14.0,0.0,0.0,1.0,0.0,5662,5058,2822
0.0,27.0,14.0,0.0,1.0,0.0,0.0,0,0,10980
0.0,34.0,8.0,0.0,0.0,1.0,1.0,25862,25244,25565
0.0,50.0,12.0,0.0,0.0,1.0,0.0,24571,24243,25565
0.0,22.0,12.0,0.0,0.0,1.0,0.0,17588,24810,25565
0.0,49.0,8.0,0.0,0.0,1.0,1.0,22461,20315,12779
0.0,35.0,16.0,0.0,0.0,1.0,0.0,19689,19065,25565
0.0,25.0,15.0,0.0,0.0,1.0,0.0,15065,19400,23981
0.0,27.0,12.0,0.0,0.0,0.0,0.0,18905,18251,17223
0.0,55.0,12.0,0.0,0.0,0.0,0.0,17136,17586,17501
0.0,26.0,12.0,0.0,0.0,0.0,0.0,23341,25133,25565
0.0,49.0,12.0,0.0,0.0,1.0,0.0,0,0,0
0.0,23.0,15.0,0.0,0.0,0.0,0.0,7851,10405,17343
0.0,25.0,12.0,0.0,0.0,0.0,0.0,11217,12428,14946
0.0,34.0,16.0,0.0,0.0,1.0,0.0,25862,25244,25565
0.0,49.0,9.0,0.0,0.0,1.0,1.0,25862,25244,0
0.0,45.0,16.0,0.0,0.0,1.0,0.0,25862,25244,25565
0.0,37.0,12.0,0.0,0.0,1.0,0.0,25862,25244,25565
0.0,44.0,16.0,0.0,0.0,1.0,0.0,25862,25244,25565
0.0,36.0,12.0,0.0,0.0,1.0,0.0,25762,25018,25565
0.0,34.0,16.0,0.0,0.0,1.0,0.0,19593,6714,9991
0.0,26.0,12.0,0.0,0.0,0.0,0.0,18160,17701,18214
0.0,19.0,12.0,0.0,0.0,0.0,0.0,7104,12557,11569
0.0,23.0,16.0,0.0,0.0,1.0,0.0,0,0,0
0.0,24.0,12.0,0.0,0.0,1.0,0.0,19126,3239,25565
0.0,28.0,17.0,0.0,0.0,1.0,0.0,12539,11052,25565
0.0,28.0,16.0,0.0,0.0,1.0,0.0,22330,18029,900
0.0,24.0,11.0,0.0,0.0,1.0,1.0,22069,21955,20879
0.0,25.0,8.0,0.0,0.0,1.0,1.0,2245,6687,10193
0.0,28.0,15.0,1.0,0.0,1.0,0.0,1875,12368,9623
0.0,38.0,17.0,0.0,0.0,1.0,0.0,25862,25244,25565
0.0,32.0,5.0,1.0,0.0,0.0,1.0,13770,20413,22903
0.0,26.0,10.0,0.0,0.0,1.0,1.0,19173,20564,25565
0.0,27.0,12.0,0.0,0.0,0.0,0.0,17861,9584,17818
0.0,29.0,14.0,0.0,0.0,1.0,0.0,25862,25244,25565
0.0,28.0,12.0,0.0,0.0,1.0,0.0,0,0,0
0.0,29.0,12.0,0.0,0.0,1.0,0.0,24383,24237,25565
0.0,33.0,12.0,0.0,0.0,1.0,0.0,21638,21833,25565
0.0,35.0,13.0,0.0,0.0,1.0,0.0,8558,8509,5904
0.0,31.0,14.0,0.0,0.0,1.0,0.0,24264,22449,24421
0.0,33.0,10.0,0.0,0.0,1.0,1.0,20141,19047,10453
0.0,24.0,11.0,0.0,0.0,1.0,1.0,17195,136,25565
0.0,22.0,9.0,0.0,0.0,1.0,1.0,5684,6039,4742
0.0,41.0,11.0,0.0,0.0,1.0,1.0,18339,7460,17060
0.0,29.0,12.0,1.0,0.0,1.0,0.0,10067,15275,5577
0.0,20.0,11.0,0.0,0.0,0.0,1.0,5304,0,20614
0.0,23.0,11.0,0.0,0.0,1.0,1.0,8911,0,4183
0.0,32.0,12.0,1.0,0.0,1.0,0.0,23449,22538,25565
0.0,48.0,9.0,0.0,0.0,1.0,1.0,25862,25244,25565
0.0,50.0,10.0,0.0,0.0,1.0,1.0,25862,19019,25565
0.0,30.0,10.0,0.0,0.0,1.0,1.0,25862,25244,0
0.0,30.0,18.0,0.0,0.0,1.0,0.0,20384,21305,24637
0.0,21.0,12.0,0.0,0.0,1.0,0.0,11301,13538,21898
0.0,20.0,11.0,0.0,0.0,1.0,1.0,5823,3532,11076
0.0,55.0,10.0,0.0,0.0,1.0,1.0,18848,17223,14216
0.0,24.0,14.0,0.0,0.0,0.0,0.0,16579,19185,21434
0.0,33.0,12.0,0.0,0.0,1.0,0.0,14258,0,9298
0.0,49.0,9.0,0.0,0.0,1.0,1.0,25862,25244,22484
0.0,51.0,13.0,0.0,0.0,1.0,0.0,25862,25244,25565
0.0,53.0,14.0,0.0,0.0,1.0,0.0,25862,25244,25565
0.0,45.0,12.0,0.0,0.0,1.0,0.0,0,0,0
0.0,43.0,12.0,0.0,0.0,1.0,0.0,25862,25244,25565
0.0,46.0,12.0,0.0,0.0,1.0,0.0,22169,25244,20495
0.0,50.0,6.0,0.0,0.0,1.0,1.0,21387,16885,19896
0.0,19.0,13.0,0.0,0.0,0.0,0.0,0,610,743
0.0,21.0,13.0,0.0,0.0,0.0,0.0,13799,13286,3854
0.0,52.0,9.0,1.0,0.0,0.0,1.0,15559,21210,23246
0.0,20.0,12.0,1.0,0.0,0.0,0.0,5118,11172,12986
0.0,31.0,16.0,1.0,0.0,0.0,0.0,25862,25244,25565
0.0,27.0,17.0,1.0,0.0,1.0,0.0,5100,4748,3415
0.0,47.0,6.0,1.0,0.0,1.0,1.0,25862,25244,25565
0.0,55.0,8.0,1.0,0.0,1.0,1.0,25862,25244,25565
0.0,46.0,12.0,1.0,0.0,1.0,0.0,20639,22100,25565
0.0,29.0,13.0,0.0,0.0,1.0,0.0,204,0,3028
0.0,54.0,6.0,1.0,0.0,0.0,1.0,19418,18635,17139
0.0,25.0,14.0,0.0,0.0,0.0,0.0,22712,22207,25565
0.0,47.0,11.0,0.0,0.0,1.0,1.0,7259,5541,4782
0.0,16.0,10.0,0.0,0.0,0.0,1.0,0,0,0
0.0,25.0,5.0,0.0,0.0,1.0,1.0,18879,19434,25565
0.0,20.0,12.0,0.0,0.0,0.0,0.0,5149,12813,15092
0.0,40.0,7.0,0.0,0.0,1.0,1.0,852,12641,16548
0.0,48.0,9.0,0.0,0.0,1.0,1.0,25862,25244,25565
0.0,50.0,8.0,1.0,0.0,0.0,1.0,25862,22406,25565
0.0,23.0,14.0,1.0,0.0,0.0,0.0,300,0,3208
0.0,18.0,12.0,0.0,0.0,0.0,0.0,954,206,11622
0.0,41.0,14.0,1.0,0.0,1.0,0.0,17526,20895,25565
0.0,44.0,12.0,0.0,0.0,1.0,0.0,25862,25244,25565
0.0,16.0,10.0,0.0,0.0,0.0,1.0,0,165,8473
0.0,49.0,10.0,0.0,0.0,1.0,1.0,6893,17622,25565
0.0,17.0,9.0,0.0,0.0,0.0,1.0,0,1174,1027
0.0,21.0,12.0,0.0,0.0,0.0,0.0,3133,1719,11566
0.0,25.0,16.0,0.0,0.0,1.0,0.0,25862,25244,13883
0.0,41.0,12.0,0.0,0.0,1.0,0.0,20355,25244,0
0.0,17.0,11.0,0.0,0.0,0.0,1.0,2214,2816,14536
0.0,29.0,12.0,0.0,0.0,1.0,0.0,25862,25244,21638
0.0,39.0,12.0,0.0,0.0,1.0,0.0,25862,25244,25565
0.0,44.0,13.0,0.0,0.0,0.0,0.0,23829,22531,25565
0.0,26.0,15.0,0.0,0.0,1.0,0.0,21764,25244,22521
0.0,41.0,12.0,0.0,0.0,1.0,0.0,21928,23539,0
0.0,24.0,12.0,0.0,0.0,1.0,0.0,11720,17823,24455
0.0,40.0,8.0,0.0,0.0,1.0,1.0,24994,25244,9404
0.0,44.0,12.0,0.0,0.0,1.0,0.0,13987,13227,25565
0.0,42.0,9.0,0.0,0.0,1.0,1.0,25862,25244,25565
0.0,36.0,11.0,0.0,0.0,1.0,1.0,0,19321,25565
0.0,33.0,12.0,0.0,0.0,1.0,0.0,25862,25244,25565
0.0,28.0,12.0,0.0,0.0,1.0,0.0,25862,23566,25565
0.0,53.0,12.0,0.0,0.0,1.0,0.0,25862,25244,25565
0.0,21.0,13.0,0.0,0.0,0.0,0.0,43,7004,2981
0.0,19.0,13.0,0.0,0.0,0.0,0.0,2859,0,11014
0.0,18.0,12.0,0.0,0.0,0.0,0.0,1129,0,7730
0.0,52.0,11.0,0.0,0.0,1.0,1.0,15990,7036,21058
0.0,42.0,13.0,0.0,0.0,1.0,0.0,25862,25244,25565
0.0,23.0,11.0,0.0,0.0,0.0,1.0,16154,16899,0
0.0,26.0,12.0,0.0,0.0,1.0,0.0,15713,25244,25565
0.0,52.0,16.0,0.0,0.0,1.0,0.0,25862,20913,5332
0.0,19.0,12.0,0.0,0.0,0.0,0.0,1025,3548,3081
0.0,51.0,10.0,0.0,0.0,1.0,1.0,25862,19742,25565
0.0,38.0,12.0,0.0,0.0,1.0,0.0,21139,23908,25565
0.0,29.0,12.0,0.0,0.0,1.0,0.0,18705,10142,21668
0.0,54.0,12.0,0.0,0.0,1.0,0.0,19765,19429,18667
0.0,32.0,12.0,0.0,0.0,1.0,0.0,25862,25244,4857
0.0,47.0,14.0,0.0,0.0,1.0,0.0,19418,23636,25565
0.0,32.0,12.0,0.0,0.0,1.0,0.0,21044,21740,20928
0.0,41.0,9.0,0.0,0.0,0.0,1.0,9077,11139,5918
0.0,27.0,9.0,0.0,0.0,1.0,1.0,15037,15966,15761
0.0,25.0,10.0,0.0,0.0,1.0,1.0,13635,7793,11689
0.0,25.0,13.0,0.0,0.0,1.0,0.0,18008,16244,19476
0.0,29.0,16.0,0.0,0.0,1.0,0.0,25862,25244,25565
0.0,40.0,16.0,0.0,0.0,1.0,0.0,0,115,0
0.0,24.0,12.0,0.0,0.0,1.0,0.0,16818,16410,7239
0.0,28.0,16.0,0.0,0.0,1.0,0.0,1203,7140,16548
0.0,43.0,12.0,0.0,0.0,1.0,0.0,25862,22855,25565
0.0,26.0,15.0,0.0,0.0,1.0,0.0,19254,18902,23487
0.0,18.0,7.0,0.0,0.0,0.0,1.0,672,1509,299
0.0,47.0,13.0,0.0,0.0,0.0,0.0,25862,24583,0
0.0,52.0,12.0,0.0,0.0,0.0,0.0,24465,14865,22297
0.0,20.0,14.0,0.0,0.0,0.0,0.0,0,1255,15427
0.0,33.0,16.0,0.0,0.0,1.0,0.0,25862,25244,25565
0.0,20.0,12.0,0.0,0.0,1.0,0.0,0,0,0
0.0,30.0,12.0,0.0,0.0,1.0,0.0,25862,25190,25565
0.0,26.0,14.0,0.0,0.0,1.0,0.0,25862,25244,25565
0.0,23.0,12.0,0.0,0.0,1.0,0.0,14896,8370,0
0.0,17.0,11.0,0.0,0.0,0.0,1.0,0,696,10693
0.0,44.0,12.0,0.0,0.0,0.0,0.0,9982,825,10161
0.0,21.0,12.0,0.0,0.0,0.0,0.0,7696,7750,20802
0.0,17.0,11.0,0.0,0.0,0.0,1.0,0,1069,3535
0.0,22.0,14.0,0.0,0.0,1.0,0.0,7866,13112,14999
0.0,23.0,16.0,0.0,0.0,1.0,0.0,2326,50,0
0.0,29.0,14.0,0.0,0.0,1.0,0.0,12093,14711,16336
0.0,50.0,16.0,0.0,0.0,1.0,0.0,0,0,0
0.0,52.0,15.0,0.0,0.0,1.0,0.0,0,0,0
0.0,37.0,16.0,0.0,0.0,1.0,0.0,25862,25244,25565
0.0,29.0,18.0,0.0,0.0,1.0,0.0,22829,22930,25565
0.0,45.0,12.0,0.0,0.0,1.0,0.0,1056,1341,1422
0.0,19.0,11.0,0.0,0.0,0.0,1.0,464,790,7879
0.0,41.0,11.0,0.0,0.0,0.0,1.0,13691,12169,12462
0.0,47.0,14.0,0.0,0.0,1.0,0.0,25862,25244,25565
0.0,35.0,11.0,1.0,0.0,1.0,1.0,11297,11773,16302
0.0,37.0,8.0,0.0,0.0,1.0,1.0,21862,21230,23295
0.0,35.0,11.0,0.0,0.0,1.0,1.0,25220,25244,25565
0.0,49.0,9.0,0.0,0.0,1.0,1.0,21867,25244,25565
0.0,20.0,11.0,0.0,0.0,0.0,1.0,4344,3701,12602
0.0,32.0,12.0,0.0,0.0,1.0,0.0,24675,23047,23598
0.0,32.0,12.0,0.0,0.0,1.0,0.0,20457,22988,23144
0.0,29.0,12.0,0.0,0.0,1.0,0.0,2567,2805,0
0.0,35.0,16.0,0.0,0.0,1.0,0.0,24269,24427,25565
0.0,31.0,12.0,0.0,0.0,1.0,0.0,21256,25244,25565
0.0,18.0,12.0,0.0,0.0,1.0,0.0,5543,8588,8386
0.0,20.0,8.0,0.0,0.0,1.0,1.0,621,306,5552
0.0,20.0,9.0,0.0,1.0,0.0,1.0,341,2012,12530
0.0,29.0,12.0,0.0,0.0,1.0,0.0,15588,15805,15998
0.0,25.0,11.0,0.0,0.0,1.0,1.0,0,0,2474
0.0,24.0,8.0,0.0,1.0,0.0,1.0,1105,1991,13659
0.0,26.0,8.0,1.0,0.0,0.0,1.0,10692,8785,25127
0.0,30.0,12.0,0.0,0.0,1.0,0.0,19252,20374,24193
0.0,33.0,12.0,0.0,0.0,1.0,0.0,22722,23521,25565
0.0,26.0,12.0,0.0,0.0,1.0,0.0,20756,21498,25565
0.0,20.0,12.0,0.0,0.0,1.0,0.0,7772,7450,21021
0.0,35.0,12.0,0.0,0.0,0.0,0.0,25862,25244,25257
0.0,45.0,12.0,0.0,0.0,1.0,0.0,25862,25244,25565
0.0,42.0,12.0,0.0,0.0,1.0,0.0,21438,22148,22008
0.0,19.0,13.0,0.0,0.0,0.0,0.0,2416,5403,3913
0.0,16.0,8.0,0.0,0.0,0.0,1.0,0,0,0
0.0,48.0,12.0,0.0,0.0,1.0,0.0,11397,12044,22299
0.0,28.0,12.0,0.0,0.0,1.0,0.0,18601,13988,8923
0.0,26.0,18.0,0.0,0.0,0.0,0.0,21231,25244,25565
0.0,19.0,12.0,0.0,0.0,0.0,0.0,11575,7417,3533
0.0,23.0,14.0,0.0,0.0,0.0,0.0,0,3396,20288
0.0,21.0,15.0,0.0,0.0,0.0,0.0,0,0,0
0.0,28.0,15.0,0.0,0.0,1.0,0.0,7388,3681,3937
0.0,25.0,17.0,0.0,0.0,1.0,0.0,6716,10495,25565
0.0,32.0,12.0,0.0,0.0,1.0,0.0,25786,23894,25565
0.0,30.0,12.0,0.0,0.0,1.0,0.0,25862,19959,25565
0.0,44.0,12.0,0.0,0.0,1.0,0.0,17022,17252,16159
0.0,27.0,12.0,0.0,0.0,1.0,0.0,25800,25244,25565
0.0,33.0,18.0,0.0,0.0,1.0,0.0,19328,19464,20868
0.0,43.0,17.0,1.0,0.0,1.0,0.0,23458,25244,25565
0.0,39.0,16.0,0.0,0.0,1.0,0.0,24293,25242,0
0.0,42.0,10.0,0.0,0.0,1.0,1.0,0,8645,3406
0.0,48.0,8.0,0.0,0.0,1.0,1.0,13382,11156,13078
0.0,49.0,12.0,0.0,0.0,1.0,0.0,25862,25244,25565
0.0,16.0,9.0,0.0,0.0,0.0,1.0,0,0,3357
0.0,25.0,12.0,1.0,0.0,0.0,0.0,5394,2967,4609
0.0,22.0,11.0,1.0,0.0,1.0,1.0,9050,0,9088
0.0,27.0,11.0,1.0,0.0,0.0,1.0,19287,17053,20050
0.0,41.0,12.0,1.0,0.0,0.0,0.0,0,0,0
0.0,20.0,12.0,0.0,0.0,0.0,0.0,6334,3061,0
0.0,55.0,8.0,0.0,0.0,1.0,1.0,16834,16469,15448
0.0,51.0,12.0,0.0,0.0,1.0,0.0,25862,25244,25565
0.0,32.0,12.0,0.0,0.0,1.0,0.0,919,0,12
0.0,29.0,12.0,0.0,0.0,1.0,0.0,11199,8082,0
0.0,45.0,12.0,0.0,0.0,1.0,0.0,0,0,0
0.0,27.0,14.0,0.0,0.0,1.0,0.0,21999,4195,25565
0.0,39.0,12.0,0.0,0.0,1.0,0.0,25862,25244,25565
0.0,43.0,5.0,0.0,0.0,1.0,1.0,25862,25244,25565
0.0,25.0,12.0,0.0,0.0,1.0,0.0,14113,7809,19722
0.0,18.0,12.0,0.0,0.0,0.0,0.0,0,2426,21672
0.0,17.0,10.0,0.0,0.0,0.0,1.0,0,0,14912
0.0,41.0,12.0,0.0,0.0,1.0,0.0,20316,19525,22062
0.0,38.0,12.0,0.0,0.0,1.0,0.0,20555,20949,20805
0.0,44.0,12.0,0.0,0.0,1.0,0.0,18597,17157,25565
0.0,31.0,9.0,0.0,0.0,1.0,1.0,18356,16070,18092
0.0,49.0,12.0,0.0,0.0,1.0,0.0,25862,25244,25565
0.0,39.0,12.0,0.0,0.0,1.0,0.0,25862,25244,25095
0.0,55.0,8.0,0.0,0.0,1.0,1.0,25862,25244,25565
0.0,28.0,12.0,0.0,0.0,1.0,0.0,25862,25244,25565
0.0,37.0,14.0,0.0,0.0,0.0,0.0,5457,13454,25565
0.0,54.0,8.0,0.0,0.0,1.0,1.0,21344,9159,3331
0.0,38.0,16.0,0.0,0.0,1.0,0.0,18266,18422,24412
0.0,28.0,14.0,0.0,0.0,1.0,0.0,9871,11209,4646
0.0,29.0,12.0,0.0,0.0,1.0,0.0,21262,15542,23029
0.0,37.0,12.0,0.0,0.0,1.0,0.0,25135,25244,25565
0.0,46.0,8.0,0.0,0.0,1.0,1.0,25862,25244,25565
0.0,17.0,14.0,0.0,0.0,0.0,0.0,1781,6615,10749
0.0,50.0,8.0,0.0,0.0,1.0,1.0,25862,25244,24714
0.0,33.0,12.0,0.0,0.0,1.0,0.0,25862,25244,13356
0.0,26.0,14.0,0.0,0.0,1.0,0.0,25862,17008,25565
0.0,39.0,12.0,0.0,0.0,1.0,0.0,25862,25186,25565
0.0,34.0,12.0,0.0,0.0,1.0,0.0,23668,25244,25565
0.0,34.0,14.0,0.0,0.0,1.0,0.0,25862,25244,25565
0.0,20.0,12.0,0.0,0.0,0.0,0.0,153,2190,13016
0.0,39.0,12.0,0.0,0.0,1.0,0.0,22443,23588,25565
0.0,28.0,14.0,0.0,0.0,0.0,0.0,14205,9041,25565
0.0,27.0,16.0,0.0,0.0,1.0,0.0,17053,15902,2061
0.0,28.0,16.0,0.0,0.0,1.0,0.0,0,0,0
0.0,25.0,12.0,0.0,0.0,1.0,0.0,10778,9046,17331
0.0,26.0,0.0,0.0,0.0,0.0,1.0,0,0,921
0.0,23.0,16.0,0.0,0.0,0.0,0.0,7328,2374,12061
0.0,38.0,12.0,0.0,0.0,1.0,0.0,25862,25244,25565
0.0,37.0,12.0,0.0,0.0,1.0,0.0,25862,22782,25565
0.0,26.0,16.0,0.0,0.0,1.0,0.0,0,0,0
0.0,27.0,13.0,0.0,0.0,1.0,0.0,25862,25244,25565
0.0,38.0,18.0,0.0,0.0,1.0,0.0,0,0,0
0.0,47.0,12.0,0.0,0.0,1.0,0.0,0,0,0
0.0,18.0,12.0,0.0,0.0,0.0,0.0,2079,2852,0
0.0,19.0,12.0,0.0,0.0,0.0,0.0,0,1681,2522
0.0,31.0,12.0,0.0,0.0,1.0,0.0,0,0,0
0.0,30.0,12.0,0.0,0.0,0.0,0.0,16797,16398,19510
0.0,40.0,7.0,0.0,0.0,1.0,1.0,20839,16066,2729
0.0,17.0,10.0,0.0,0.0,0.0,1.0,2655,2698,4486
0.0,30.0,11.0,0.0,0.0,1.0,1.0,25862,21111,25565
0.0,29.0,12.0,0.0,0.0,1.0,0.0,25862,25244,25565
0.0,24.0,12.0,0.0,0.0,1.0,0.0,14955,5269,13066
0.0,38.0,12.0,0.0,0.0,1.0,0.0,16521,12604,16929
0.0,19.0,11.0,0.0,0.0,0.0,1.0,2467,0,25565
0.0,35.0,12.0,0.0,0.0,1.0,0.0,15774,14767,14918
0.0,28.0,18.0,0.0,0.0,0.0,0.0,16270,25244,25565
0.0,27.0,12.0,0.0,0.0,1.0,0.0,21211,25244,380
0.0,49.0,8.0,0.0,0.0,1.0,1.0,6460,7432,7504
0.0,52.0,16.0,0.0,0.0,1.0,0.0,25862,25244,25565
0.0,52.0,12.0,0.0,0.0,1.0,0.0,25862,25244,0
0.0,45.0,12.0,0.0,0.0,1.0,0.0,25862,25244,25565
0.0,27.0,12.0,0.0,0.0,1.0,0.0,9788,7496,14038
0.0,27.0,18.0,0.0,0.0,0.0,0.0,9375,9900,15736
0.0,30.0,12.0,0.0,0.0,0.0,0.0,17234,17438,17589
0.0,23.0,12.0,0.0,0.0,0.0,0.0,3744,935,0
0.0,18.0,12.0,0.0,0.0,0.0,0.0,0,0,2567
0.0,28.0,17.0,0.0,0.0,1.0,0.0,19075,22515,25565
0.0,34.0,16.0,0.0,0.0,1.0,0.0,25862,25244,25565
0.0,32.0,14.0,0.0,0.0,1.0,0.0,25862,25244,25565
0.0,32.0,12.0,0.0,0.0,1.0,0.0,25862,25244,25565
0.0,25.0,12.0,0.0,0.0,1.0,0.0,24732,25244,25565
0.0,55.0,12.0,0.0,0.0,1.0,0.0,23650,22934,23830
0.0,25.0,12.0,0.0,0.0,1.0,0.0,11485,19708,25565
0.0,48.0,16.0,0.0,0.0,1.0,0.0,23411,22725,21392
0.0,31.0,16.0,0.0,0.0,1.0,0.0,2243,8338,37
0.0,32.0,12.0,0.0,0.0,1.0,0.0,25862,25244,25565
0.0,27.0,16.0,0.0,0.0,1.0,0.0,17547,19044,25565
0.0,53.0,14.0,0.0,0.0,0.0,0.0,18838,18245,18743
0.0,31.0,16.0,0.0,0.0,1.0,0.0,10819,5770,3925
0.0,35.0,12.0,0.0,0.0,1.0,0.0,25862,20633,25565
0.0,54.0,16.0,0.0,0.0,1.0,0.0,24085,23426,20571
0.0,29.0,16.0,0.0,0.0,1.0,0.0,21284,19477,25565
0.0,33.0,12.0,0.0,0.0,1.0,0.0,3137,2866,17495
0.0,52.0,12.0,0.0,0.0,1.0,0.0,15786,13708,11736
0.0,17.0,11.0,0.0,0.0,0.0,1.0,2373,4241,10276
0.0,44.0,12.0,0.0,0.0,1.0,0.0,0,1801,836
0.0,16.0,9.0,0.0,0.0,0.0,1.0,1509,714,3449
0.0,19.0,11.0,0.0,0.0,0.0,1.0,1693,4823,12578
0.0,44.0,12.0,0.0,0.0,1.0,0.0,25862,9813,13039
0.0,24.0,12.0,0.0,0.0,1.0,0.0,13830,13982,15636
0.0,52.0,12.0,0.0,0.0,1.0,0.0,9387,460,0
0.0,43.0,12.0,0.0,0.0,1.0,0.0,0,0,25565
0.0,35.0,16.0,0.0,0.0,0.0,0.0,3727,5457,12635
0.0,28.0,14.0,0.0,0.0,1.0,0.0,12259,19178,25565
0.0,49.0,12.0,0.0,0.0,1.0,0.0,0,0,0
0.0,21.0,15.0,0.0,0.0,0.0,0.0,0,0,0
0.0,32.0,12.0,1.0,0.0,1.0,0.0,0,0,0
0.0,47.0,6.0,0.0,1.0,1.0,1.0,11317,9448,12140
0.0,39.0,2.0,0.0,1.0,1.0,1.0,0,3932,171
0.0,28.0,12.0,0.0,0.0,1.0,0.0,2484,2927,2416
0.0,55.0,7.0,0.0,0.0,1.0,1.0,8832,0,0
0.0,27.0,12.0,0.0,0.0,1.0,0.0,0,0,0
0.0,38.0,13.0,0.0,0.0,1.0,0.0,25862,25244,25565
0.0,46.0,12.0,0.0,0.0,1.0,0.0,25862,25244,25565
0.0,36.0,11.0,0.0,0.0,1.0,1.0,296,559,628
0.0,55.0,12.0,0.0,0.0,1.0,0.0,25862,25244,25565
0.0,29.0,16.0,0.0,0.0,1.0,0.0,25862,25244,24083
0.0,53.0,12.0,0.0,0.0,1.0,0.0,17896,12598,0
0.0,22.0,10.0,0.0,0.0,1.0,1.0,9796,11172,7330
0.0,23.0,13.0,0.0,0.0,0.0,0.0,21528,21351,24196
0.0,32.0,12.0,0.0,0.0,1.0,0.0,25862,25244,25565
0.0,16.0,10.0,0.0,0.0,0.0,1.0,794,81,21064
0.0,36.0,14.0,0.0,0.0,0.0,0.0,0,0,0
0.0,30.0,16.0,0.0,0.0,0.0,0.0,25862,25244,25565
0.0,41.0,10.0,0.0,0.0,0.0,1.0,24998,25244,21467
0.0,30.0,12.0,0.0,0.0,1.0,0.0,25862,25244,25565
0.0,33.0,12.0,0.0,0.0,1.0,0.0,25862,25244,25565
0.0,21.0,12.0,0.0,0.0,0.0,0.0,21622,25204,24813
0.0,19.0,12.0,0.0,0.0,0.0,0.0,6832,7876,16109
0.0,43.0,16.0,0.0,0.0,1.0,0.0,25862,25244,25565
0.0,49.0,12.0,0.0,0.0,1.0,0.0,21852,10171,3458
0.0,50.0,8.0,0.0,0.0,1.0,1.0,25862,25244,19502
0.0,23.0,16.0,0.0,0.0,0.0,0.0,6309,1022,4478
0.0,19.0,13.0,0.0,0.0,0.0,0.0,2457,2238,1824
0.0,17.0,11.0,0.0,0.0,0.0,1.0,0,0,968
0.0,31.0,17.0,0.0,0.0,1.0,0.0,25813,25244,25565
0.0,31.0,16.0,0.0,0.0,1.0,0.0,21865,21072,24137
0.0,29.0,14.0,0.0,0.0,1.0,0.0,25862,25244,25565
0.0,31.0,17.0,0.0,0.0,1.0,0.0,2351,2238,0
0.0,21.0,15.0,0.0,0.0,0.0,0.0,5135,5027,25565
0.0,43.0,15.0,0.0,0.0,1.0,0.0,0,0,0
0.0,46.0,8.0,0.0,0.0,1.0,1.0,25862,25244,25565
0.0,25.0,16.0,0.0,0.0,0.0,0.0,25490,25244,25565
0.0,32.0,13.0,0.0,0.0,1.0,0.0,14107,12890,14718
0.0,54.0,13.0,0.0,0.0,1.0,0.0,0,0,0
0.0,41.0,12.0,0.0,0.0,1.0,0.0,25862,25244,25565
0.0,25.0,12.0,0.0,0.0,1.0,0.0,21031,25244,25565
0.0,46.0,9.0,0.0,0.0,1.0,1.0,25862,25244,25565
0.0,49.0,10.0,0.0,0.0,1.0,1.0,22342,25244,22255
0.0,33.0,12.0,0.0,0.0,1.0,0.0,25862,25244,25565
0.0,32.0,12.0,0.0,0.0,1.0,0.0,25862,2417,1722
0.0,22.0,9.0,0.0,0.0,1.0,1.0,0,0,0
0.0,52.0,8.0,0.0,0.0,1.0,1.0,17829,16292,3029
0.0,25.0,13.0,0.0,0.0,1.0,0.0,17457,15732,18826
0.0,33.0,8.0,0.0,0.0,1.0,1.0,17614,17200,18520
0.0,16.0,10.0,0.0,0.0,0.0,1.0,0,190,2137
0.0,29.0,12.0,0.0,0.0,1.0,0.0,15002,12339,15225
0.0,46.0,12.0,0.0,0.0,1.0,0.0,16475,16498,19295
0.0,31.0,12.0,0.0,0.0,1.0,0.0,21613,21350,21167
0.0,50.0,12.0,0.0,0.0,1.0,0.0,14379,11664,8135
0.0,16.0,10.0,0.0,0.0,0.0,1.0,0,0,4699
0.0,36.0,9.0,0.0,0.0,1.0,1.0,10572,5822,12909
0.0,23.0,12.0,0.0,0.0,1.0,0.0,25862,6107,25565
0.0,23.0,16.0,0.0,0.0,1.0,0.0,3127,14564,23121
0.0,38.0,16.0,0.0,0.0,1.0,0.0,17633,22046,25565
0.0,25.0,12.0,0.0,0.0,0.0,0.0,9504,17975,0
0.0,53.0,7.0,0.0,0.0,1.0,1.0,0,0,0
0.0,29.0,13.0,0.0,0.0,1.0,0.0,25474,24021,25565
0.0,25.0,13.0,0.0,0.0,1.0,0.0,23970,18564,13237
0.0,23.0,12.0,0.0,0.0,1.0,0.0,20651,24313,20224
0.0,46.0,8.0,0.0,0.0,1.0,1.0,22804,24515,25565
0.0,18.0,11.0,0.0,0.0,0.0,1.0,0,534,25565
0.0,29.0,18.0,0.0,0.0,1.0,0.0,12420,24171,25565
0.0,35.0,12.0,0.0,0.0,1.0,0.0,25862,25244,25565
0.0,34.0,12.0,0.0,0.0,1.0,0.0,25862,25244,25565
0.0,28.0,18.0,0.0,0.0,1.0,0.0,8380,15549,25565
0.0,22.0,12.0,0.0,0.0,1.0,0.0,13413,12394,20972
0.0,40.0,14.0,0.0,0.0,0.0,0.0,21987,0,25565
0.0,33.0,9.0,0.0,0.0,1.0,1.0,25275,20297,22535
0.0,31.0,18.0,0.0,0.0,1.0,0.0,22951,25244,25565
0.0,44.0,10.0,0.0,0.0,1.0,1.0,21203,21987,25565
0.0,20.0,12.0,0.0,0.0,0.0,0.0,7510,16634,15393
0.0,23.0,16.0,0.0,0.0,1.0,0.0,17733,19758,25565
0.0,48.0,10.0,0.0,0.0,1.0,1.0,23027,18458,20431
0.0,20.0,13.0,0.0,0.0,0.0,0.0,10278,14777,1838
0.0,39.0,12.0,0.0,0.0,1.0,0.0,0,0,0
0.0,38.0,12.0,0.0,0.0,1.0,0.0,16458,23851,24269
0.0,30.0,12.0,0.0,0.0,1.0,0.0,0,0,0
0.0,45.0,12.0,0.0,0.0,1.0,0.0,25862,25244,25565
0.0,18.0,12.0,0.0,0.0,0.0,0.0,0,1729,2817
0.0,29.0,12.0,0.0,0.0,1.0,0.0,25862,23306,25565
0.0,28.0,13.0,0.0,0.0,0.0,0.0,17204,16319,25565
0.0,20.0,11.0,0.0,0.0,1.0,1.0,12347,12629,12299
0.0,23.0,16.0,0.0,0.0,0.0,0.0,582,3309,10666
0.0,18.0,12.0,0.0,0.0,0.0,0.0,6628,7992,12185
0.0,30.0,12.0,0.0,0.0,0.0,0.0,19009,18922,20267
0.0,28.0,12.0,0.0,0.0,1.0,0.0,12265,10545,13676
0.0,47.0,8.0,0.0,0.0,1.0,1.0,313,394,17490
0.0,17.0,11.0,0.0,0.0,0.0,1.0,1562,2478,14264
0.0,31.0,18.0,0.0,0.0,0.0,0.0,0,0,0
0.0,27.0,16.0,0.0,0.0,1.0,0.0,17089,16387,18365
0.0,36.0,12.0,0.0,0.0,1.0,0.0,22537,8425,2366
0.0,32.0,14.0,0.0,0.0,1.0,0.0,24217,24329,22943
0.0,43.0,12.0,0.0,0.0,1.0,0.0,25862,25244,25565
0.0,16.0,9.0,0.0,0.0,0.0,1.0,0,0,9443
0.0,35.0,12.0,0.0,0.0,1.0,0.0,19193,25244,20008
0.0,16.0,9.0,0.0,0.0,0.0,1.0,0,97,0
0.0,36.0,12.0,0.0,0.0,1.0,0.0,22526,25244,25565
0.0,22.0,14.0,0.0,0.0,0.0,0.0,1150,3543,18234
0.0,23.0,14.0,0.0,0.0,1.0,0.0,7326,4510,25565
0.0,36.0,16.0,0.0,0.0,1.0,0.0,25862,25244,25565
0.0,51.0,12.0,0.0,0.0,1.0,0.0,10635,3880,20036
0.0,41.0,17.0,0.0,0.0,1.0,0.0,25862,25244,25565
0.0,16.0,10.0,0.0,0.0,0.0,1.0,0,670,3805
0.0,19.0,12.0,0.0,0.0,0.0,0.0,9175,13617,23468
0.0,23.0,15.0,0.0,0.0,1.0,0.0,8213,21756,25565
0.0,36.0,9.0,1.0,0.0,1.0,1.0,13256,8457,0
0.0,23.0,12.0,0.0,0.0,1.0,0.0,25862,19946,25565
0.0,19.0,12.0,0.0,0.0,1.0,0.0,2412,7460,16641
0.0,31.0,8.0,0.0,0.0,1.0,1.0,19851,20827,12156
0.0,42.0,11.0,0.0,0.0,1.0,1.0,25862,25244,25565
0.0,21.0,9.0,0.0,0.0,0.0,1.0,1522,100,0
0.0,20.0,11.0,0.0,0.0,1.0,1.0,2288,11463,11257
0.0,24.0,12.0,0.0,0.0,0.0,0.0,24569,19140,83
0.0,25.0,13.0,0.0,0.0,0.0,0.0,2682,0,10576
0.0,28.0,12.0,0.0,0.0,1.0,0.0,13925,13386,11383
0.0,54.0,14.0,0.0,0.0,1.0,0.0,25862,25244,25565
0.0,25.0,12.0,0.0,0.0,1.0,0.0,20572,9528,21236
0.0,31.0,13.0,0.0,0.0,1.0,0.0,20858,19882,23916
0.0,34.0,12.0,0.0,0.0,1.0,0.0,23108,22397,0
0.0,54.0,7.0,0.0,0.0,1.0,1.0,25862,20191,18968
0.0,26.0,18.0,0.0,0.0,0.0,0.0,25862,25244,25565
0.0,46.0,8.0,0.0,0.0,1.0,1.0,15037,16688,17972
0.0,38.0,13.0,0.0,0.0,1.0,0.0,20318,20900,21556
0.0,29.0,12.0,0.0,0.0,1.0,0.0,21910,24123,0
0.0,25.0,10.0,0.0,0.0,1.0,1.0,16957,17479,14545
0.0,25.0,13.0,0.0,0.0,1.0,0.0,25862,25244,25565
0.0,31.0,14.0,0.0,0.0,1.0,0.0,23231,23405,10043
0.0,55.0,9.0,0.0,0.0,1.0,1.0,19038,17382,18769
0.0,25.0,13.0,0.0,0.0,0.0,0.0,9483,7750,8299
0.0,54.0,14.0,0.0,0.0,1.0,0.0,25862,25244,25565
0.0,22.0,12.0,0.0,0.0,1.0,0.0,15282,15307,15368
0.0,24.0,12.0,0.0,0.0,1.0,0.0,17251,16457,17564
0.0,44.0,12.0,0.0,0.0,1.0,0.0,18051,20956,24059
0.0,17.0,11.0,0.0,0.0,0.0,1.0,3335,7262,4980
0.0,40.0,12.0,0.0,0.0,1.0,0.0,25862,25244,25565
0.0,20.0,12.0,0.0,0.0,1.0,0.0,10692,12348,5912
0.0,23.0,11.0,0.0,0.0,1.0,1.0,9740,12622,11862
0.0,29.0,12.0,0.0,0.0,1.0,0.0,19920,14686,15600
0.0,34.0,11.0,0.0,0.0,0.0,1.0,24606,25244,25565
0.0,43.0,12.0,0.0,0.0,1.0,0.0,23717,23351,24189
0.0,55.0,12.0,0.0,0.0,1.0,0.0,6223,5947,4170
0.0,43.0,12.0,0.0,0.0,1.0,0.0,25862,23847,0
0.0,16.0,9.0,0.0,0.0,0.0,1.0,0,168,1074
0.0,48.0,8.0,0.0,0.0,1.0,1.0,14630,19914,22299
0.0,45.0,16.0,0.0,0.0,1.0,0.0,25862,23136,24907
0.0,24.0,11.0,0.0,0.0,1.0,1.0,17528,17264,19142
0.0,54.0,12.0,0.0,0.0,1.0,0.0,13484,11390,14621
0.0,29.0,12.0,0.0,0.0,1.0,0.0,19585,18422,21000
0.0,33.0,12.0,0.0,0.0,0.0,0.0,4892,19475,23502
0.0,28.0,12.0,0.0,0.0,1.0,0.0,25862,25244,25565
0.0,41.0,8.0,0.0,0.0,1.0,1.0,25862,25244,17083
0.0,44.0,12.0,0.0,0.0,1.0,0.0,21466,17533,25565
0.0,33.0,12.0,0.0,0.0,1.0,0.0,25455,23242,25565
0.0,53.0,12.0,0.0,0.0,1.0,0.0,25862,25244,25565
0.0,46.0,12.0,0.0,0.0,1.0,0.0,15696,19541,1930
0.0,21.0,12.0,0.0,0.0,0.0,0.0,4183,7228,12039
0.0,24.0,13.0,0.0,0.0,1.0,0.0,15608,15083,15744
0.0,26.0,12.0,0.0,0.0,1.0,0.0,5496,7305,25565
0.0,25.0,14.0,0.0,0.0,1.0,0.0,16760,16514,17650
0.0,26.0,12.0,0.0,0.0,1.0,0.0,16307,5187,16047
0.0,34.0,12.0,0.0,0.0,1.0,0.0,14740,9089,9639
0.0,32.0,12.0,0.0,0.0,1.0,0.0,19550,18442,18668
0.0,35.0,10.0,0.0,0.0,1.0,1.0,14685,13637,17588
0.0,36.0,12.0,0.0,0.0,1.0,0.0,12694,12360,3656
0.0,44.0,12.0,0.0,0.0,1.0,0.0,8270,8359,12611
0.0,53.0,10.0,0.0,0.0,1.0,1.0,9499,7034,13666
0.0,46.0,16.0,0.0,0.0,1.0,0.0,25862,4116,7485
0.0,50.0,12.0,0.0,0.0,1.0,0.0,16540,13019,13870
0.0,17.0,9.0,0.0,0.0,0.0,1.0,357,0,6849
0.0,46.0,8.0,0.0,0.0,1.0,1.0,25862,25244,12562
0.0,25.0,14.0,0.0,0.0,1.0,0.0,11891,17132,18071
0.0,50.0,12.0,0.0,0.0,1.0,0.0,22099,22830,16407
0.0,53.0,10.0,0.0,0.0,1.0,1.0,25862,25244,25565
0.0,31.0,12.0,0.0,0.0,1.0,0.0,0,0,0
0.0,34.0,12.0,0.0,0.0,1.0,0.0,20774,22025,22985
0.0,34.0,8.0,0.0,0.0,1.0,1.0,16597,16854,16686
0.0,27.0,12.0,0.0,0.0,1.0,0.0,17867,15610,19448
0.0,28.0,12.0,0.0,0.0,1.0,0.0,24957,25244,23245
0.0,54.0,12.0,0.0,0.0,1.0,0.0,20682,23591,6468
0.0,46.0,8.0,0.0,0.0,1.0,1.0,25382,23172,21898
0.0,17.0,10.0,1.0,0.0,0.0,1.0,5651,7795,17975
0.0,27.0,11.0,1.0,0.0,1.0,1.0,13492,12233,10925
0.0,51.0,12.0,0.0,0.0,1.0,0.0,25862,25244,25565
0.0,36.0,12.0,0.0,0.0,1.0,0.0,4009,2643,47
0.0,33.0,12.0,0.0,0.0,0.0,0.0,9011,12133,11823
0.0,35.0,12.0,0.0,0.0,1.0,0.0,18409,15880,20115
0.0,49.0,4.0,1.0,0.0,1.0,1.0,25862,25244,25565
0.0,55.0,6.0,0.0,1.0,1.0,1.0,25137,24069,25565
0.0,32.0,18.0,0.0,0.0,0.0,0.0,0,428,0
0.0,43.0,12.0,0.0,0.0,1.0,0.0,682,646,497
0.0,40.0,15.0,0.0,0.0,1.0,0.0,25862,25244,25565
0.0,42.0,12.0,0.0,0.0,1.0,0.0,19624,18750,19450
0.0,51.0,12.0,0.0,0.0,1.0,0.0,20384,19214,18789
0.0,42.0,11.0,0.0,0.0,1.0,1.0,15586,8860,21780
0.0,18.0,12.0,0.0,0.0,0.0,0.0,4847,10096,15015
0.0,42.0,12.0,0.0,0.0,1.0,0.0,25862,25244,25565
0.0,53.0,8.0,0.0,0.0,1.0,1.0,0,25244,16231
0.0,32.0,12.0,0.0,0.0,1.0,0.0,7300,19307,9454
0.0,27.0,12.0,0.0,1.0,1.0,0.0,17722,18832,18965
0.0,50.0,7.0,0.0,0.0,1.0,1.0,20325,20693,22061
0.0,20.0,12.0,0.0,0.0,0.0,0.0,2902,756,6303
0.0,19.0,10.0,0.0,0.0,0.0,1.0,1050,0,10876
0.0,18.0,10.0,0.0,0.0,1.0,1.0,4518,3983,14364
0.0,30.0,12.0,1.0,0.0,1.0,0.0,21303,20050,0
0.0,44.0,15.0,0.0,0.0,1.0,0.0,0,0,0
0.0,30.0,16.0,0.0,0.0,1.0,0.0,24422,23740,25565
0.0,21.0,12.0,0.0,0.0,0.0,0.0,10674,15354,21024
0.0,20.0,12.0,0.0,0.0,1.0,0.0,12044,14946,22427
0.0,27.0,12.0,0.0,0.0,0.0,0.0,20784,1631,9214
0.0,22.0,12.0,0.0,0.0,1.0,0.0,15978,17334,8850
0.0,26.0,16.0,0.0,0.0,1.0,0.0,23319,21359,25565
0.0,49.0,10.0,1.0,0.0,0.0,1.0,16115,15021,0
0.0,53.0,8.0,0.0,1.0,1.0,1.0,25862,18345,25565
0.0,18.0,12.0,0.0,1.0,0.0,0.0,3041,25,10182
0.0,38.0,8.0,0.0,1.0,1.0,1.0,8634,12090,10753
0.0,54.0,12.0,0.0,0.0,1.0,0.0,25862,25244,25565
0.0,16.0,7.0,0.0,1.0,0.0,1.0,0,3751,11770
0.0,47.0,12.0,0.0,1.0,1.0,0.0,2091,1638,7244
0.0,51.0,14.0,0.0,1.0,1.0,0.0,14902,16713,17547
0.0,48.0,13.0,0.0,1.0,1.0,0.0,9628,6850,0
0.0,28.0,15.0,0.0,1.0,1.0,0.0,25059,25244,0
0.0,52.0,12.0,0.0,0.0,1.0,0.0,25862,22540,20629
0.0,27.0,16.0,0.0,1.0,1.0,0.0,24892,21887,25169
0.0,20.0,12.0,1.0,0.0,0.0,0.0,7392,12396,17765
0.0,21.0,13.0,0.0,1.0,1.0,0.0,20964,19642,25565
0.0,51.0,16.0,1.0,0.0,1.0,0.0,6127,7609,2500
0.0,50.0,18.0,1.0,0.0,1.0,0.0,25862,25244,0
0.0,36.0,13.0,1.0,0.0,1.0,0.0,17763,13057,18358
0.0,25.0,12.0,1.0,0.0,1.0,0.0,296,6943,461
0.0,38.0,17.0,0.0,1.0,1.0,0.0,23705,19967,13075
0.0,55.0,12.0,0.0,1.0,1.0,0.0,18237,14298,10096
0.0,30.0,6.0,1.0,0.0,0.0,1.0,15629,11349,12880
0.0,19.0,12.0,1.0,0.0,0.0,0.0,5073,16716,11436
0.0,21.0,12.0,0.0,0.0,0.0,0.0,0,0,0
0.0,40.0,6.0,0.0,1.0,1.0,1.0,19985,18619,10112
0.0,49.0,12.0,0.0,1.0,1.0,0.0,15600,12792,8525
0.0,19.0,11.0,0.0,1.0,0.0,1.0,8388,8669,0
0.0,29.0,16.0,0.0,0.0,1.0,0.0,25862,25244,25565
0.0,51.0,15.0,0.0,1.0,1.0,0.0,6354,16526,22931
0.0,43.0,12.0,1.0,0.0,1.0,0.0,19169,15751,16358
0.0,34.0,12.0,1.0,0.0,1.0,0.0,24189,24932,25565
0.0,42.0,12.0,1.0,0.0,1.0,0.0,25862,24857,25565
0.0,34.0,9.0,0.0,1.0,1.0,1.0,15690,10046,10282
0.0,39.0,12.0,0.0,0.0,1.0,0.0,0,0,0
0.0,29.0,13.0,0.0,0.0,1.0,0.0,25576,1541,0
0.0,39.0,13.0,0.0,0.0,1.0,0.0,9965,2,0
0.0,25.0,12.0,0.0,0.0,1.0,0.0,13109,13191,6351
0.0,25.0,9.0,0.0,1.0,1.0,1.0,1397,6211,2036
0.0,53.0,12.0,0.0,0.0,1.0,0.0,16905,17296,20187
0.0,47.0,12.0,0.0,0.0,1.0,0.0,0,0,0
0.0,44.0,12.0,0.0,0.0,1.0,0.0,25862,25244,25565
0.0,18.0,11.0,0.0,0.0,0.0,1.0,3946,3767,8150
0.0,28.0,14.0,0.0,0.0,1.0,0.0,14649,16963,25565
0.0,48.0,15.0,0.0,0.0,1.0,0.0,25543,24961,25565
0.0,21.0,14.0,0.0,0.0,0.0,0.0,14473,4719,19308
0.0,29.0,13.0,0.0,0.0,1.0,0.0,25862,21602,25565
0.0,33.0,16.0,0.0,0.0,1.0,0.0,25862,25244,25565
0.0,42.0,12.0,0.0,0.0,1.0,0.0,25862,27,25565
0.0,37.0,15.0,0.0,0.0,1.0,0.0,19030,16886,15920
0.0,35.0,12.0,0.0,0.0,1.0,0.0,21587,22068,25565
0.0,40.0,8.0,0.0,0.0,1.0,1.0,15427,16031,21328
0.0,19.0,10.0,0.0,0.0,0.0,1.0,0,0,18244
0.0,35.0,12.0,0.0,0.0,1.0,0.0,25862,21769,25565
0.0,54.0,5.0,0.0,0.0,1.0,1.0,15815,10080,23852
0.0,18.0,10.0,0.0,0.0,0.0,1.0,874,530,5224
0.0,31.0,14.0,0.0,0.0,0.0,0.0,19606,22478,0
0.0,21.0,12.0,0.0,0.0,0.0,0.0,0,3332,15104
0.0,18.0,10.0,0.0,0.0,0.0,1.0,71,2306,8024
0.0,45.0,11.0,0.0,0.0,1.0,1.0,15500,15585,0
0.0,54.0,8.0,1.0,0.0,1.0,1.0,20147,23049,25516
0.0,25.0,16.0,0.0,0.0,0.0,0.0,25057,25244,25565
0.0,33.0,15.0,0.0,0.0,1.0,0.0,0,0,9817
0.0,33.0,9.0,0.0,0.0,1.0,1.0,21229,22510,25565
0.0,32.0,12.0,0.0,0.0,1.0,0.0,3072,6393,8976
0.0,34.0,12.0,0.0,0.0,1.0,0.0,23196,21946,25565
0.0,21.0,10.0,1.0,0.0,0.0,1.0,8039,13825,0
0.0,24.0,12.0,1.0,0.0,0.0,0.0,566,0,2285
0.0,20.0,10.0,0.0,0.0,1.0,1.0,14220,13252,13059
0.0,22.0,12.0,0.0,0.0,0.0,0.0,8233,0,13543
0.0,21.0,12.0,0.0,0.0,1.0,0.0,21965,21957,25565
0.0,22.0,12.0,0.0,0.0,1.0,0.0,10984,10334,16707
0.0,18.0,9.0,1.0,0.0,0.0,1.0,1183,1823,804
0.0,33.0,16.0,0.0,0.0,1.0,0.0,25862,25244,25565
0.0,28.0,16.0,0.0,0.0,1.0,0.0,23680,23630,25565
0.0,29.0,16.0,0.0,0.0,1.0,0.0,23672,24416,25565
0.0,34.0,15.0,1.0,0.0,1.0,0.0,21240,18977,9919
0.0,36.0,16.0,0.0,0.0,0.0,0.0,25862,25244,25565
0.0,29.0,16.0,0.0,0.0,1.0,0.0,25862,25244,25565
0.0,28.0,12.0,0.0,0.0,1.0,0.0,25819,25244,25565
0.0,24.0,16.0,0.0,0.0,0.0,0.0,12140,14242,13189
0.0,38.0,12.0,0.0,0.0,1.0,0.0,24644,20766,19677
0.0,47.0,12.0,0.0,0.0,1.0,0.0,25566,20592,19209
0.0,38.0,12.0,0.0,0.0,1.0,0.0,4700,8839,1425
0.0,39.0,18.0,0.0,0.0,1.0,0.0,25862,25244,25565
0.0,26.0,12.0,1.0,0.0,0.0,0.0,0,1448,0
0.0,24.0,12.0,1.0,0.0,0.0,0.0,1879,0,0
0.0,17.0,11.0,0.0,0.0,0.0,1.0,1207,1665,1213
0.0,35.0,12.0,0.0,0.0,1.0,0.0,25026,23759,25565
0.0,32.0,16.0,0.0,0.0,1.0,0.0,25862,25244,12734
0.0,22.0,9.0,0.0,0.0,1.0,1.0,14796,5536,5556
0.0,51.0,7.0,0.0,0.0,1.0,1.0,24420,1370,0
0.0,36.0,12.0,0.0,0.0,1.0,0.0,25565,11156,12933
0.0,27.0,10.0,0.0,0.0,1.0,1.0,15919,15275,17728
0.0,29.0,12.0,0.0,0.0,0.0,0.0,22824,13333,25565
0.0,24.0,10.0,0.0,0.0,1.0,1.0,4659,8495,9338
0.0,26.0,12.0,0.0,0.0,0.0,0.0,9640,12002,11247
0.0,29.0,17.0,0.0,0.0,1.0,0.0,21058,23031,25565
0.0,25.0,16.0,0.0,0.0,1.0,0.0,10937,13089,22362
0.0,31.0,17.0,0.0,0.0,0.0,0.0,13337,9107,7052
0.0,28.0,12.0,0.0,0.0,0.0,0.0,20931,19704,0
0.0,51.0,10.0,0.0,0.0,1.0,1.0,0,0,0
0.0,55.0,6.0,0.0,0.0,0.0,1.0,0,0,0
0.0,28.0,12.0,0.0,0.0,1.0,0.0,11901,11313,25565
0.0,29.0,12.0,0.0,1.0,0.0,0.0,16215,25244,25565
0.0,29.0,17.0,0.0,0.0,0.0,0.0,3205,7494,21556
0.0,27.0,18.0,0.0,0.0,1.0,0.0,22277,16016,25565
0.0,27.0,13.0,0.0,0.0,1.0,0.0,25862,25244,25565
0.0,36.0,12.0,0.0,1.0,1.0,0.0,18541,19624,25565
0.0,43.0,14.0,0.0,0.0,1.0,0.0,24667,22102,19674
0.0,16.0,9.0,0.0,0.0,0.0,1.0,0,702,5408
0.0,17.0,10.0,0.0,0.0,0.0,1.0,0,3146,0
0.0,24.0,12.0,0.0,1.0,0.0,0.0,7038,24527,25565
0.0,19.0,12.0,0.0,0.0,0.0,0.0,815,965,12060
0.0,29.0,16.0,1.0,0.0,0.0,0.0,4320,3108,0
0.0,25.0,16.0,0.0,0.0,1.0,0.0,25862,25244,20348
0.0,35.0,14.0,0.0,0.0,1.0,0.0,15921,18367,0
0.0,29.0,13.0,0.0,0.0,1.0,0.0,25862,12731,18854
0.0,27.0,12.0,0.0,0.0,1.0,0.0,25862,25244,3722
0.0,30.0,12.0,0.0,0.0,1.0,0.0,25862,25054,25565
0.0,26.0,13.0,1.0,0.0,1.0,0.0,8417,15785,25565
0.0,27.0,14.0,0.0,0.0,1.0,0.0,25862,25244,25565
0.0,24.0,16.0,0.0,0.0,1.0,0.0,4493,7356,1433
0.0,25.0,15.0,0.0,0.0,1.0,0.0,24687,24706,25565
0.0,27.0,14.0,1.0,0.0,1.0,0.0,0,0,0
0.0,40.0,10.0,1.0,0.0,0.0,1.0,16871,18521,25565
0.0,33.0,18.0,0.0,0.0,1.0,0.0,21186,21582,24317
0.0,50.0,6.0,0.0,0.0,1.0,1.0,15053,15157,14789
0.0,24.0,12.0,1.0,0.0,0.0,0.0,4802,0,8853
0.0,54.0,6.0,1.0,0.0,1.0,1.0,14597,13427,12346
0.0,17.0,12.0,0.0,0.0,0.0,0.0,0,1780,16586
0.0,54.0,8.0,0.0,0.0,1.0,1.0,19604,13119,18383
0.0,21.0,12.0,0.0,0.0,1.0,0.0,9924,13316,5923
0.0,21.0,12.0,0.0,0.0,1.0,0.0,11109,13307,14164
0.0,33.0,18.0,0.0,0.0,0.0,0.0,25862,18120,5760
0.0,47.0,12.0,0.0,0.0,1.0,0.0,25862,24490,25565
0.0,19.0,12.0,0.0,0.0,0.0,0.0,0,4383,8980
0.0,30.0,12.0,0.0,0.0,0.0,0.0,18952,14750,20308
0.0,33.0,12.0,0.0,0.0,1.0,0.0,25862,25244,25565
0.0,52.0,13.0,1.0,0.0,0.0,0.0,0,0,0
0.0,28.0,12.0,1.0,0.0,1.0,0.0,0,0,0
0.0,22.0,10.0,1.0,0.0,0.0,1.0,0,0,0
0.0,39.0,12.0,1.0,0.0,1.0,0.0,25862,25244,25565
0.0,37.0,16.0,0.0,0.0,1.0,0.0,6172,7100,22742
0.0,50.0,8.0,0.0,0.0,1.0,1.0,25862,25244,25565
0.0,30.0,13.0,0.0,0.0,1.0,0.0,25343,22302,23577
0.0,24.0,16.0,0.0,0.0,0.0,0.0,2253,1586,12200
0.0,23.0,12.0,0.0,0.0,0.0,0.0,14028,14895,12324
0.0,22.0,9.0,0.0,0.0,1.0,1.0,7296,9449,10428
0.0,46.0,11.0,0.0,0.0,0.0,1.0,25231,24501,22424
0.0,27.0,12.0,0.0,0.0,1.0,0.0,17931,15409,14915
0.0,28.0,13.0,0.0,0.0,1.0,0.0,0,802,25565
0.0,39.0,13.0,0.0,0.0,1.0,0.0,23215,25244,11467
0.0,31.0,17.0,0.0,0.0,1.0,0.0,25862,25244,25565
0.0,21.0,13.0,0.0,0.0,0.0,0.0,12790,6207,13727
0.0,26.0,12.0,0.0,1.0,1.0,0.0,23031,21412,0
0.0,26.0,12.0,0.0,1.0,1.0,0.0,14765,25244,25565
0.0,51.0,12.0,0.0,0.0,1.0,0.0,9457,5856,0
0.0,17.0,8.0,0.0,1.0,0.0,1.0,6534,8060,3080
0.0,25.0,16.0,0.0,0.0,1.0,0.0,3711,2113,14557
0.0,29.0,15.0,0.0,1.0,1.0,0.0,0,0,0
0.0,47.0,16.0,0.0,0.0,1.0,0.0,25862,25244,25565
0.0,28.0,18.0,0.0,0.0,1.0,0.0,0,3550,16438
0.0,38.0,18.0,0.0,0.0,1.0,0.0,1170,0,0
0.0,35.0,16.0,0.0,0.0,0.0,0.0,24687,25244,25565
0.0,23.0,15.0,0.0,0.0,1.0,0.0,0,0,21427
0.0,18.0,10.0,1.0,0.0,0.0,1.0,607,1806,4154
0.0,18.0,12.0,0.0,0.0,0.0,0.0,151,0,3829
0.0,21.0,12.0,0.0,0.0,1.0,0.0,10284,6739,7068
0.0,52.0,3.0,0.0,0.0,1.0,1.0,18934,17807,25565
0.0,55.0,8.0,1.0,0.0,1.0,1.0,15592,14709,12252
0.0,31.0,12.0,0.0,0.0,1.0,0.0,25862,15583,25565
0.0,27.0,12.0,0.0,0.0,0.0,0.0,1066,2394,1212
0.0,29.0,16.0,0.0,0.0,1.0,0.0,25862,25244,8135
0.0,26.0,12.0,0.0,0.0,1.0,0.0,13125,13728,6855
0.0,35.0,16.0,0.0,0.0,1.0,0.0,0,25244,25565
0.0,21.0,12.0,0.0,0.0,1.0,0.0,14344,13433,2530
0.0,43.0,12.0,0.0,1.0,1.0,0.0,8250,21437,15476
0.0,28.0,18.0,0.0,0.0,0.0,0.0,25862,25244,25565
0.0,38.0,13.0,0.0,0.0,1.0,0.0,25862,22209,24885
0.0,16.0,10.0,0.0,0.0,0.0,1.0,3221,1636,10671
0.0,55.0,16.0,0.0,0.0,1.0,0.0,0,3513,16794
0.0,52.0,8.0,0.0,0.0,1.0,1.0,0,0,0
0.0,36.0,12.0,0.0,0.0,1.0,0.0,13991,19180,10690
0.0,41.0,10.0,0.0,0.0,1.0,1.0,23660,21874,21935
0.0,25.0,16.0,0.0,0.0,0.0,0.0,20263,19199,25565
0.0,30.0,16.0,0.0,0.0,1.0,0.0,12894,22964,25565
0.0,54.0,10.0,0.0,0.0,1.0,1.0,21999,19982,25565
0.0,53.0,7.0,0.0,0.0,1.0,1.0,165,251,0
0.0,17.0,11.0,0.0,0.0,0.0,1.0,3862,6452,19983
0.0,16.0,10.0,0.0,0.0,0.0,1.0,0,2412,20455
0.0,40.0,11.0,0.0,0.0,1.0,1.0,25862,25244,25565
0.0,55.0,12.0,0.0,0.0,1.0,0.0,25862,25244,25565
0.0,30.0,16.0,0.0,0.0,0.0,0.0,9293,11440,15809
0.0,44.0,9.0,0.0,0.0,1.0,1.0,21044,16297,21835
0.0,31.0,16.0,0.0,0.0,1.0,0.0,18215,18159,21538
0.0,32.0,18.0,0.0,0.0,1.0,0.0,25862,25244,25565
0.0,36.0,14.0,0.0,0.0,1.0,0.0,22724,25244,0
0.0,29.0,15.0,0.0,0.0,1.0,0.0,21395,21394,25565
0.0,29.0,12.0,0.0,0.0,1.0,0.0,25862,25244,25565
0.0,44.0,10.0,0.0,0.0,1.0,1.0,24687,22746,25565
0.0,21.0,12.0,0.0,0.0,0.0,0.0,0,3736,9725
0.0,35.0,13.0,0.0,0.0,1.0,0.0,25862,25244,25565
0.0,37.0,4.0,0.0,0.0,1.0,1.0,0,0,4350
0.0,31.0,14.0,0.0,0.0,1.0,0.0,25862,3624,0
0.0,40.0,7.0,0.0,0.0,0.0,1.0,13770,12738,13004
0.0,26.0,11.0,0.0,0.0,1.0,1.0,3135,6572,5735
0.0,26.0,12.0,0.0,0.0,1.0,0.0,25492,24894,25565
0.0,23.0,12.0,1.0,0.0,1.0,0.0,2261,3133,10787
0.0,33.0,12.0,0.0,0.0,0.0,0.0,6285,7899,5373
0.0,21.0,12.0,0.0,0.0,1.0,0.0,7604,8953,11885
0.0,23.0,12.0,0.0,0.0,1.0,0.0,14600,14135,8602
0.0,21.0,12.0,0.0,0.0,1.0,0.0,21093,24168,25565
0.0,24.0,12.0,0.0,0.0,1.0,0.0,14183,15350,16024
0.0,31.0,16.0,0.0,0.0,1.0,0.0,17475,17850,7262
0.0,28.0,16.0,0.0,0.0,1.0,0.0,11364,10706,0
0.0,27.0,14.0,1.0,0.0,0.0,0.0,22065,22478,23725
0.0,32.0,18.0,0.0,0.0,1.0,0.0,10619,25244,25565
0.0,30.0,7.0,0.0,1.0,1.0,1.0,15282,16013,21201
0.0,18.0,11.0,0.0,0.0,0.0,1.0,386,1500,2852
0.0,29.0,12.0,0.0,0.0,1.0,0.0,19410,16693,24968
0.0,54.0,8.0,0.0,0.0,1.0,1.0,18646,17914,18244
0.0,16.0,10.0,0.0,0.0,0.0,1.0,0,424,6270
0.0,54.0,12.0,0.0,0.0,1.0,0.0,17249,17717,16245
0.0,19.0,13.0,0.0,0.0,0.0,0.0,4067,3149,4758
0.0,50.0,12.0,0.0,0.0,1.0,0.0,24132,24993,23969
0.0,22.0,12.0,0.0,0.0,1.0,0.0,11501,12935,15659
0.0,26.0,12.0,0.0,0.0,1.0,0.0,23129,13209,25565
0.0,49.0,9.0,0.0,0.0,0.0,1.0,11930,8146,24449
0.0,26.0,14.0,1.0,0.0,0.0,0.0,3966,618,0
0.0,21.0,15.0,1.0,0.0,0.0,0.0,1203,516,20648
0.0,46.0,10.0,0.0,0.0,1.0,1.0,14238,15608,17168
0.0,22.0,13.0,0.0,0.0,0.0,0.0,8386,5969,0
0.0,26.0,18.0,0.0,1.0,1.0,0.0,0,0,25565
0.0,40.0,14.0,0.0,0.0,1.0,0.0,25862,25244,24780
0.0,28.0,12.0,0.0,0.0,0.0,0.0,8343,10692,0
0.0,26.0,8.0,0.0,0.0,1.0,1.0,23354,14081,16921
0.0,35.0,13.0,0.0,0.0,1.0,0.0,0,0,0
0.0,29.0,14.0,0.0,0.0,1.0,0.0,19052,19636,25565
0.0,31.0,12.0,0.0,0.0,1.0,0.0,20173,20256,25565
0.0,47.0,13.0,0.0,0.0,1.0,0.0,25862,22298,0
0.0,28.0,17.0,0.0,0.0,0.0,0.0,16088,18924,24196
0.0,27.0,13.0,0.0,0.0,1.0,0.0,14685,17586,17857
0.0,24.0,14.0,0.0,0.0,1.0,0.0,21513,16697,10250
0.0,38.0,14.0,0.0,0.0,1.0,0.0,25229,25244,25565
0.0,33.0,11.0,0.0,0.0,1.0,1.0,20102,24010,20735
0.0,24.0,12.0,1.0,0.0,0.0,0.0,13975,13275,7312
0.0,34.0,18.0,0.0,0.0,0.0,0.0,25862,25244,25565
0.0,53.0,8.0,0.0,0.0,1.0,1.0,25862,25244,25565
0.0,47.0,6.0,0.0,0.0,1.0,1.0,3137,2866,2366
0.0,29.0,17.0,0.0,0.0,1.0,0.0,443,428,0
0.0,23.0,12.0,0.0,0.0,0.0,0.0,9984,9738,13917
0.0,22.0,12.0,0.0,0.0,1.0,0.0,9710,17894,23775
0.0,31.0,14.0,0.0,0.0,1.0,0.0,25862,13109,25565
0.0,38.0,12.0,0.0,0.0,1.0,0.0,15484,15067,24056
0.0,23.0,16.0,0.0,0.0,0.0,0.0,2273,0,1552
0.0,33.0,12.0,0.0,0.0,1.0,0.0,19885,20530,22191
0.0,37.0,12.0,0.0,0.0,1.0,0.0,19099,18668,20592
0.0,47.0,12.0,0.0,0.0,1.0,0.0,15357,5935,11052
0.0,18.0,12.0,0.0,0.0,0.0,0.0,4794,5006,16246
0.0,40.0,7.0,0.0,0.0,1.0,1.0,15500,15961,14520
0.0,19.0,11.0,0.0,0.0,0.0,1.0,12071,9027,14359
0.0,25.0,13.0,0.0,0.0,1.0,0.0,20128,23453,25565
0.0,36.0,12.0,0.0,0.0,1.0,0.0,25862,25244,25565
0.0,28.0,8.0,0.0,0.0,1.0,1.0,0,725,260
0.0,34.0,8.0,0.0,0.0,1.0,1.0,18960,21736,25565
0.0,35.0,8.0,0.0,0.0,1.0,1.0,0,2293,6854
0.0,21.0,12.0,0.0,0.0,1.0,0.0,7806,13250,11328
0.0,28.0,12.0,0.0,0.0,1.0,0.0,24928,21144,129
0.0,54.0,11.0,0.0,0.0,1.0,1.0,18876,11490,0
0.0,28.0,8.0,0.0,0.0,1.0,1.0,17604,1941,817
0.0,43.0,18.0,0.0,0.0,1.0,0.0,25862,25244,25565
0.0,35.0,12.0,0.0,0.0,1.0,0.0,25862,25244,25565
0.0,32.0,12.0,0.0,0.0,1.0,0.0,25862,25244,25565
0.0,19.0,9.0,1.0,0.0,0.0,1.0,578,3862,6078
0.0,51.0,5.0,1.0,0.0,1.0,1.0,0,0,0
0.0,47.0,11.0,0.0,0.0,1.0,1.0,12492,21883,24416
0.0,34.0,12.0,0.0,0.0,1.0,0.0,9175,8481,7282
0.0,32.0,12.0,0.0,0.0,1.0,0.0,25862,25244,25565
0.0,45.0,12.0,0.0,0.0,1.0,0.0,17865,17821,18498
0.0,45.0,10.0,0.0,0.0,1.0,1.0,22032,5688,25565
0.0,31.0,11.0,0.0,0.0,1.0,1.0,10578,16951,19287
0.0,32.0,8.0,0.0,0.0,1.0,1.0,20082,20535,23287
0.0,40.0,9.0,0.0,0.0,1.0,1.0,25862,25244,25565
0.0,36.0,9.0,0.0,0.0,1.0,1.0,16350,15361,19439
0.0,49.0,8.0,0.0,0.0,1.0,1.0,16323,15508,17793
0.0,36.0,9.0,0.0,0.0,1.0,1.0,21148,19758,19711
0.0,43.0,0.0,0.0,1.0,1.0,1.0,245,1305,2007
0.0,32.0,16.0,0.0,1.0,1.0,0.0,4714,14595,19912
0.0,28.0,8.0,0.0,1.0,1.0,1.0,7447,12846,12561
0.0,44.0,2.0,0.0,1.0,0.0,1.0,9430,7732,7981
0.0,28.0,15.0,1.0,0.0,1.0,0.0,6383,1599,4268
0.0,34.0,13.0,0.0,0.0,1.0,0.0,7949,6425,0
0.0,26.0,12.0,0.0,1.0,1.0,0.0,13872,10187,5992
0.0,25.0,12.0,0.0,0.0,1.0,0.0,16127,16145,22336
0.0,19.0,12.0,0.0,0.0,0.0,0.0,2330,9290,12841
0.0,21.0,15.0,0.0,0.0,0.0,0.0,6524,10785,142
0.0,49.0,6.0,1.0,0.0,1.0,1.0,570,0,5980
0.0,47.0,9.0,0.0,0.0,1.0,1.0,15813,15576,0
0.0,40.0,12.0,0.0,0.0,1.0,0.0,18476,17688,15753
0.0,33.0,16.0,0.0,0.0,1.0,0.0,25862,25244,25565
0.0,29.0,12.0,0.0,0.0,1.0,0.0,25862,25244,0
0.0,48.0,6.0,1.0,0.0,1.0,1.0,25862,25244,0
0.0,26.0,12.0,1.0,0.0,1.0,0.0,16891,11861,25565
0.0,38.0,12.0,1.0,0.0,1.0,0.0,16826,13034,8689
0.0,40.0,3.0,0.0,0.0,1.0,1.0,6325,5190,1275
0.0,40.0,10.0,0.0,0.0,1.0,1.0,10270,13594,19630
0.0,48.0,12.0,0.0,0.0,1.0,0.0,16123,13828,19896
0.0,47.0,11.0,1.0,0.0,1.0,1.0,12870,12208,15920
0.0,17.0,9.0,1.0,0.0,0.0,1.0,0,804,4528
0.0,24.0,14.0,0.0,0.0,1.0,0.0,12273,8522,0
0.0,28.0,14.0,1.0,0.0,1.0,0.0,0,131,16837
0.0,54.0,12.0,0.0,0.0,0.0,0.0,837,707,121
0.0,47.0,10.0,0.0,0.0,1.0,1.0,25353,21253,25412
0.0,51.0,12.0,0.0,0.0,1.0,0.0,25862,25244,8064
0.0,37.0,16.0,0.0,0.0,1.0,0.0,15282,13857,11475
0.0,44.0,5.0,0.0,0.0,1.0,1.0,12729,12747,13369
0.0,35.0,13.0,0.0,0.0,1.0,0.0,7269,6001,6959
0.0,51.0,12.0,0.0,0.0,1.0,0.0,11756,10742,8866
0.0,19.0,12.0,0.0,0.0,0.0,0.0,4498,8404,990
0.0,35.0,13.0,0.0,0.0,1.0,0.0,25862,11950,25565
0.0,55.0,4.0,0.0,0.0,1.0,1.0,5488,4798,0
0.0,55.0,3.0,0.0,0.0,1.0,1.0,25862,25244,25565
0.0,37.0,8.0,0.0,0.0,1.0,1.0,25862,20263,25565
0.0,34.0,12.0,0.0,0.0,1.0,0.0,13172,13968,15698
0.0,20.0,14.0,0.0,0.0,0.0,0.0,6867,4913,10714
0.0,19.0,11.0,0.0,0.0,0.0,1.0,0,4909,5216
0.0,37.0,12.0,0.0,0.0,1.0,0.0,17214,16759,23053
0.0,16.0,10.0,0.0,0.0,0.0,1.0,0,4567,15525
0.0,50.0,12.0,0.0,0.0,1.0,0.0,21605,14656,21414
0.0,38.0,4.0,1.0,0.0,1.0,1.0,11720,8486,15464
0.0,16.0,10.0,1.0,0.0,0.0,1.0,0,0,1730
0.0,32.0,8.0,1.0,0.0,1.0,1.0,2621,2942,0
0.0,47.0,8.0,1.0,0.0,1.0,1.0,9275,8543,0
0.0,30.0,12.0,0.0,0.0,1.0,0.0,25862,23432,25565
0.0,53.0,16.0,0.0,0.0,0.0,0.0,8889,7987,10486
0.0,28.0,11.0,1.0,0.0,0.0,1.0,11475,10575,8996
0.0,24.0,12.0,0.0,0.0,1.0,0.0,406,446,0
0.0,23.0,13.0,0.0,0.0,1.0,0.0,25014,25244,20845
0.0,50.0,10.0,0.0,0.0,1.0,1.0,12982,13932,16756
0.0,27.0,9.0,0.0,0.0,1.0,1.0,3066,682,14994
0.0,42.0,12.0,0.0,0.0,1.0,0.0,11185,9639,1419
0.0,28.0,13.0,0.0,0.0,1.0,0.0,23611,22238,25565
0.0,36.0,9.0,0.0,0.0,1.0,1.0,20173,18129,18594
0.0,51.0,2.0,0.0,0.0,1.0,1.0,18927,11381,25565
0.0,20.0,6.0,1.0,0.0,0.0,1.0,5835,5332,2802
0.0,18.0,8.0,1.0,0.0,0.0,1.0,6912,8712,12358
0.0,16.0,10.0,1.0,0.0,0.0,1.0,439,2225,11571
0.0,29.0,15.0,1.0,0.0,0.0,0.0,525,0,0
0.0,35.0,11.0,1.0,0.0,1.0,1.0,14189,14913,15425
0.0,34.0,10.0,0.0,0.0,1.0,1.0,16336,12966,11953
0.0,32.0,12.0,0.0,0.0,1.0,0.0,23776,24878,25565
0.0,22.0,12.0,1.0,0.0,0.0,0.0,3725,4427,8200
0.0,24.0,5.0,0.0,0.0,1.0,1.0,20372,18446,14176
0.0,29.0,12.0,0.0,0.0,1.0,0.0,17910,21937,21021
0.0,28.0,16.0,0.0,0.0,1.0,0.0,25862,25244,25565
0.0,22.0,13.0,0.0,0.0,1.0,0.0,0,161,0
0.0,31.0,10.0,0.0,0.0,1.0,1.0,15835,20667,11031
0.0,37.0,12.0,0.0,0.0,1.0,0.0,25862,19054,23092
0.0,41.0,7.0,0.0,0.0,1.0,1.0,12118,15991,12909
0.0,35.0,9.0,0.0,0.0,1.0,1.0,17919,19831,24714
0.0,36.0,12.0,0.0,0.0,1.0,0.0,20886,21070,13362
0.0,26.0,6.0,1.0,0.0,0.0,1.0,17986,14856,18776
0.0,20.0,10.0,1.0,0.0,0.0,1.0,5639,8228,5735
0.0,25.0,14.0,1.0,0.0,1.0,0.0,17040,15207,17211
0.0,32.0,9.0,0.0,0.0,1.0,1.0,18439,15877,20508
0.0,28.0,10.0,0.0,0.0,1.0,1.0,25553,21627,23762
0.0,31.0,8.0,0.0,0.0,1.0,1.0,15492,14088,20316
0.0,49.0,12.0,0.0,0.0,1.0,0.0,8509,3137,10059
0.0,55.0,0.0,0.0,0.0,1.0,1.0,4269,4025,4377
0.0,47.0,8.0,0.0,0.0,1.0,1.0,15445,14996,17106
0.0,23.0,12.0,0.0,0.0,1.0,0.0,15637,1984,6218
0.0,25.0,9.0,0.0,0.0,1.0,1.0,13486,12942,14232
0.0,54.0,11.0,0.0,0.0,1.0,1.0,25862,10020,0
0.0,30.0,13.0,0.0,0.0,1.0,0.0,25862,20320,25158
0.0,31.0,10.0,0.0,0.0,1.0,1.0,17165,21086,0
0.0,34.0,11.0,0.0,0.0,1.0,1.0,19963,18827,21830
0.0,35.0,6.0,0.0,0.0,1.0,1.0,24820,21317,22221
0.0,54.0,15.0,0.0,0.0,1.0,0.0,14436,15053,16038
0.0,51.0,17.0,0.0,0.0,1.0,0.0,18108,17386,20568
0.0,46.0,13.0,0.0,0.0,1.0,0.0,14561,13008,13181
0.0,20.0,12.0,0.0,0.0,0.0,0.0,7720,7424,12128
0.0,24.0,13.0,0.0,0.0,1.0,0.0,11897,7945,1052
0.0,38.0,12.0,0.0,0.0,1.0,0.0,21593,21412,25565
0.0,47.0,8.0,1.0,0.0,1.0,1.0,11303,12233,0
0.0,29.0,12.0,1.0,0.0,0.0,0.0,0,0,7044
0.0,17.0,11.0,1.0,0.0,0.0,1.0,639,643,6301
0.0,24.0,12.0,1.0,0.0,0.0,0.0,10149,10242,7863
0.0,48.0,15.0,1.0,0.0,1.0,0.0,22782,18576,20676
0.0,31.0,6.0,0.0,0.0,1.0,1.0,17404,15796,19691
0.0,47.0,12.0,0.0,0.0,0.0,0.0,21542,21783,22204
0.0,37.0,4.0,1.0,0.0,1.0,1.0,5647,1955,3142
0.0,21.0,16.0,0.0,0.0,0.0,0.0,4077,2644,21885
0.0,48.0,7.0,0.0,0.0,0.0,1.0,7531,8941,3174
0.0,18.0,9.0,0.0,0.0,0.0,1.0,0,1003,4256
0.0,41.0,12.0,0.0,0.0,1.0,0.0,2725,5978,17288
0.0,28.0,12.0,0.0,0.0,1.0,0.0,11515,12701,11871
0.0,29.0,10.0,0.0,0.0,1.0,1.0,7784,17384,15702
0.0,51.0,12.0,0.0,0.0,1.0,0.0,0,0,0
0.0,31.0,12.0,0.0,0.0,1.0,0.0,2232,0,0
0.0,37.0,16.0,0.0,0.0,1.0,0.0,19518,16503,9268
0.0,40.0,12.0,0.0,0.0,0.0,0.0,19038,20753,14055
0.0,48.0,12.0,0.0,0.0,1.0,0.0,21160,21215,22260
0.0,45.0,9.0,0.0,0.0,1.0,1.0,25862,25244,25565
0.0,33.0,13.0,0.0,0.0,1.0,0.0,19573,19216,21102
0.0,51.0,16.0,0.0,0.0,1.0,0.0,25862,25244,25565
0.0,31.0,16.0,1.0,0.0,1.0,0.0,0,0,25565
0.0,16.0,9.0,0.0,1.0,0.0,1.0,0,0,0
0.0,50.0,12.0,1.0,0.0,1.0,0.0,25862,24155,22156
0.0,17.0,11.0,1.0,0.0,0.0,1.0,0,75,10770
0.0,22.0,14.0,0.0,0.0,1.0,0.0,1223,236,1664
0.0,21.0,12.0,0.0,1.0,0.0,0.0,10929,10063,9418
0.0,21.0,12.0,0.0,0.0,0.0,0.0,2827,4057,5938
0.0,30.0,14.0,0.0,0.0,1.0,0.0,18376,16279,13651
0.0,40.0,17.0,0.0,0.0,1.0,0.0,0,25244,24286
0.0,47.0,11.0,0.0,0.0,1.0,1.0,3674,3196,1417
0.0,47.0,10.0,0.0,0.0,1.0,1.0,18188,13957,15463
0.0,51.0,17.0,0.0,0.0,1.0,0.0,0,0,0
0.0,35.0,9.0,0.0,0.0,1.0,1.0,0,0,0
0.0,21.0,12.0,0.0,0.0,1.0,0.0,9530,17422,17811
0.0,21.0,12.0,0.0,0.0,1.0,0.0,10892,13243,22079
0.0,49.0,10.0,0.0,0.0,1.0,1.0,25862,25244,24666
0.0,20.0,12.0,0.0,0.0,0.0,0.0,14706,15225,23911
0.0,38.0,9.0,0.0,0.0,0.0,1.0,15151,15631,18746
0.0,51.0,7.0,0.0,0.0,1.0,1.0,10357,9657,22494
0.0,23.0,15.0,0.0,0.0,0.0,0.0,2298,8966,15973
0.0,37.0,12.0,0.0,0.0,1.0,0.0,15466,15486,16786
0.0,39.0,12.0,0.0,0.0,0.0,0.0,16820,13329,20172
0.0,50.0,12.0,0.0,0.0,1.0,0.0,16865,16000,21977
0.0,16.0,10.0,0.0,0.0,0.0,1.0,0,1450,16920
0.0,40.0,16.0,0.0,0.0,1.0,0.0,25862,25244,25565
0.0,16.0,10.0,0.0,0.0,0.0,1.0,0,0,771
0.0,48.0,13.0,1.0,0.0,1.0,0.0,20418,21777,25565
0.0,31.0,9.0,0.0,0.0,1.0,1.0,19794,17429,19236
0.0,39.0,12.0,0.0,0.0,1.0,0.0,19794,18537,23935
0.0,26.0,14.0,0.0,0.0,1.0,0.0,21881,25244,25565
0.0,31.0,12.0,0.0,0.0,1.0,0.0,25862,25244,25565
0.0,25.0,12.0,0.0,0.0,0.0,0.0,16650,16859,21491
0.0,42.0,4.0,1.0,0.0,1.0,1.0,13913,13263,13771
0.0,50.0,2.0,0.0,1.0,1.0,1.0,23302,24760,25565
0.0,17.0,10.0,0.0,1.0,0.0,1.0,0,902,7084
0.0,40.0,4.0,0.0,1.0,1.0,1.0,6091,3369,4967
0.0,17.0,7.0,0.0,1.0,0.0,1.0,0,2082,6461
0.0,18.0,8.0,0.0,1.0,0.0,1.0,0,902,1306
0.0,30.0,6.0,0.0,1.0,1.0,1.0,9301,9226,20753
0.0,51.0,3.0,0.0,1.0,1.0,1.0,8145,13041,11639
0.0,30.0,9.0,0.0,0.0,1.0,1.0,23204,21022,25565
0.0,55.0,6.0,0.0,0.0,1.0,1.0,14132,12815,14389
0.0,25.0,10.0,0.0,0.0,1.0,1.0,11595,17071,18214
0.0,52.0,12.0,0.0,0.0,1.0,0.0,6777,7799,15120
0.0,32.0,12.0,0.0,0.0,1.0,0.0,24279,18156,25565
0.0,42.0,18.0,0.0,0.0,1.0,0.0,25862,25244,22215
0.0,40.0,12.0,0.0,0.0,1.0,0.0,1826,0,0
0.0,31.0,9.0,0.0,0.0,1.0,1.0,19644,18997,22408
0.0,22.0,10.0,0.0,0.0,1.0,1.0,25862,23897,1478
0.0,20.0,11.0,1.0,0.0,0.0,1.0,7298,8425,9339
0.0,23.0,12.0,0.0,0.0,0.0,0.0,0,0,3903
0.0,49.0,12.0,0.0,0.0,1.0,0.0,22473,24628,0
0.0,23.0,16.0,1.0,0.0,0.0,0.0,1469,19602,23429
0.0,48.0,12.0,0.0,0.0,1.0,0.0,0,0,0
0.0,44.0,10.0,0.0,0.0,1.0,1.0,25862,25244,25565
0.0,16.0,9.0,0.0,0.0,0.0,1.0,0,0,4065
0.0,37.0,12.0,0.0,0.0,1.0,0.0,25862,18029,25565
0.0,44.0,7.0,0.0,0.0,1.0,1.0,6056,915,6498
0.0,19.0,8.0,0.0,0.0,0.0,1.0,5464,2082,8244
0.0,38.0,2.0,0.0,0.0,1.0,1.0,2992,1826,968
0.0,33.0,14.0,0.0,0.0,1.0,0.0,22506,23340,25565
0.0,53.0,8.0,0.0,0.0,1.0,1.0,24236,21819,25565
0.0,51.0,6.0,1.0,0.0,1.0,1.0,12780,12851,18013
0.0,41.0,6.0,1.0,0.0,1.0,1.0,15051,13544,0
0.0,26.0,12.0,0.0,0.0,1.0,0.0,17616,22947,23614
0.0,36.0,9.0,0.0,0.0,1.0,1.0,16626,15359,14953
0.0,23.0,11.0,0.0,0.0,1.0,1.0,20104,17592,21199
0.0,51.0,15.0,0.0,0.0,1.0,0.0,0,0,0
0.0,45.0,12.0,0.0,0.0,1.0,0.0,0,0,0
0.0,46.0,12.0,0.0,0.0,1.0,0.0,16744,16446,17303
0.0,21.0,12.0,0.0,0.0,0.0,0.0,12547,13857,19329
0.0,22.0,12.0,0.0,0.0,1.0,0.0,18360,17613,23388
0.0,28.0,12.0,0.0,0.0,1.0,0.0,18070,15911,0
0.0,51.0,14.0,0.0,0.0,0.0,0.0,25753,25244,25565
0.0,47.0,10.0,0.0,0.0,1.0,1.0,0,0,0
0.0,25.0,12.0,0.0,0.0,1.0,0.0,1822,93,0
0.0,29.0,12.0,0.0,0.0,1.0,0.0,15128,5296,2707
0.0,48.0,5.0,0.0,0.0,1.0,1.0,25862,25244,25565
0.0,32.0,8.0,0.0,0.0,1.0,1.0,12988,11822,14956
0.0,40.0,12.0,0.0,0.0,1.0,0.0,16889,10346,14372
0.0,54.0,8.0,0.0,0.0,1.0,1.0,15982,14709,15889
0.0,18.0,8.0,0.0,0.0,1.0,1.0,6469,12334,21669
0.0,52.0,6.0,1.0,0.0,1.0,1.0,3023,3067,4186
0.0,45.0,8.0,1.0,0.0,1.0,1.0,8045,12289,9350
0.0,30.0,8.0,0.0,1.0,1.0,1.0,6342,20,10449
0.0,29.0,9.0,0.0,1.0,1.0,1.0,10784,11286,25565
0.0,30.0,12.0,0.0,0.0,1.0,0.0,19814,22968,20478
0.0,28.0,15.0,0.0,0.0,1.0,0.0,25862,25244,25565
0.0,22.0,12.0,0.0,0.0,1.0,0.0,878,0,0
0.0,32.0,13.0,0.0,0.0,1.0,0.0,22800,21709,16463
0.0,24.0,12.0,0.0,0.0,1.0,0.0,21407,25244,25565
0.0,35.0,8.0,0.0,0.0,0.0,1.0,3652,5661,1334
0.0,51.0,18.0,0.0,0.0,1.0,0.0,25862,25244,25565
0.0,41.0,12.0,0.0,0.0,1.0,0.0,14463,14759,18944
0.0,53.0,8.0,0.0,0.0,0.0,1.0,0,0,0
0.0,46.0,10.0,0.0,0.0,1.0,1.0,10237,7960,13112
0.0,38.0,12.0,0.0,0.0,1.0,0.0,18744,19194,15160
0.0,40.0,12.0,0.0,0.0,1.0,0.0,8586,15110,0
0.0,18.0,11.0,0.0,0.0,0.0,1.0,766,3081,6790
0.0,41.0,14.0,0.0,0.0,1.0,0.0,25862,7573,0
0.0,35.0,14.0,0.0,0.0,1.0,0.0,21199,20633,25565
0.0,22.0,13.0,0.0,0.0,0.0,0.0,7955,7260,0
0.0,38.0,12.0,0.0,0.0,1.0,0.0,25862,25244,25565
0.0,48.0,18.0,0.0,0.0,1.0,0.0,0,0,0
0.0,19.0,12.0,0.0,0.0,0.0,0.0,0,3221,3180
0.0,50.0,12.0,0.0,0.0,1.0,0.0,4814,0,0
0.0,35.0,10.0,1.0,0.0,1.0,1.0,12420,11897,0
0.0,24.0,14.0,1.0,0.0,1.0,0.0,12551,11032,18251
0.0,20.0,12.0,1.0,0.0,1.0,0.0,2649,4274,0
0.0,38.0,10.0,0.0,0.0,1.0,1.0,4565,11734,15454
0.0,27.0,13.0,0.0,0.0,1.0,0.0,25862,0,25565
0.0,47.0,13.0,0.0,0.0,0.0,0.0,19985,12525,16846
0.0,25.0,12.0,0.0,0.0,1.0,0.0,21319,23199,25565
0.0,51.0,6.0,0.0,1.0,1.0,1.0,0,0,0
0.0,17.0,11.0,0.0,1.0,0.0,1.0,0,1429,14992
0.0,39.0,12.0,0.0,1.0,1.0,0.0,25862,25244,25565
0.0,33.0,12.0,0.0,1.0,1.0,0.0,14495,9782,21183
0.0,51.0,10.0,0.0,0.0,1.0,1.0,23417,16999,24109
0.0,29.0,15.0,0.0,0.0,1.0,0.0,13178,17216,23614
0.0,27.0,12.0,0.0,0.0,0.0,0.0,25862,18360,25565
0.0,52.0,0.0,0.0,1.0,1.0,1.0,18676,15529,13053
0.0,28.0,6.0,0.0,1.0,1.0,1.0,13149,13845,18077
0.0,44.0,5.0,0.0,0.0,1.0,1.0,25862,25244,25565
0.0,35.0,12.0,0.0,0.0,1.0,0.0,21977,21357,25565
0.0,24.0,16.0,0.0,0.0,1.0,0.0,15637,16426,19150
0.0,31.0,16.0,0.0,0.0,1.0,0.0,13084,9424,8602
0.0,28.0,8.0,1.0,0.0,1.0,1.0,14046,13247,12082
0.0,32.0,13.0,0.0,1.0,1.0,0.0,1491,0,25565
0.0,23.0,16.0,0.0,0.0,1.0,0.0,3558,10060,23737
0.0,48.0,14.0,0.0,0.0,1.0,0.0,24569,21539,22785
0.0,45.0,12.0,0.0,0.0,1.0,0.0,21325,23371,18197
0.0,30.0,12.0,0.0,0.0,1.0,0.0,9585,9607,25565
0.0,44.0,12.0,0.0,0.0,1.0,0.0,19363,18652,20914
0.0,17.0,10.0,0.0,0.0,0.0,1.0,0,0,9407
0.0,34.0,12.0,0.0,0.0,1.0,0.0,21985,23367,24130
0.0,54.0,11.0,0.0,0.0,1.0,1.0,15972,9745,0
0.0,23.0,8.0,0.0,0.0,1.0,1.0,3595,4866,2783
0.0,48.0,12.0,0.0,0.0,1.0,0.0,21591,20839,20551
0.0,54.0,18.0,0.0,0.0,1.0,0.0,25862,25244,25565
0.0,26.0,15.0,0.0,0.0,1.0,0.0,25862,23552,0
0.0,22.0,12.0,0.0,0.0,1.0,0.0,18494,18206,20524
0.0,20.0,12.0,0.0,0.0,0.0,0.0,7835,12291,19878
0.0,22.0,12.0,0.0,1.0,1.0,0.0,13066,17191,20354
0.0,19.0,12.0,0.0,0.0,1.0,0.0,1861,5491,15503
0.0,20.0,12.0,0.0,0.0,0.0,0.0,8517,3144,3173
0.0,22.0,12.0,0.0,0.0,1.0,0.0,23635,23639,25565
0.0,22.0,15.0,0.0,1.0,0.0,0.0,0,1781,25565
0.0,27.0,17.0,0.0,0.0,1.0,0.0,2498,0,19210
0.0,55.0,8.0,0.0,1.0,0.0,1.0,25862,25244,25565
0.0,29.0,16.0,0.0,0.0,0.0,0.0,21650,22512,25565
0.0,41.0,14.0,0.0,0.0,1.0,0.0,0,0,22410
0.0,16.0,9.0,0.0,1.0,0.0,1.0,145,0,9014
0.0,20.0,14.0,0.0,0.0,0.0,0.0,2898,3736,7762
0.0,22.0,12.0,0.0,0.0,0.0,0.0,0,1980,19581
0.0,19.0,12.0,0.0,0.0,0.0,0.0,6871,4626,19317
0.0,32.0,12.0,0.0,0.0,1.0,0.0,25862,25244,25565
0.0,25.0,14.0,0.0,0.0,1.0,0.0,17667,17420,25135
0.0,35.0,16.0,0.0,0.0,0.0,0.0,9612,24416,25565
0.0,24.0,12.0,0.0,0.0,0.0,0.0,4397,4943,25565
0.0,31.0,12.0,0.0,0.0,1.0,0.0,17647,21301,25565
0.0,39.0,12.0,0.0,0.0,1.0,0.0,20854,19618,21907
0.0,32.0,12.0,0.0,0.0,1.0,0.0,24763,16718,25565
0.0,26.0,16.0,0.0,0.0,0.0,0.0,16362,6911,17068
0.0,23.0,12.0,0.0,0.0,0.0,0.0,11995,10547,888
0.0,33.0,16.0,0.0,0.0,1.0,0.0,23454,25244,13898
0.0,29.0,15.0,0.0,0.0,1.0,0.0,19236,23401,25565
0.0,32.0,12.0,0.0,0.0,1.0,0.0,25862,25244,25565
0.0,31.0,14.0,0.0,0.0,1.0,0.0,25862,25244,2760
0.0,51.0,12.0,0.0,0.0,0.0,0.0,20743,2539,1020
0.0,44.0,7.0,0.0,1.0,1.0,1.0,21436,20068,20130
0.0,20.0,12.0,0.0,1.0,0.0,0.0,7610,9772,5635
0.0,34.0,12.0,0.0,1.0,1.0,0.0,23309,21557,25565
0.0,41.0,13.0,0.0,1.0,1.0,0.0,25862,25244,25565
0.0,31.0,18.0,0.0,1.0,1.0,0.0,7910,7462,25565
0.0,46.0,10.0,0.0,1.0,1.0,1.0,25862,23657,25565
0.0,42.0,12.0,0.0,1.0,1.0,0.0,21562,24259,25565
0.0,24.0,12.0,0.0,1.0,1.0,0.0,22996,25244,12708
0.0,48.0,11.0,0.0,0.0,1.0,1.0,0,0,0
0.0,43.0,18.0,0.0,0.0,0.0,0.0,12292,9877,15460
0.0,50.0,13.0,0.0,0.0,0.0,0.0,9567,9174,10118
0.0,53.0,4.0,0.0,1.0,1.0,1.0,6099,11528,16791
0.0,31.0,12.0,0.0,0.0,1.0,0.0,25862,25244,25565
0.0,33.0,10.0,1.0,0.0,0.0,1.0,0,0,0
0.0,30.0,11.0,1.0,0.0,1.0,1.0,357,3948,7330
0.0,35.0,17.0,0.0,0.0,0.0,0.0,0,0,6034
0.0,37.0,13.0,1.0,0.0,1.0,0.0,25862,25244,25244
0.0,55.0,12.0,1.0,0.0,1.0,0.0,18637,18686,20441
0.0,41.0,18.0,0.0,0.0,0.0,0.0,0,0,0
0.0,29.0,13.0,0.0,0.0,0.0,0.0,17022,17074,25565
0.0,36.0,14.0,0.0,0.0,1.0,0.0,25862,25244,11349
0.0,37.0,16.0,0.0,0.0,1.0,0.0,23813,24898,25565
0.0,30.0,15.0,0.0,0.0,1.0,0.0,20318,17996,3728
0.0,39.0,14.0,0.0,0.0,1.0,0.0,20302,25244,25565
0.0,26.0,14.0,0.0,0.0,0.0,0.0,1622,231,0
0.0,28.0,16.0,0.0,0.0,0.0,0.0,23664,23797,25220
0.0,28.0,17.0,0.0,0.0,0.0,0.0,25600,25244,25565
0.0,29.0,14.0,0.0,0.0,0.0,0.0,5364,13585,10369
0.0,31.0,16.0,0.0,0.0,1.0,0.0,25862,3255,25565
0.0,28.0,18.0,0.0,0.0,1.0,0.0,0,2508,21522
0.0,27.0,14.0,0.0,0.0,0.0,0.0,13717,15205,22324
0.0,33.0,16.0,0.0,0.0,0.0,0.0,15282,15683,17985
0.0,49.0,16.0,1.0,0.0,0.0,0.0,25602,25244,2831
0.0,46.0,11.0,1.0,0.0,1.0,1.0,0,0,0
0.0,17.0,9.0,1.0,0.0,0.0,1.0,0,0,0
0.0,55.0,8.0,1.0,0.0,1.0,1.0,1328,1498,1631
0.0,36.0,8.0,0.0,0.0,1.0,1.0,22549,22372,0
0.0,43.0,15.0,0.0,0.0,1.0,0.0,25862,25244,25565
0.0,32.0,18.0,0.0,0.0,0.0,0.0,468,1398,457
0.0,38.0,14.0,0.0,0.0,1.0,0.0,19687,20526,22720
0.0,21.0,13.0,0.0,0.0,0.0,0.0,0,2123,3533
0.0,28.0,13.0,0.0,0.0,1.0,0.0,0,1500,0
0.0,20.0,11.0,0.0,1.0,1.0,1.0,4410,2100,5503
0.0,33.0,14.0,0.0,0.0,1.0,0.0,25862,25244,25565
0.0,52.0,12.0,0.0,0.0,1.0,0.0,0,0,0
0.0,19.0,13.0,0.0,0.0,0.0,0.0,1379,5731,21550
0.0,31.0,13.0,0.0,0.0,1.0,0.0,0,0,0
0.0,40.0,11.0,0.0,0.0,1.0,1.0,20666,8502,25565
0.0,35.0,11.0,0.0,0.0,1.0,1.0,25862,25244,25565
0.0,21.0,12.0,0.0,0.0,0.0,0.0,11836,14799,25565
0.0,20.0,14.0,0.0,0.0,0.0,0.0,1217,0,10932
0.0,23.0,8.0,0.0,0.0,1.0,1.0,6370,10973,8145
0.0,55.0,11.0,0.0,0.0,1.0,1.0,25862,25244,25565
0.0,37.0,11.0,0.0,0.0,1.0,1.0,16052,15581,25565
0.0,33.0,18.0,0.0,0.0,1.0,0.0,3221,2302,1710
0.0,35.0,16.0,0.0,1.0,1.0,0.0,15800,0,17490
0.0,35.0,12.0,0.0,0.0,1.0,0.0,24912,25244,22942
0.0,30.0,12.0,0.0,0.0,1.0,0.0,23041,25129,8411
0.0,46.0,8.0,0.0,1.0,1.0,1.0,20090,25244,25565
0.0,19.0,11.0,0.0,1.0,0.0,1.0,0,0,0
0.0,18.0,12.0,0.0,1.0,0.0,0.0,0,254,0
0.0,27.0,12.0,0.0,0.0,1.0,0.0,196,0,266
0.0,40.0,12.0,0.0,0.0,1.0,0.0,19922,15869,24974
0.0,30.0,13.0,0.0,1.0,1.0,0.0,25294,24740,25565
0.0,49.0,8.0,0.0,1.0,1.0,1.0,0,0,0
0.0,35.0,12.0,0.0,0.0,1.0,0.0,12277,13329,6969
0.0,27.0,13.0,0.0,1.0,1.0,0.0,0,4252,17696
0.0,49.0,9.0,0.0,0.0,1.0,1.0,21376,25244,18603
0.0,19.0,13.0,0.0,0.0,0.0,0.0,2363,530,1128
0.0,44.0,12.0,0.0,0.0,1.0,0.0,10656,13777,1615
0.0,20.0,14.0,0.0,0.0,0.0,0.0,3740,3405,1456
0.0,38.0,12.0,0.0,0.0,1.0,0.0,25862,25244,19106
0.0,44.0,16.0,0.0,0.0,1.0,0.0,11168,18473,3566
0.0,22.0,16.0,0.0,0.0,1.0,0.0,576,3085,22380
0.0,29.0,15.0,0.0,0.0,0.0,0.0,9032,9716,8714
0.0,40.0,14.0,0.0,0.0,0.0,0.0,25862,25244,25565
0.0,30.0,10.0,0.0,1.0,0.0,1.0,19036,17194,11652
0.0,53.0,18.0,0.0,1.0,0.0,0.0,7010,13606,14734
0.0,55.0,17.0,0.0,0.0,0.0,0.0,25862,25244,25565
0.0,32.0,12.0,0.0,1.0,1.0,0.0,19728,19608,21313
0.0,41.0,12.0,0.0,1.0,0.0,0.0,25862,22184,25565
0.0,55.0,14.0,0.0,0.0,1.0,0.0,6769,2805,1803
0.0,33.0,12.0,0.0,0.0,1.0,0.0,25862,25244,25565
0.0,28.0,16.0,0.0,0.0,1.0,0.0,25862,25244,25565
0.0,47.0,15.0,0.0,0.0,1.0,0.0,25862,25244,25565
0.0,46.0,15.0,1.0,0.0,1.0,0.0,21513,22107,25565
0.0,16.0,10.0,1.0,0.0,0.0,1.0,0,725,3063
0.0,19.0,12.0,0.0,0.0,1.0,0.0,7140,5697,14253
0.0,26.0,12.0,0.0,0.0,1.0,0.0,16264,25118,25565
0.0,33.0,16.0,0.0,0.0,1.0,0.0,24687,25242,25565
0.0,42.0,9.0,0.0,0.0,1.0,1.0,25862,25244,25565
0.0,44.0,13.0,0.0,0.0,1.0,0.0,25862,25244,25565
0.0,17.0,9.0,0.0,0.0,0.0,1.0,0,598,7965
0.0,30.0,12.0,0.0,0.0,1.0,0.0,25862,25244,25565
0.0,40.0,14.0,0.0,0.0,1.0,0.0,21472,23484,25565
0.0,25.0,12.0,0.0,0.0,1.0,0.0,8180,15928,14496
0.0,26.0,12.0,0.0,0.0,1.0,0.0,25862,25244,25565
0.0,31.0,12.0,0.0,0.0,1.0,0.0,24569,25244,25565
0.0,33.0,12.0,0.0,0.0,1.0,0.0,19883,19754,19502
0.0,31.0,16.0,0.0,0.0,1.0,0.0,25862,25163,25565
0.0,27.0,12.0,0.0,0.0,1.0,0.0,16021,20966,24792
0.0,37.0,12.0,0.0,0.0,1.0,0.0,24077,23278,11513
0.0,24.0,14.0,0.0,0.0,0.0,0.0,10257,14632,20639
0.0,24.0,18.0,0.0,0.0,1.0,0.0,8127,6438,0
0.0,30.0,16.0,0.0,0.0,1.0,0.0,25862,25244,25565
0.0,45.0,9.0,0.0,0.0,1.0,1.0,23535,22204,21146
0.0,23.0,15.0,0.0,0.0,0.0,0.0,0,4886,11115
0.0,30.0,12.0,0.0,1.0,1.0,0.0,8975,6545,10651
0.0,33.0,12.0,0.0,0.0,1.0,0.0,19314,20619,21319
0.0,30.0,12.0,0.0,0.0,1.0,0.0,19403,13302,24427
0.0,18.0,10.0,0.0,1.0,0.0,1.0,8380,3172,5193
0.0,39.0,13.0,0.0,0.0,1.0,0.0,7377,6429,4102
0.0,31.0,14.0,0.0,0.0,1.0,0.0,18619,1230,25565
0.0,42.0,12.0,0.0,0.0,1.0,0.0,23364,25244,25565
0.0,29.0,10.0,0.0,1.0,1.0,1.0,16229,9068,12088
0.0,34.0,13.0,0.0,0.0,0.0,0.0,3205,84,17294
0.0,34.0,18.0,0.0,0.0,0.0,0.0,0,0,0
0.0,35.0,11.0,0.0,0.0,1.0,1.0,15159,6132,0
0.0,28.0,12.0,0.0,1.0,1.0,0.0,19675,22442,20576
0.0,24.0,10.0,0.0,1.0,1.0,1.0,19289,12443,21828
0.0,23.0,12.0,0.0,0.0,1.0,0.0,14718,12493,15837
0.0,23.0,13.0,1.0,0.0,1.0,0.0,13339,13445,15464
0.0,42.0,6.0,0.0,0.0,1.0,1.0,25862,17599,20229
0.0,54.0,12.0,0.0,0.0,1.0,0.0,13111,20492,24932
0.0,25.0,12.0,0.0,0.0,0.0,0.0,1902,3556,1401
0.0,29.0,14.0,0.0,0.0,0.0,0.0,0,0,0
0.0,45.0,7.0,0.0,1.0,1.0,1.0,18991,18114,18102
0.0,53.0,12.0,0.0,0.0,1.0,0.0,25862,25244,25565
0.0,18.0,12.0,0.0,0.0,0.0,0.0,2155,5398,15679
0.0,41.0,12.0,0.0,0.0,1.0,0.0,25862,25244,0
0.0,19.0,12.0,0.0,0.0,0.0,0.0,2130,10685,13761
0.0,45.0,10.0,0.0,0.0,1.0,1.0,0,8006,0
0.0,53.0,9.0,0.0,0.0,1.0,1.0,12620,9100,8860
0.0,24.0,18.0,0.0,0.0,0.0,0.0,5233,22836,0
0.0,28.0,18.0,0.0,0.0,0.0,0.0,17159,22846,25565
0.0,42.0,18.0,0.0,0.0,1.0,0.0,25862,25244,25565
0.0,44.0,16.0,0.0,0.0,1.0,0.0,25862,25244,25565
0.0,32.0,16.0,0.0,0.0,1.0,0.0,18145,20363,25565
0.0,43.0,8.0,0.0,0.0,1.0,1.0,25862,25244,25565
0.0,31.0,12.0,0.0,0.0,0.0,0.0,0,0,0
0.0,22.0,14.0,0.0,0.0,1.0,0.0,1029,13771,25565
0.0,30.0,12.0,0.0,0.0,1.0,0.0,10188,16906,25565
0.0,41.0,9.0,0.0,1.0,1.0,1.0,22994,17780,23641
0.0,28.0,17.0,0.0,1.0,0.0,0.0,16540,17098,18983
0.0,23.0,16.0,0.0,1.0,0.0,0.0,9175,14774,17050
0.0,38.0,12.0,0.0,0.0,1.0,0.0,11462,11682,25565
0.0,29.0,16.0,0.0,0.0,0.0,0.0,16732,11207,0
0.0,37.0,12.0,0.0,0.0,1.0,0.0,25862,25244,25565
0.0,38.0,12.0,0.0,0.0,1.0,0.0,21156,23775,25565
0.0,37.0,12.0,0.0,0.0,1.0,0.0,22375,18736,22556
0.0,16.0,10.0,0.0,0.0,0.0,1.0,411,0,3929
0.0,49.0,12.0,0.0,0.0,1.0,0.0,12095,4297,1862
0.0,20.0,12.0,0.0,0.0,0.0,0.0,1946,8483,14597
0.0,17.0,11.0,0.0,0.0,0.0,1.0,1626,1928,8550
0.0,51.0,8.0,0.0,0.0,1.0,1.0,25862,25244,0
0.0,30.0,13.0,0.0,0.0,1.0,0.0,13993,13836,16814
0.0,25.0,12.0,0.0,1.0,1.0,0.0,25862,25244,25565
0.0,18.0,12.0,0.0,0.0,0.0,0.0,621,841,0
0.0,20.0,14.0,0.0,0.0,0.0,0.0,733,2148,11769
0.0,52.0,12.0,0.0,0.0,1.0,0.0,20131,21325,22391
0.0,49.0,13.0,0.0,0.0,1.0,0.0,6448,4474,6860
0.0,27.0,15.0,0.0,0.0,1.0,0.0,12970,17098,25565
0.0,34.0,12.0,0.0,1.0,0.0,0.0,8513,18354,13263
0.0,30.0,8.0,0.0,1.0,1.0,1.0,12655,11582,0
0.0,54.0,12.0,0.0,0.0,1.0,0.0,0,0,0
0.0,50.0,8.0,0.0,1.0,1.0,1.0,19575,18872,24714
0.0,29.0,12.0,0.0,0.0,1.0,0.0,25862,10941,25565
0.0,54.0,13.0,0.0,0.0,1.0,0.0,15390,22506,24317
0.0,22.0,12.0,0.0,0.0,1.0,0.0,25065,23450,25550
0.0,26.0,11.0,0.0,0.0,1.0,1.0,17351,22252,5447
0.0,26.0,16.0,0.0,0.0,1.0,0.0,19593,20283,24682
0.0,35.0,16.0,0.0,0.0,0.0,0.0,0,5371,18841
0.0,32.0,6.0,0.0,1.0,1.0,1.0,4334,10969,14560
0.0,45.0,14.0,0.0,0.0,1.0,0.0,25860,25244,25565
0.0,18.0,12.0,0.0,0.0,0.0,0.0,0,0,11347
0.0,36.0,10.0,0.0,0.0,1.0,1.0,25862,25244,25565
0.0,52.0,14.0,0.0,0.0,1.0,0.0,25862,25244,25565
0.0,36.0,14.0,0.0,0.0,1.0,0.0,25819,25244,25565
0.0,16.0,10.0,0.0,0.0,0.0,1.0,53,1130,10922
0.0,45.0,12.0,0.0,0.0,1.0,0.0,5878,14487,25565
0.0,33.0,18.0,0.0,0.0,1.0,0.0,1340,786,1685
0.0,25.0,14.0,0.0,0.0,0.0,0.0,5460,9924,19023
0.0,21.0,12.0,0.0,0.0,0.0,0.0,6963,7408,0
0.0,27.0,13.0,0.0,0.0,1.0,0.0,17052,7235,11906
0.0,28.0,12.0,0.0,0.0,1.0,0.0,23266,25244,25565
0.0,30.0,14.0,0.0,1.0,1.0,0.0,24269,21951,25565
0.0,30.0,16.0,0.0,1.0,1.0,0.0,20970,23720,25565
0.0,52.0,15.0,0.0,0.0,1.0,0.0,25862,25244,25565
0.0,20.0,12.0,0.0,0.0,0.0,0.0,5084,8746,21251
0.0,27.0,12.0,0.0,0.0,1.0,0.0,0,0,0
0.0,42.0,12.0,0.0,0.0,1.0,0.0,18623,17701,20053
0.0,33.0,12.0,0.0,0.0,0.0,0.0,19994,22064,25565
0.0,34.0,18.0,0.0,0.0,1.0,0.0,20862,19964,1258
0.0,24.0,13.0,0.0,0.0,0.0,0.0,3084,2788,11452
0.0,51.0,12.0,0.0,0.0,1.0,0.0,14495,19328,7765
0.0,33.0,12.0,0.0,0.0,0.0,0.0,24191,23840,25565
0.0,51.0,18.0,0.0,0.0,1.0,0.0,25862,25244,25565
0.0,30.0,12.0,0.0,1.0,1.0,0.0,19023,15803,25565
0.0,37.0,3.0,0.0,1.0,1.0,1.0,17034,23831,0
0.0,35.0,16.0,0.0,0.0,1.0,0.0,25862,23435,25565
0.0,54.0,12.0,0.0,0.0,1.0,0.0,25862,25244,25565
0.0,27.0,14.0,0.0,0.0,0.0,0.0,14152,16781,19213
0.0,29.0,12.0,0.0,0.0,0.0,0.0,0,0,0
0.0,42.0,12.0,0.0,0.0,1.0,0.0,25862,25244,16531
0.0,36.0,14.0,0.0,1.0,1.0,0.0,0,18489,18544
0.0,21.0,12.0,0.0,0.0,0.0,0.0,0,3436,0
0.0,45.0,9.0,0.0,1.0,1.0,1.0,25862,25244,25565
0.0,16.0,10.0,0.0,1.0,0.0,1.0,0,0,3035
0.0,17.0,11.0,0.0,1.0,0.0,1.0,2224,3869,7400
0.0,25.0,14.0,0.0,0.0,1.0,0.0,11236,7142,20548
0.0,45.0,0.0,0.0,1.0,1.0,1.0,10190,8782,10773
0.0,31.0,12.0,0.0,1.0,1.0,0.0,17059,19794,9890
0.0,51.0,12.0,0.0,1.0,1.0,0.0,12038,11666,0
0.0,18.0,11.0,0.0,0.0,0.0,1.0,1481,57,1422
0.0,24.0,12.0,0.0,0.0,0.0,0.0,9785,2413,0
0.0,24.0,12.0,0.0,0.0,0.0,0.0,9414,7319,0
0.0,33.0,8.0,0.0,1.0,1.0,1.0,6987,19280,22729
0.0,31.0,6.0,0.0,1.0,1.0,1.0,18055,23285,18925
0.0,20.0,12.0,0.0,1.0,0.0,0.0,9716,5049,6189
0.0,38.0,9.0,0.0,1.0,1.0,1.0,16826,12029,0
0.0,49.0,8.0,0.0,0.0,1.0,1.0,25862,25244,25565
0.0,55.0,14.0,0.0,0.0,1.0,0.0,17138,0,25565
0.0,54.0,12.0,0.0,1.0,1.0,0.0,21458,17903,19815
0.0,45.0,12.0,0.0,1.0,1.0,0.0,25862,25244,25565
0.0,44.0,14.0,0.0,0.0,0.0,0.0,25298,24169,25528
0.0,30.0,15.0,0.0,0.0,1.0,0.0,18995,18592,25565
0.0,49.0,12.0,0.0,0.0,1.0,0.0,25862,25181,25565
0.0,54.0,4.0,0.0,1.0,1.0,1.0,19305,17001,0
0.0,39.0,8.0,0.0,0.0,0.0,1.0,17580,15622,20796
0.0,44.0,7.0,0.0,1.0,1.0,1.0,22876,25244,25565
0.0,28.0,12.0,0.0,1.0,1.0,0.0,25860,25242,25565
0.0,22.0,13.0,0.0,0.0,0.0,0.0,22316,17022,25565
0.0,24.0,14.0,0.0,0.0,0.0,0.0,15466,14938,21167
0.0,29.0,12.0,0.0,0.0,1.0,0.0,13235,17819,17416
0.0,34.0,12.0,0.0,0.0,1.0,0.0,24050,24443,16329
0.0,29.0,15.0,0.0,0.0,1.0,0.0,24851,19235,25565
0.0,48.0,12.0,0.0,0.0,1.0,0.0,24528,16820,25565
0.0,33.0,12.0,0.0,0.0,1.0,0.0,0,10923,708
0.0,31.0,8.0,0.0,1.0,1.0,1.0,18772,20945,25565
0.0,36.0,6.0,0.0,1.0,1.0,1.0,0,12665,11485
0.0,26.0,9.0,0.0,1.0,1.0,1.0,14730,16054,11798
0.0,26.0,7.0,0.0,1.0,1.0,1.0,19142,20684,21146
0.0,22.0,10.0,0.0,0.0,1.0,1.0,5801,10411,13025
0.0,47.0,8.0,0.0,0.0,1.0,1.0,23709,20730,25461
0.0,38.0,12.0,0.0,0.0,1.0,0.0,17312,15957,0
0.0,18.0,11.0,0.0,0.0,0.0,1.0,0,6254,12222
0.0,35.0,12.0,0.0,0.0,1.0,0.0,25862,25244,0
0.0,50.0,12.0,0.0,0.0,1.0,0.0,25862,25244,25565
0.0,20.0,13.0,0.0,0.0,0.0,0.0,3154,107,5732
0.0,24.0,11.0,0.0,0.0,1.0,1.0,13811,14965,17100
0.0,46.0,12.0,0.0,0.0,1.0,0.0,0,0,0
0.0,18.0,12.0,0.0,0.0,0.0,0.0,2141,3579,17446
0.0,30.0,12.0,0.0,0.0,1.0,0.0,23838,4050,25565
0.0,46.0,18.0,0.0,0.0,1.0,0.0,25862,25244,25565
0.0,27.0,18.0,0.0,0.0,1.0,0.0,18881,16788,20334
0.0,25.0,15.0,0.0,0.0,1.0,0.0,6125,9200,16950
0.0,33.0,13.0,0.0,0.0,1.0,0.0,0,0,0
0.0,23.0,12.0,0.0,0.0,1.0,0.0,16093,12613,25297
0.0,52.0,12.0,0.0,0.0,1.0,0.0,15576,15800,13378
0.0,34.0,12.0,0.0,0.0,1.0,0.0,21754,7122,18854
0.0,37.0,12.0,0.0,0.0,1.0,0.0,25862,25244,25565
0.0,27.0,12.0,0.0,0.0,0.0,0.0,15847,12885,25565
0.0,21.0,13.0,0.0,0.0,1.0,0.0,8730,11791,10523
0.0,19.0,13.0,0.0,0.0,1.0,0.0,1371,4261,23188
0.0,22.0,15.0,0.0,0.0,1.0,0.0,0,0,25565
0.0,25.0,15.0,0.0,0.0,1.0,0.0,3809,931,9985
0.0,22.0,12.0,0.0,0.0,1.0,0.0,23981,23999,20759
0.0,20.0,12.0,0.0,0.0,0.0,0.0,7061,8572,14477
0.0,39.0,8.0,0.0,1.0,1.0,1.0,16152,13945,13886
0.0,20.0,14.0,0.0,1.0,0.0,0.0,2465,4365,8311
0.0,25.0,12.0,0.0,1.0,1.0,0.0,9818,11537,12708
0.0,21.0,12.0,0.0,1.0,1.0,0.0,15758,25244,23602
0.0,37.0,12.0,0.0,0.0,1.0,0.0,0,0,0
0.0,32.0,14.0,0.0,0.0,1.0,0.0,21270,1307,16385
0.0,52.0,12.0,0.0,0.0,0.0,0.0,25862,25244,25565
0.0,33.0,12.0,0.0,0.0,1.0,0.0,25862,25244,0
0.0,55.0,12.0,0.0,0.0,1.0,0.0,25862,25244,0
0.0,49.0,12.0,0.0,0.0,1.0,0.0,0,0,0
0.0,39.0,14.0,0.0,0.0,1.0,0.0,0,0,0
0.0,36.0,17.0,0.0,0.0,1.0,0.0,0,17608,17227
0.0,40.0,12.0,0.0,0.0,1.0,0.0,19005,7326,11758
0.0,43.0,12.0,0.0,0.0,1.0,0.0,1932,3151,13973
0.0,18.0,12.0,0.0,0.0,0.0,0.0,443,680,10115
0.0,47.0,16.0,0.0,0.0,1.0,0.0,13448,14187,17301
0.0,17.0,10.0,0.0,0.0,0.0,1.0,455,3448,0
0.0,31.0,16.0,0.0,0.0,1.0,0.0,21074,21135,15501
0.0,53.0,12.0,0.0,0.0,1.0,0.0,18544,11632,0
0.0,28.0,12.0,0.0,0.0,1.0,0.0,17749,16437,14929
0.0,27.0,12.0,0.0,0.0,0.0,0.0,2320,14815,0
0.0,24.0,12.0,0.0,0.0,1.0,0.0,13758,13773,19188
0.0,41.0,12.0,0.0,0.0,1.0,0.0,0,0,0
0.0,41.0,16.0,0.0,0.0,0.0,0.0,25862,25244,4577
0.0,46.0,13.0,0.0,0.0,1.0,0.0,22716,17158,18930
0.0,41.0,13.0,0.0,0.0,1.0,0.0,22775,19942,0
0.0,40.0,7.0,0.0,0.0,1.0,1.0,25862,22418,23222
0.0,21.0,12.0,0.0,0.0,1.0,0.0,9871,12692,7044
0.0,27.0,12.0,0.0,0.0,1.0,0.0,25862,25244,25565
0.0,32.0,13.0,0.0,0.0,1.0,0.0,11660,2173,11429
0.0,31.0,14.0,0.0,0.0,1.0,0.0,16607,20132,23514
0.0,25.0,14.0,0.0,0.0,0.0,0.0,1742,4504,4859
0.0,33.0,16.0,0.0,0.0,0.0,0.0,6283,19033,25565
0.0,26.0,12.0,0.0,0.0,1.0,0.0,8031,10558,25565
0.0,22.0,15.0,0.0,0.0,0.0,0.0,5065,6338,20137
0.0,32.0,16.0,0.0,0.0,0.0,0.0,5584,8035,5632
0.0,46.0,14.0,0.0,0.0,1.0,0.0,19385,16680,19089
0.0,17.0,11.0,0.0,0.0,0.0,1.0,699,763,10009
0.0,48.0,16.0,0.0,0.0,1.0,0.0,25862,25244,25565
0.0,38.0,12.0,0.0,0.0,1.0,0.0,25862,25244,25565
0.0,33.0,12.0,0.0,1.0,1.0,0.0,22091,23593,25565
0.0,35.0,18.0,0.0,0.0,1.0,0.0,25002,23468,25565
0.0,28.0,14.0,0.0,0.0,1.0,0.0,25862,25244,25565
0.0,42.0,12.0,0.0,0.0,0.0,0.0,14951,14521,17830
0.0,32.0,12.0,0.0,0.0,1.0,0.0,25862,25244,23369
0.0,22.0,13.0,0.0,0.0,1.0,0.0,13493,13837,12502
0.0,39.0,16.0,0.0,0.0,0.0,0.0,22808,23643,17006
0.0,52.0,13.0,0.0,0.0,1.0,0.0,0,0,16420
0.0,25.0,12.0,0.0,1.0,1.0,0.0,535,0,0
0.0,23.0,12.0,0.0,0.0,1.0,0.0,16323,22968,19892
0.0,36.0,12.0,0.0,0.0,1.0,0.0,23629,18405,1930
0.0,42.0,12.0,0.0,0.0,1.0,0.0,17618,16546,17761
0.0,28.0,12.0,0.0,0.0,1.0,0.0,24185,22238,12689
0.0,34.0,12.0,0.0,0.0,1.0,0.0,17925,18977,21994
0.0,46.0,9.0,0.0,0.0,0.0,1.0,12504,14969,15625
0.0,53.0,12.0,0.0,0.0,1.0,0.0,8229,7519,0
0.0,24.0,12.0,0.0,0.0,1.0,0.0,3629,673,10802
0.0,26.0,12.0,0.0,0.0,1.0,0.0,18143,5496,33
0.0,28.0,2.0,0.0,1.0,1.0,1.0,16072,22907,23301
0.0,39.0,12.0,0.0,0.0,1.0,0.0,15114,22053,22602
0.0,33.0,18.0,0.0,0.0,0.0,0.0,18176,19889,22460
0.0,55.0,10.0,0.0,0.0,1.0,1.0,12643,13528,14937
0.0,26.0,12.0,0.0,0.0,1.0,0.0,25862,25244,11194
0.0,39.0,12.0,0.0,0.0,1.0,0.0,25862,25039,0
0.0,39.0,16.0,0.0,0.0,1.0,0.0,25862,25244,13196
0.0,46.0,12.0,0.0,0.0,1.0,0.0,25862,25244,25565
0.0,34.0,16.0,0.0,0.0,1.0,0.0,7349,18093,22553
0.0,41.0,17.0,0.0,0.0,1.0,0.0,25661,23616,23759
0.0,50.0,12.0,0.0,0.0,1.0,0.0,0,77,124
0.0,51.0,10.0,0.0,0.0,1.0,1.0,25860,25244,25565
0.0,20.0,12.0,0.0,0.0,1.0,0.0,2939,3303,0
0.0,22.0,10.0,0.0,0.0,1.0,1.0,13399,14469,10962
0.0,31.0,12.0,0.0,0.0,1.0,0.0,17665,16852,25565
0.0,27.0,12.0,0.0,0.0,1.0,0.0,11195,15218,0
0.0,32.0,11.0,0.0,0.0,1.0,1.0,25862,25244,25565
0.0,32.0,12.0,0.0,0.0,1.0,0.0,17565,19670,25565
0.0,32.0,12.0,0.0,0.0,1.0,0.0,21287,19434,22788
0.0,38.0,17.0,0.0,0.0,1.0,0.0,17759,18870,0
0.0,38.0,10.0,0.0,0.0,1.0,1.0,5770,19079,16942
0.0,27.0,16.0,0.0,0.0,0.0,0.0,15899,16424,24612
0.0,28.0,13.0,0.0,0.0,1.0,0.0,10846,9673,13348
0.0,45.0,11.0,0.0,0.0,1.0,1.0,852,0,0
0.0,20.0,13.0,0.0,0.0,0.0,0.0,1007,535,20409
0.0,48.0,9.0,0.0,0.0,1.0,1.0,16995,13859,25565
0.0,50.0,12.0,0.0,0.0,1.0,0.0,0,0,0
0.0,28.0,12.0,0.0,0.0,1.0,0.0,16779,17139,18315
0.0,37.0,18.0,0.0,0.0,1.0,0.0,25862,25244,25565
0.0,19.0,12.0,0.0,0.0,1.0,0.0,15617,25244,25565
0.0,38.0,12.0,0.0,0.0,1.0,0.0,25862,25244,25565
0.0,33.0,12.0,0.0,0.0,1.0,0.0,20470,19420,8862
0.0,28.0,13.0,0.0,1.0,1.0,0.0,0,0,0
0.0,32.0,12.0,0.0,1.0,1.0,0.0,0,0,0
0.0,52.0,10.0,0.0,1.0,1.0,1.0,13874,12489,13786
0.0,17.0,11.0,0.0,1.0,0.0,1.0,0,874,7760
0.0,30.0,18.0,0.0,0.0,1.0,0.0,0,0,24855
0.0,31.0,14.0,0.0,0.0,1.0,0.0,25862,25244,25565
0.0,33.0,13.0,0.0,0.0,1.0,0.0,25862,3044,0
0.0,19.0,12.0,0.0,0.0,0.0,0.0,4218,6200,15393
0.0,25.0,12.0,0.0,0.0,1.0,0.0,19967,25244,0
0.0,30.0,12.0,0.0,0.0,1.0,0.0,25862,25244,25565
0.0,44.0,6.0,1.0,0.0,1.0,1.0,18094,18902,18575
0.0,20.0,12.0,1.0,0.0,0.0,0.0,5100,3842,12719
0.0,50.0,12.0,0.0,0.0,1.0,0.0,25862,25244,25565
0.0,19.0,12.0,0.0,0.0,0.0,0.0,7059,7677,0
0.0,30.0,10.0,1.0,0.0,1.0,1.0,8321,12011,4714
0.0,36.0,7.0,1.0,0.0,1.0,1.0,24264,11275,16355
0.0,16.0,9.0,1.0,0.0,0.0,1.0,2870,786,0
0.0,28.0,9.0,1.0,0.0,0.0,1.0,6274,3180,5976
0.0,30.0,17.0,0.0,0.0,0.0,0.0,25862,25244,25565
0.0,38.0,16.0,0.0,0.0,0.0,0.0,25862,25244,21603
0.0,53.0,10.0,0.0,0.0,1.0,1.0,25862,7027,21359
0.0,22.0,13.0,0.0,0.0,0.0,0.0,433,551,19210
0.0,38.0,12.0,0.0,0.0,1.0,0.0,25862,22204,25565
0.0,26.0,13.0,0.0,0.0,1.0,0.0,12698,25244,25565
0.0,21.0,12.0,1.0,0.0,0.0,0.0,10774,7480,8280
0.0,16.0,9.0,1.0,0.0,0.0,1.0,5078,3113,3671
0.0,23.0,12.0,1.0,0.0,1.0,0.0,11677,10794,1002
0.0,48.0,8.0,0.0,0.0,1.0,1.0,1981,2159,949
0.0,43.0,6.0,1.0,0.0,1.0,1.0,10741,7971,10768
0.0,29.0,17.0,0.0,0.0,1.0,0.0,19124,18967,19663
0.0,51.0,16.0,0.0,0.0,1.0,0.0,25862,25244,25565
0.0,25.0,14.0,0.0,0.0,1.0,0.0,18793,25244,19351
0.0,28.0,12.0,0.0,0.0,1.0,0.0,1971,0,0
0.0,24.0,17.0,0.0,0.0,0.0,0.0,25862,25244,25565
0.0,18.0,12.0,0.0,0.0,0.0,0.0,858,0,683
0.0,44.0,7.0,1.0,0.0,1.0,1.0,13117,13128,15113
0.0,54.0,7.0,0.0,0.0,1.0,1.0,22283,21500,22701
0.0,24.0,9.0,0.0,0.0,1.0,1.0,12363,11170,19151
0.0,22.0,12.0,0.0,0.0,0.0,0.0,10149,5749,14666
0.0,27.0,12.0,0.0,0.0,1.0,0.0,16720,17384,15676
0.0,29.0,10.0,0.0,0.0,1.0,1.0,11231,7068,14148
0.0,55.0,12.0,0.0,0.0,1.0,0.0,17835,15368,0
0.0,25.0,13.0,0.0,0.0,1.0,0.0,19262,15400,16193
0.0,30.0,11.0,0.0,0.0,1.0,1.0,25167,23657,23580
0.0,54.0,3.0,1.0,0.0,1.0,1.0,14013,10033,14371
0.0,20.0,12.0,1.0,0.0,0.0,0.0,16568,17293,25303
0.0,44.0,12.0,0.0,0.0,1.0,0.0,20466,20659,20005
0.0,19.0,12.0,0.0,0.0,0.0,0.0,2049,6452,15806
0.0,43.0,12.0,0.0,0.0,1.0,0.0,21260,25145,21677
0.0,42.0,9.0,0.0,0.0,1.0,1.0,25862,25244,0
0.0,54.0,12.0,0.0,0.0,1.0,0.0,25862,25244,25565
0.0,32.0,12.0,0.0,0.0,1.0,0.0,25862,25244,25565
0.0,51.0,7.0,0.0,0.0,1.0,1.0,19555,10046,12008
0.0,55.0,7.0,1.0,0.0,0.0,1.0,25641,24264,1261
0.0,31.0,10.0,1.0,0.0,0.0,1.0,7655,8180,5673
0.0,18.0,10.0,1.0,0.0,0.0,1.0,0,0,362
0.0,29.0,12.0,1.0,0.0,1.0,0.0,25862,25244,25565
0.0,30.0,12.0,1.0,0.0,1.0,0.0,25862,25244,25565
0.0,46.0,12.0,0.0,0.0,1.0,0.0,21019,21632,21969
0.0,21.0,8.0,0.0,0.0,0.0,1.0,4886,2770,5080
0.0,46.0,12.0,0.0,0.0,1.0,0.0,22532,25244,18442
0.0,46.0,7.0,0.0,0.0,1.0,1.0,11428,11972,11831
0.0,22.0,12.0,0.0,0.0,0.0,0.0,9060,7471,4144
0.0,16.0,10.0,0.0,0.0,0.0,1.0,0,457,11608
0.0,28.0,18.0,0.0,0.0,1.0,0.0,14902,15424,8611
0.0,32.0,12.0,0.0,0.0,1.0,0.0,16987,7981,7708
0.0,43.0,8.0,0.0,0.0,1.0,1.0,12796,11961,13631
0.0,43.0,8.0,0.0,0.0,1.0,1.0,18627,17269,17815
0.0,43.0,12.0,0.0,0.0,1.0,0.0,12968,16774,21944
0.0,17.0,11.0,0.0,0.0,0.0,1.0,1223,2650,2704
0.0,37.0,15.0,0.0,0.0,1.0,0.0,25862,25244,25565
0.0,42.0,10.0,0.0,0.0,1.0,1.0,18027,17440,22877
0.0,18.0,11.0,0.0,0.0,0.0,1.0,2763,2175,12533
0.0,24.0,12.0,0.0,0.0,1.0,0.0,21621,21527,21171
0.0,43.0,12.0,0.0,0.0,1.0,0.0,0,0,6413
0.0,17.0,10.0,0.0,0.0,0.0,1.0,0,0,12330
0.0,30.0,8.0,0.0,0.0,1.0,1.0,0,0,0
0.0,51.0,4.0,1.0,0.0,0.0,1.0,14794,14557,15927
0.0,35.0,12.0,0.0,0.0,1.0,0.0,0,2286,924
0.0,29.0,13.0,0.0,0.0,1.0,0.0,6348,18082,5915
0.0,35.0,17.0,1.0,0.0,0.0,0.0,25862,25244,25565
0.0,51.0,18.0,0.0,0.0,1.0,0.0,0,25242,23053
0.0,24.0,9.0,0.0,0.0,0.0,1.0,15694,5985,14109
0.0,32.0,8.0,0.0,0.0,1.0,1.0,15039,15642,9623
0.0,29.0,12.0,0.0,0.0,1.0,0.0,14475,21887,13605
0.0,23.0,10.0,1.0,0.0,0.0,1.0,12966,12316,13399
0.0,46.0,10.0,0.0,0.0,1.0,1.0,13685,5301,12917
0.0,24.0,12.0,0.0,0.0,1.0,0.0,16215,17006,18814
0.0,20.0,12.0,0.0,0.0,1.0,0.0,5703,9410,3115
0.0,37.0,11.0,0.0,0.0,1.0,1.0,15378,15048,15057
0.0,23.0,12.0,0.0,0.0,1.0,0.0,11356,12726,13211
0.0,45.0,9.0,0.0,0.0,1.0,1.0,25862,0,0
0.0,48.0,11.0,0.0,0.0,0.0,1.0,25862,11050,9518
0.0,48.0,9.0,0.0,0.0,1.0,1.0,2132,14598,3520
0.0,35.0,7.0,1.0,0.0,0.0,1.0,11803,10606,12302
0.0,40.0,6.0,0.0,0.0,1.0,1.0,20376,23813,2821
0.0,29.0,16.0,0.0,0.0,0.0,0.0,12972,16779,0
0.0,21.0,13.0,0.0,0.0,0.0,0.0,0,3629,19029
0.0,21.0,12.0,0.0,0.0,0.0,0.0,4618,2250,2432
0.0,29.0,13.0,0.0,0.0,1.0,0.0,5384,0,8068
0.0,30.0,18.0,0.0,0.0,1.0,0.0,25862,25244,25565
0.0,50.0,11.0,0.0,0.0,1.0,1.0,13911,23872,25565
0.0,36.0,12.0,0.0,0.0,1.0,0.0,25862,25244,25565
0.0,34.0,12.0,0.0,0.0,1.0,0.0,25862,24083,23763
0.0,41.0,12.0,0.0,0.0,1.0,0.0,24634,22884,25565
0.0,32.0,14.0,0.0,0.0,1.0,0.0,25862,25244,25565
0.0,41.0,12.0,0.0,0.0,1.0,0.0,18045,16657,15518
0.0,19.0,13.0,0.0,0.0,0.0,0.0,4062,4580,0
0.0,17.0,11.0,0.0,0.0,0.0,1.0,0,1552,888
0.0,38.0,14.0,0.0,0.0,0.0,0.0,19424,19045,21319
0.0,33.0,17.0,0.0,0.0,1.0,0.0,25862,20728,14780
0.0,53.0,12.0,0.0,0.0,1.0,0.0,2917,1801,1339
0.0,25.0,15.0,0.0,0.0,0.0,0.0,6969,5509,14223
0.0,46.0,14.0,0.0,0.0,1.0,0.0,9845,8092,15846
0.0,48.0,18.0,0.0,0.0,1.0,0.0,4898,0,4123
0.0,54.0,12.0,0.0,0.0,1.0,0.0,25862,12083,15484
0.0,17.0,10.0,0.0,0.0,0.0,1.0,0,0,14943
0.0,20.0,12.0,0.0,0.0,1.0,0.0,13654,17416,15451
0.0,50.0,11.0,0.0,0.0,1.0,1.0,20369,19907,18732
0.0,50.0,5.0,0.0,0.0,0.0,1.0,14463,13768,12750
0.0,41.0,4.0,0.0,0.0,0.0,1.0,1528,1396,1537
0.0,36.0,13.0,0.0,0.0,1.0,0.0,25862,25244,23335
0.0,33.0,14.0,0.0,0.0,1.0,0.0,25862,25244,16809
0.0,41.0,12.0,0.0,0.0,1.0,0.0,16317,5964,21440
0.0,33.0,9.0,0.0,0.0,1.0,1.0,18809,15728,22156
0.0,51.0,12.0,0.0,0.0,1.0,0.0,25862,25244,25565
0.0,17.0,11.0,0.0,0.0,0.0,1.0,0,0,0
0.0,39.0,18.0,0.0,0.0,1.0,0.0,25862,25244,25565
0.0,54.0,12.0,0.0,0.0,1.0,0.0,19845,18003,21966
0.0,32.0,17.0,0.0,0.0,1.0,0.0,25122,25244,25528
0.0,34.0,12.0,0.0,0.0,1.0,0.0,23470,22338,20178
0.0,33.0,12.0,0.0,0.0,0.0,0.0,25862,22481,21847
0.0,55.0,8.0,0.0,1.0,1.0,1.0,0,0,0
0.0,24.0,16.0,0.0,0.0,0.0,0.0,762,4460,0
0.0,42.0,16.0,0.0,0.0,0.0,0.0,0,0,23765
0.0,26.0,5.0,0.0,1.0,1.0,1.0,13495,13821,14470
0.0,28.0,8.0,0.0,1.0,1.0,1.0,8305,3718,0
0.0,19.0,9.0,0.0,1.0,0.0,1.0,1822,0,3372
0.0,25.0,16.0,0.0,0.0,0.0,0.0,25862,25244,25565
0.0,34.0,10.0,0.0,0.0,1.0,1.0,19348,18732,10948
0.0,30.0,10.0,0.0,0.0,0.0,1.0,1178,901,0
0.0,33.0,13.0,1.0,0.0,1.0,0.0,14679,6943,12679
0.0,42.0,13.0,1.0,0.0,1.0,0.0,511,3547,11114
0.0,49.0,12.0,1.0,0.0,1.0,0.0,16560,16467,25565
0.0,23.0,10.0,1.0,0.0,1.0,1.0,7790,12582,6223
0.0,30.0,12.0,0.0,0.0,1.0,0.0,25862,25244,25565
0.0,32.0,12.0,0.0,0.0,1.0,0.0,24103,14989,25565
0.0,30.0,11.0,0.0,0.0,0.0,1.0,13748,14127,10907
0.0,32.0,18.0,0.0,0.0,1.0,0.0,25862,25244,25565
0.0,49.0,12.0,0.0,0.0,1.0,0.0,21881,21736,19210
0.0,42.0,12.0,0.0,0.0,1.0,0.0,25862,25244,14925
0.0,17.0,11.0,0.0,0.0,0.0,1.0,0,6268,22224
0.0,42.0,10.0,0.0,0.0,1.0,1.0,16624,16002,13450
0.0,45.0,8.0,0.0,0.0,1.0,1.0,22416,7636,15931
0.0,32.0,12.0,0.0,0.0,1.0,0.0,25862,25244,25565
0.0,34.0,13.0,0.0,0.0,1.0,0.0,25488,24128,22299
0.0,43.0,13.0,0.0,0.0,1.0,0.0,25862,25244,25565
0.0,31.0,17.0,0.0,0.0,1.0,0.0,2469,5405,0
0.0,26.0,13.0,0.0,0.0,1.0,0.0,20668,23120,25565
0.0,25.0,10.0,0.0,0.0,1.0,1.0,19557,12862,21046
0.0,28.0,12.0,0.0,0.0,0.0,0.0,4786,8753,0
0.0,27.0,16.0,0.0,0.0,1.0,0.0,19981,20340,24993
0.0,26.0,12.0,0.0,0.0,1.0,0.0,21072,17921,20922
0.0,30.0,10.0,1.0,0.0,1.0,1.0,25862,25244,25565
0.0,50.0,7.0,0.0,0.0,1.0,1.0,21278,13626,18615
0.0,18.0,11.0,0.0,0.0,0.0,1.0,2469,1452,6967
0.0,22.0,13.0,0.0,0.0,0.0,0.0,10031,8012,20387
0.0,43.0,8.0,0.0,0.0,1.0,1.0,18023,18730,18183
0.0,36.0,12.0,0.0,0.0,1.0,0.0,22923,15710,14959
0.0,38.0,12.0,0.0,0.0,1.0,0.0,24256,15844,23556
0.0,30.0,12.0,0.0,0.0,1.0,0.0,18838,16840,19163
0.0,23.0,12.0,0.0,0.0,1.0,0.0,17569,3831,12833
0.0,34.0,12.0,0.0,0.0,1.0,0.0,25862,25244,25565
0.0,28.0,10.0,0.0,0.0,1.0,1.0,7578,1384,2404
0.0,26.0,12.0,0.0,0.0,0.0,0.0,0,0,0
0.0,22.0,12.0,0.0,0.0,0.0,0.0,13051,12978,7764
0.0,42.0,11.0,0.0,0.0,1.0,1.0,18141,17166,16988
0.0,50.0,16.0,0.0,0.0,1.0,0.0,22986,23272,22589
0.0,52.0,12.0,0.0,0.0,1.0,0.0,25862,23330,25565
0.0,28.0,13.0,0.0,0.0,1.0,0.0,22293,25244,25565
0.0,43.0,14.0,0.0,0.0,1.0,0.0,25862,25244,25565
0.0,19.0,11.0,0.0,0.0,0.0,1.0,1832,3158,6608
0.0,18.0,10.0,0.0,0.0,0.0,1.0,1828,2626,7788
0.0,39.0,10.0,0.0,0.0,1.0,1.0,22745,6494,25565
0.0,22.0,12.0,0.0,0.0,0.0,0.0,15292,16799,19284
0.0,50.0,10.0,0.0,0.0,0.0,1.0,22547,10921,21897
0.0,41.0,12.0,0.0,0.0,1.0,0.0,25218,24151,13950
0.0,21.0,12.0,0.0,0.0,0.0,0.0,6409,0,4882
0.0,36.0,13.0,0.0,0.0,0.0,0.0,25862,25244,25565
0.0,54.0,14.0,0.0,0.0,1.0,0.0,25862,23326,25565
0.0,54.0,11.0,0.0,0.0,1.0,1.0,15694,9052,12652
0.0,34.0,18.0,0.0,0.0,1.0,0.0,25862,25244,12264
0.0,48.0,12.0,0.0,0.0,1.0,0.0,25862,25244,25565
0.0,40.0,16.0,0.0,0.0,1.0,0.0,25862,25244,25565
0.0,17.0,10.0,0.0,0.0,0.0,1.0,0,18,9955
0.0,54.0,12.0,0.0,0.0,1.0,0.0,17402,21618,22374
0.0,19.0,9.0,0.0,0.0,1.0,1.0,6066,3226,13954
0.0,29.0,16.0,0.0,0.0,1.0,0.0,25333,25244,25565
0.0,37.0,13.0,0.0,0.0,1.0,0.0,25862,25244,25565
0.0,42.0,16.0,0.0,0.0,1.0,0.0,15210,15318,13557
0.0,23.0,12.0,0.0,0.0,0.0,0.0,9499,6447,5853
0.0,51.0,14.0,0.0,0.0,1.0,0.0,23552,22474,25565
0.0,22.0,14.0,0.0,0.0,1.0,0.0,22396,17107,17421
0.0,25.0,12.0,0.0,0.0,1.0,0.0,25862,25244,25565
0.0,46.0,12.0,0.0,0.0,1.0,0.0,14099,14009,14272
0.0,26.0,12.0,0.0,0.0,1.0,0.0,25862,25244,25565
0.0,46.0,14.0,0.0,0.0,1.0,0.0,25135,25244,24468
0.0,28.0,14.0,0.0,0.0,1.0,0.0,25862,25244,25565
0.0,28.0,17.0,0.0,0.0,1.0,0.0,1763,1789,3103
0.0,34.0,12.0,0.0,0.0,0.0,0.0,8125,0,6032
0.0,36.0,6.0,0.0,1.0,1.0,1.0,12085,9811,14879
0.0,17.0,11.0,0.0,0.0,0.0,1.0,3366,4633,10818
0.0,41.0,12.0,0.0,0.0,1.0,0.0,18133,16831,17496
0.0,32.0,12.0,0.0,0.0,1.0,0.0,5780,6979,24232
0.0,26.0,12.0,0.0,0.0,0.0,0.0,5218,3174,25565
0.0,28.0,13.0,0.0,0.0,1.0,0.0,22506,20981,24820
0.0,35.0,12.0,1.0,0.0,1.0,0.0,14775,12724,8408
0.0,22.0,12.0,0.0,0.0,1.0,0.0,4720,0,0
0.0,33.0,9.0,0.0,0.0,1.0,1.0,6178,4750,10072
0.0,37.0,10.0,0.0,1.0,1.0,1.0,18560,14417,13368
0.0,16.0,9.0,0.0,1.0,0.0,1.0,0,0,554
0.0,50.0,12.0,0.0,0.0,1.0,0.0,0,0,0
0.0,19.0,13.0,0.0,0.0,0.0,0.0,5329,7285,3165
0.0,52.0,12.0,0.0,0.0,1.0,0.0,22402,14271,25565
0.0,26.0,9.0,0.0,0.0,0.0,1.0,19493,11170,25565
0.0,55.0,9.0,0.0,0.0,1.0,1.0,25862,22374,22608
0.0,18.0,12.0,0.0,0.0,0.0,0.0,3390,6334,5239
0.0,38.0,12.0,0.0,0.0,1.0,0.0,0,0,0
0.0,20.0,13.0,0.0,0.0,0.0,0.0,1297,12654,0
0.0,22.0,16.0,0.0,0.0,0.0,0.0,8564,15647,23251
0.0,20.0,12.0,0.0,0.0,0.0,0.0,5784,11839,16267
0.0,33.0,18.0,0.0,0.0,1.0,0.0,0,0,0
0.0,54.0,13.0,0.0,0.0,1.0,0.0,7996,7138,10691
0.0,39.0,12.0,0.0,0.0,1.0,0.0,25862,25244,25565
0.0,32.0,11.0,0.0,0.0,1.0,1.0,19700,20016,25565
0.0,38.0,12.0,0.0,0.0,1.0,0.0,23999,24758,22798
0.0,24.0,12.0,0.0,0.0,0.0,0.0,3533,4555,3564
0.0,20.0,12.0,0.0,0.0,0.0,0.0,8838,8384,0
0.0,43.0,11.0,0.0,0.0,1.0,1.0,17682,19592,20607
0.0,17.0,11.0,0.0,0.0,0.0,1.0,0,798,5469
0.0,54.0,12.0,0.0,0.0,1.0,0.0,0,0,0
0.0,24.0,16.0,0.0,0.0,0.0,0.0,5948,623,25565
0.0,46.0,12.0,0.0,0.0,1.0,0.0,2641,1951,2740
0.0,46.0,9.0,0.0,0.0,1.0,1.0,25862,12661,10368
0.0,53.0,10.0,0.0,0.0,1.0,1.0,25862,25244,106
0.0,16.0,10.0,0.0,0.0,0.0,1.0,0,2207,11121
0.0,45.0,11.0,0.0,0.0,1.0,1.0,25862,25244,25565
0.0,18.0,11.0,0.0,0.0,0.0,1.0,1671,4245,11045
0.0,30.0,10.0,0.0,0.0,1.0,1.0,16417,14478,17614
0.0,49.0,10.0,0.0,0.0,1.0,1.0,19493,20875,14891
0.0,48.0,12.0,0.0,0.0,1.0,0.0,25862,25244,3391
0.0,27.0,17.0,0.0,0.0,0.0,0.0,15365,15429,25565
0.0,48.0,12.0,0.0,0.0,1.0,0.0,25862,25244,25565
0.0,43.0,12.0,0.0,0.0,1.0,0.0,0,18213,12893
0.0,18.0,10.0,0.0,0.0,0.0,1.0,1967,36,0
0.0,25.0,13.0,0.0,0.0,0.0,0.0,16942,16906,17186
0.0,24.0,12.0,0.0,0.0,0.0,0.0,1781,4297,7340
0.0,53.0,12.0,0.0,0.0,1.0,0.0,9761,13393,2936
0.0,32.0,16.0,0.0,0.0,1.0,0.0,25482,25244,22151
0.0,34.0,9.0,0.0,0.0,1.0,1.0,25862,25244,11786
0.0,47.0,13.0,0.0,0.0,1.0,0.0,22581,23254,25488
0.0,21.0,12.0,0.0,0.0,1.0,0.0,14201,12371,12546
0.0,23.0,12.0,0.0,0.0,1.0,0.0,11399,14000,23920
0.0,53.0,6.0,1.0,0.0,1.0,1.0,24342,15075,0
0.0,21.0,13.0,1.0,0.0,0.0,0.0,11411,9616,8275
0.0,22.0,12.0,1.0,0.0,1.0,0.0,15833,16731,20446
0.0,21.0,15.0,0.0,0.0,1.0,0.0,8062,6429,12039
0.0,33.0,13.0,0.0,0.0,0.0,0.0,15913,15701,16694
0.0,23.0,12.0,0.0,0.0,0.0,0.0,5592,1819,13285
0.0,26.0,16.0,0.0,0.0,0.0,0.0,12863,13855,5163
0.0,29.0,16.0,0.0,0.0,1.0,0.0,19720,25244,25565
0.0,27.0,16.0,0.0,0.0,1.0,0.0,9553,16788,25565
0.0,29.0,18.0,0.0,0.0,1.0,0.0,20704,21656,22018
0.0,25.0,12.0,0.0,0.0,1.0,0.0,25862,25244,25565
0.0,18.0,10.0,0.0,0.0,1.0,1.0,4113,2283,2115
0.0,35.0,9.0,0.0,0.0,0.0,1.0,13431,14869,9381
0.0,30.0,12.0,0.0,0.0,1.0,0.0,15976,15907,16388
0.0,29.0,12.0,0.0,1.0,1.0,0.0,23145,25170,25565
0.0,31.0,14.0,0.0,0.0,1.0,0.0,0,0,0
0.0,23.0,10.0,0.0,0.0,1.0,1.0,10700,5154,16716
0.0,38.0,12.0,0.0,1.0,1.0,0.0,25862,25244,21900
0.0,29.0,12.0,0.0,0.0,1.0,0.0,17085,18367,23957
0.0,27.0,12.0,0.0,0.0,1.0,0.0,15510,0,12593
0.0,33.0,12.0,0.0,0.0,1.0,0.0,16705,16603,18361
0.0,34.0,13.0,0.0,0.0,1.0,0.0,17132,20879,19088
0.0,42.0,10.0,0.0,0.0,0.0,1.0,4585,4189,3458
0.0,29.0,12.0,0.0,0.0,1.0,0.0,18350,18879,21131
0.0,23.0,9.0,0.0,0.0,1.0,1.0,9824,7113,16942
0.0,26.0,12.0,0.0,0.0,0.0,0.0,16587,9184,0
0.0,23.0,16.0,0.0,1.0,1.0,0.0,7882,15683,15766
0.0,28.0,15.0,0.0,0.0,1.0,0.0,25862,21590,24813
0.0,38.0,12.0,0.0,0.0,1.0,0.0,25862,25244,0
0.0,49.0,8.0,0.0,0.0,1.0,1.0,9169,9131,9019
0.0,46.0,8.0,0.0,0.0,1.0,1.0,10711,11168,10241
0.0,44.0,12.0,0.0,0.0,1.0,0.0,24730,24672,25565
0.0,25.0,9.0,1.0,0.0,1.0,1.0,10157,7629,4566
0.0,43.0,12.0,0.0,0.0,1.0,0.0,25862,25244,25565
0.0,19.0,12.0,0.0,0.0,0.0,0.0,1387,6991,7864
0.0,42.0,10.0,0.0,0.0,1.0,1.0,17959,12452,20496
0.0,17.0,11.0,0.0,0.0,0.0,1.0,1409,47,8139
0.0,16.0,10.0,0.0,0.0,0.0,1.0,0,0,12902
0.0,53.0,13.0,0.0,0.0,1.0,0.0,25862,25244,25565
0.0,48.0,11.0,0.0,0.0,1.0,1.0,18572,18693,19441
0.0,26.0,13.0,0.0,0.0,1.0,0.0,25862,25244,0
0.0,35.0,12.0,0.0,0.0,1.0,0.0,22847,24783,25565
0.0,46.0,7.0,1.0,0.0,1.0,1.0,25862,22315,25565
0.0,24.0,7.0,1.0,0.0,0.0,1.0,18074,9555,16317
0.0,19.0,12.0,1.0,0.0,0.0,0.0,2241,6630,24935
0.0,18.0,10.0,1.0,0.0,0.0,1.0,0,0,5307
0.0,53.0,8.0,0.0,1.0,1.0,1.0,4481,36,11640
0.0,39.0,4.0,0.0,1.0,1.0,1.0,6691,9931,10145
0.0,53.0,8.0,0.0,1.0,1.0,1.0,12434,11913,7220
0.0,39.0,12.0,1.0,0.0,1.0,0.0,25862,22127,25565
0.0,49.0,12.0,1.0,0.0,1.0,0.0,25862,25244,23466
0.0,36.0,9.0,1.0,0.0,1.0,1.0,23294,24776,20679
0.0,29.0,10.0,0.0,1.0,1.0,1.0,11728,12235,15374
0.0,32.0,16.0,0.0,0.0,1.0,0.0,18817,19396,0
0.0,51.0,10.0,0.0,0.0,1.0,1.0,17970,19343,25565
0.0,34.0,18.0,0.0,0.0,1.0,0.0,25862,25244,25565
0.0,47.0,12.0,0.0,0.0,1.0,0.0,8053,7534,0
0.0,24.0,16.0,0.0,0.0,0.0,0.0,0,0,22312
0.0,23.0,12.0,0.0,0.0,1.0,0.0,0,16227,0
0.0,34.0,12.0,0.0,0.0,1.0,0.0,25862,25244,25565
0.0,44.0,11.0,0.0,0.0,1.0,1.0,25862,25244,25565
0.0,21.0,7.0,0.0,1.0,1.0,1.0,6732,8241,6201
0.0,34.0,11.0,0.0,1.0,1.0,1.0,25216,22003,24007
0.0,52.0,13.0,0.0,0.0,1.0,0.0,25470,25242,23429
0.0,23.0,9.0,0.0,0.0,0.0,1.0,5504,1729,5487
0.0,37.0,14.0,0.0,0.0,1.0,0.0,8537,0,1532
0.0,21.0,12.0,0.0,0.0,0.0,0.0,3513,4399,0
0.0,52.0,8.0,0.0,1.0,1.0,1.0,23658,24209,22781
0.0,39.0,12.0,0.0,0.0,1.0,0.0,25862,25244,25565
0.0,30.0,17.0,0.0,0.0,0.0,0.0,2355,11417,12129
0.0,30.0,13.0,0.0,0.0,1.0,0.0,21597,15818,12355
0.0,39.0,12.0,0.0,0.0,1.0,0.0,20502,25244,25565
0.0,53.0,11.0,0.0,0.0,1.0,1.0,0,0,0
0.0,53.0,12.0,0.0,0.0,1.0,0.0,21748,19219,15346
0.0,27.0,12.0,0.0,0.0,0.0,0.0,16323,16774,17672
0.0,39.0,10.0,0.0,1.0,1.0,1.0,12696,10635,13832
0.0,36.0,11.0,0.0,0.0,1.0,1.0,11638,10635,12236
0.0,42.0,8.0,0.0,0.0,1.0,1.0,16419,17662,18318
0.0,38.0,12.0,1.0,0.0,1.0,0.0,18425,19244,19558
0.0,45.0,18.0,0.0,0.0,1.0,0.0,25862,25244,25565
0.0,32.0,18.0,0.0,0.0,0.0,0.0,20533,21045,13480
0.0,40.0,13.0,0.0,1.0,1.0,0.0,8973,12731,24674
0.0,34.0,12.0,1.0,0.0,1.0,0.0,19256,17681,16712
0.0,51.0,12.0,0.0,0.0,1.0,0.0,1323,0,0
0.0,47.0,13.0,1.0,0.0,1.0,0.0,25862,25244,25565
0.0,28.0,14.0,1.0,0.0,1.0,0.0,24232,23960,20948
0.0,54.0,16.0,0.0,1.0,1.0,0.0,25862,25244,25565
0.0,51.0,18.0,0.0,0.0,0.0,0.0,25862,25244,25565
0.0,41.0,16.0,0.0,0.0,1.0,0.0,25862,25244,25565
0.0,50.0,0.0,0.0,0.0,1.0,1.0,0,8089,5453
0.0,33.0,3.0,0.0,1.0,1.0,1.0,17059,17982,24681
0.0,29.0,12.0,0.0,0.0,1.0,0.0,25862,25244,25565
0.0,37.0,12.0,0.0,0.0,1.0,0.0,19171,18428,20456
0.0,51.0,10.0,0.0,0.0,1.0,1.0,24479,20223,0
0.0,28.0,16.0,0.0,0.0,0.0,0.0,13772,12457,15054
0.0,43.0,10.0,0.0,0.0,1.0,1.0,19146,19207,16921
0.0,44.0,12.0,0.0,0.0,1.0,0.0,25862,25244,25565
0.0,51.0,12.0,0.0,0.0,1.0,0.0,25862,25244,0
0.0,21.0,14.0,0.0,0.0,0.0,0.0,0,1447,25540
0.0,42.0,9.0,0.0,0.0,1.0,1.0,0,0,0
0.0,39.0,12.0,0.0,0.0,1.0,0.0,14152,17269,20688
0.0,29.0,18.0,0.0,0.0,1.0,0.0,12814,25244,25565
0.0,37.0,11.0,0.0,0.0,1.0,1.0,25862,25244,25565
0.0,29.0,18.0,0.0,0.0,1.0,0.0,25862,25244,25565
0.0,54.0,12.0,0.0,0.0,1.0,0.0,4069,4805,2904
0.0,21.0,12.0,0.0,0.0,0.0,0.0,0,0,0
0.0,30.0,9.0,1.0,0.0,1.0,1.0,25862,21058,0
0.0,25.0,13.0,0.0,0.0,1.0,0.0,10437,18555,5797
0.0,41.0,10.0,0.0,1.0,1.0,1.0,21993,12511,0
0.0,52.0,12.0,0.0,0.0,1.0,0.0,10084,17860,0
0.0,24.0,14.0,0.0,0.0,0.0,0.0,1217,7091,0
0.0,38.0,13.0,0.0,0.0,1.0,0.0,25862,25244,25565
0.0,32.0,13.0,0.0,0.0,1.0,0.0,25862,25244,25565
0.0,33.0,0.0,0.0,0.0,1.0,1.0,25862,25244,25565
0.0,26.0,13.0,0.0,0.0,1.0,0.0,20584,22177,25565
0.0,17.0,11.0,1.0,0.0,0.0,1.0,0,2680,27
0.0,50.0,8.0,0.0,0.0,1.0,1.0,18482,25244,25565
0.0,35.0,16.0,0.0,0.0,1.0,0.0,17912,25244,22188
0.0,21.0,15.0,0.0,0.0,0.0,0.0,2241,3292,2598
0.0,46.0,14.0,0.0,0.0,1.0,0.0,25862,25244,25565
0.0,33.0,14.0,0.0,0.0,0.0,0.0,25862,25244,25565
0.0,42.0,13.0,0.0,0.0,1.0,0.0,19845,17286,208
0.0,26.0,12.0,0.0,0.0,1.0,0.0,0,7185,15117
0.0,29.0,18.0,0.0,0.0,1.0,0.0,24066,25244,21975
0.0,24.0,13.0,0.0,0.0,0.0,0.0,0,6613,3405
0.0,34.0,12.0,1.0,0.0,1.0,0.0,25862,25244,25565
0.0,53.0,12.0,0.0,0.0,1.0,0.0,25862,25244,19107
0.0,40.0,12.0,0.0,1.0,0.0,0.0,13617,2229,876
0.0,39.0,18.0,0.0,0.0,1.0,0.0,25862,25244,20298
0.0,24.0,16.0,0.0,0.0,1.0,0.0,19781,22542,0
0.0,54.0,8.0,0.0,0.0,1.0,1.0,12343,14233,11526
0.0,39.0,12.0,0.0,0.0,1.0,0.0,25862,25244,25565
0.0,30.0,12.0,0.0,0.0,1.0,0.0,0,0,0
0.0,53.0,12.0,0.0,0.0,1.0,0.0,25862,25244,25565
0.0,42.0,12.0,0.0,0.0,1.0,0.0,25862,25244,25565
0.0,26.0,16.0,0.0,0.0,1.0,0.0,17577,18609,23420
0.0,23.0,16.0,0.0,0.0,1.0,0.0,2145,3718,8875
0.0,39.0,10.0,0.0,0.0,1.0,1.0,25862,24868,25565
0.0,35.0,11.0,0.0,0.0,1.0,1.0,20874,21018,23955
0.0,26.0,14.0,0.0,0.0,0.0,0.0,20535,6092,18525
0.0,45.0,0.0,0.0,0.0,0.0,1.0,0,0,0
0.0,23.0,16.0,0.0,0.0,1.0,0.0,5507,14550,21041
0.0,29.0,16.0,0.0,0.0,1.0,0.0,13580,21135,23416
0.0,29.0,12.0,0.0,0.0,1.0,0.0,25862,15436,0
0.0,32.0,14.0,0.0,0.0,1.0,0.0,25862,25244,25565
0.0,48.0,8.0,0.0,0.0,1.0,1.0,24134,23661,25565
0.0,44.0,12.0,0.0,0.0,1.0,0.0,25862,25056,25565
0.0,19.0,12.0,0.0,0.0,0.0,0.0,5956,10205,0
0.0,16.0,9.0,0.0,0.0,0.0,1.0,0,519,4064
0.0,55.0,7.0,0.0,0.0,1.0,1.0,4455,15271,6966
0.0,40.0,12.0,0.0,0.0,1.0,0.0,21523,20234,24657
0.0,41.0,6.0,0.0,0.0,1.0,1.0,13897,14618,7096
0.0,18.0,12.0,0.0,0.0,0.0,0.0,0,0,1355
0.0,19.0,11.0,0.0,0.0,0.0,1.0,3454,6961,21384
0.0,41.0,5.0,0.0,0.0,1.0,1.0,10786,11992,19451
0.0,17.0,10.0,0.0,0.0,0.0,1.0,568,1525,6232
0.0,25.0,12.0,0.0,0.0,1.0,0.0,4802,10396,18990
0.0,45.0,8.0,0.0,0.0,1.0,1.0,11089,10635,10307
0.0,54.0,10.0,0.0,0.0,1.0,1.0,5668,7424,6916
0.0,44.0,12.0,0.0,0.0,1.0,0.0,25862,25244,25565
0.0,19.0,12.0,0.0,0.0,0.0,0.0,0,0,983
0.0,27.0,12.0,0.0,0.0,1.0,0.0,13834,14518,13130
0.0,35.0,12.0,0.0,0.0,1.0,0.0,1469,2720,0
0.0,31.0,8.0,0.0,0.0,1.0,1.0,24967,20854,24396
0.0,26.0,12.0,0.0,0.0,1.0,0.0,0,0,11244
0.0,48.0,12.0,0.0,0.0,1.0,0.0,13198,13189,7743
0.0,33.0,12.0,0.0,0.0,1.0,0.0,14263,13911,6195
0.0,22.0,13.0,0.0,1.0,1.0,0.0,19220,20761,23045
0.0,41.0,12.0,0.0,0.0,1.0,0.0,25635,21067,22130
0.0,46.0,11.0,0.0,0.0,1.0,1.0,5674,4972,0
0.0,16.0,10.0,0.0,0.0,0.0,1.0,0,0,0
0.0,25.0,12.0,0.0,0.0,1.0,0.0,0,0,0
0.0,51.0,12.0,0.0,0.0,1.0,0.0,20455,19921,18514
0.0,25.0,13.0,0.0,0.0,1.0,0.0,24215,25244,25565
0.0,32.0,14.0,0.0,0.0,1.0,0.0,25862,25244,25565
0.0,40.0,16.0,0.0,0.0,1.0,0.0,25862,25244,8795
0.0,17.0,10.0,0.0,0.0,0.0,1.0,208,1029,9141
0.0,32.0,17.0,0.0,0.0,1.0,0.0,25862,25244,25565
0.0,48.0,17.0,0.0,0.0,1.0,0.0,25862,25244,25565
0.0,19.0,13.0,0.0,0.0,0.0,0.0,2686,3366,5707
0.0,31.0,12.0,0.0,0.0,1.0,0.0,25862,25244,25565
0.0,29.0,13.0,0.0,0.0,1.0,0.0,16293,17903,24419
0.0,42.0,6.0,0.0,0.0,1.0,1.0,18823,11118,19134
0.0,31.0,12.0,0.0,0.0,1.0,0.0,22449,14568,22337
0.0,44.0,11.0,1.0,0.0,1.0,1.0,0,0,0
0.0,28.0,14.0,0.0,0.0,1.0,0.0,23119,23460,25565
0.0,55.0,12.0,0.0,0.0,1.0,0.0,25862,24690,23129
0.0,40.0,12.0,0.0,0.0,1.0,0.0,25862,25244,25565
0.0,43.0,12.0,0.0,0.0,1.0,0.0,24215,25244,23887
0.0,45.0,8.0,0.0,0.0,1.0,1.0,25862,25244,24836
0.0,16.0,10.0,0.0,0.0,0.0,1.0,4685,2585,3159
0.0,50.0,11.0,0.0,0.0,1.0,1.0,0,0,0
0.0,42.0,12.0,0.0,0.0,1.0,0.0,10437,0,0
0.0,22.0,14.0,0.0,0.0,1.0,0.0,9463,12582,0
0.0,20.0,12.0,0.0,0.0,1.0,0.0,17484,18686,21106
0.0,24.0,11.0,0.0,0.0,1.0,1.0,17998,14998,23191
0.0,55.0,10.0,0.0,0.0,1.0,1.0,15490,1065,12117
0.0,20.0,12.0,0.0,0.0,1.0,0.0,13877,18682,5909
0.0,49.0,10.0,0.0,0.0,0.0,1.0,25821,23108,22420
0.0,27.0,12.0,0.0,0.0,0.0,0.0,4763,0,10641
0.0,53.0,12.0,0.0,0.0,1.0,0.0,21140,21063,22033
0.0,23.0,13.0,0.0,0.0,0.0,0.0,6234,10935,14168
0.0,22.0,13.0,0.0,0.0,0.0,0.0,10580,18802,16224
0.0,33.0,16.0,0.0,0.0,1.0,0.0,25862,25244,25565
0.0,28.0,13.0,0.0,0.0,1.0,0.0,25862,25244,25565
0.0,19.0,12.0,0.0,0.0,0.0,0.0,2386,3672,0
0.0,55.0,11.0,0.0,0.0,1.0,1.0,12071,11947,7225
0.0,20.0,12.0,0.0,0.0,0.0,0.0,3092,3883,11050
0.0,33.0,12.0,0.0,0.0,1.0,0.0,25862,25244,25565
0.0,29.0,18.0,0.0,0.0,1.0,0.0,25862,24409,25565
0.0,32.0,12.0,0.0,0.0,1.0,0.0,16158,4707,12205
0.0,32.0,12.0,0.0,0.0,1.0,0.0,24119,25244,25565
0.0,45.0,10.0,0.0,0.0,1.0,1.0,19871,20236,22747
0.0,32.0,8.0,0.0,0.0,1.0,1.0,23354,25244,6369
0.0,45.0,8.0,0.0,0.0,1.0,1.0,23131,21896,25479
0.0,26.0,12.0,0.0,0.0,1.0,0.0,7655,25244,11407
0.0,27.0,0.0,0.0,0.0,0.0,1.0,8250,8357,8426
0.0,34.0,10.0,0.0,0.0,1.0,1.0,0,0,12639
0.0,23.0,9.0,0.0,0.0,1.0,1.0,14736,12932,16350
0.0,45.0,12.0,0.0,0.0,1.0,0.0,21922,22572,19892
0.0,16.0,9.0,0.0,0.0,0.0,1.0,0,0,0
0.0,34.0,11.0,0.0,0.0,1.0,1.0,19697,23550,25565
0.0,28.0,16.0,0.0,0.0,0.0,0.0,14158,14355,11526
0.0,34.0,11.0,0.0,0.0,1.0,1.0,25862,25244,25565
0.0,42.0,13.0,0.0,0.0,1.0,0.0,22265,22315,19617
0.0,24.0,14.0,0.0,0.0,1.0,0.0,15651,16979,18947
0.0,16.0,10.0,0.0,1.0,0.0,1.0,0,0,8286
0.0,30.0,12.0,0.0,0.0,1.0,0.0,20151,19105,21044
0.0,39.0,7.0,0.0,0.0,1.0,1.0,15923,14242,22309
0.0,49.0,9.0,0.0,0.0,1.0,1.0,25862,19626,25565
0.0,38.0,12.0,0.0,0.0,1.0,0.0,25862,15504,22806
0.0,26.0,14.0,0.0,0.0,1.0,0.0,8634,10840,25565
0.0,41.0,12.0,0.0,0.0,1.0,0.0,18764,12298,25565
0.0,33.0,11.0,0.0,0.0,1.0,1.0,8262,12976,13508
0.0,34.0,12.0,0.0,0.0,1.0,0.0,13194,9311,25565
0.0,30.0,12.0,0.0,0.0,1.0,0.0,24218,13248,16323
0.0,38.0,12.0,0.0,0.0,1.0,0.0,19250,8867,13051
0.0,29.0,12.0,0.0,0.0,1.0,0.0,22767,23605,22358
0.0,46.0,12.0,0.0,0.0,1.0,0.0,25860,25242,25565
0.0,21.0,15.0,0.0,0.0,0.0,0.0,3092,1651,0
0.0,25.0,12.0,0.0,0.0,0.0,0.0,12259,9956,14993
0.0,26.0,12.0,0.0,0.0,0.0,0.0,8844,13161,1925
0.0,47.0,12.0,0.0,0.0,1.0,0.0,0,0,0
0.0,31.0,9.0,0.0,0.0,1.0,1.0,14066,5403,5258
0.0,29.0,12.0,0.0,0.0,0.0,0.0,0,0,0
0.0,49.0,13.0,0.0,0.0,1.0,0.0,20288,20542,21108
0.0,37.0,8.0,0.0,0.0,1.0,1.0,14975,1533,6254
0.0,48.0,12.0,0.0,0.0,1.0,0.0,12014,13150,13634
0.0,48.0,14.0,0.0,0.0,1.0,0.0,25862,18573,0
0.0,25.0,12.0,0.0,0.0,1.0,0.0,21470,3405,7981
0.0,20.0,12.0,0.0,0.0,0.0,0.0,0,718,253
0.0,46.0,11.0,0.0,0.0,1.0,1.0,25862,25244,21517
0.0,39.0,12.0,0.0,0.0,1.0,0.0,17234,18442,19151
0.0,23.0,16.0,0.0,0.0,1.0,0.0,776,12479,0
0.0,24.0,12.0,0.0,0.0,1.0,0.0,13799,21239,25565
0.0,33.0,11.0,0.0,0.0,1.0,1.0,0,0,0
0.0,50.0,12.0,0.0,0.0,1.0,0.0,19930,3190,18597
0.0,31.0,16.0,0.0,0.0,0.0,0.0,17798,18419,19454
0.0,17.0,11.0,0.0,0.0,0.0,1.0,3139,6297,4551
0.0,16.0,10.0,0.0,0.0,0.0,1.0,0,0,709
0.0,44.0,17.0,0.0,0.0,1.0,0.0,25862,25244,25565
0.0,35.0,14.0,0.0,0.0,1.0,0.0,25862,25244,25565
0.0,42.0,16.0,0.0,0.0,1.0,0.0,25862,25244,25565
0.0,24.0,10.0,1.0,0.0,1.0,1.0,12242,10622,8197
0.0,26.0,16.0,0.0,0.0,1.0,0.0,25862,25244,25565
0.0,43.0,12.0,0.0,0.0,0.0,0.0,17036,16876,19423
0.0,41.0,12.0,0.0,0.0,1.0,0.0,25862,22531,25565
0.0,54.0,16.0,0.0,0.0,1.0,0.0,25862,25244,4
0.0,51.0,10.0,0.0,0.0,1.0,1.0,25680,25244,19793
0.0,44.0,12.0,0.0,0.0,1.0,0.0,25862,22143,25565
0.0,19.0,12.0,0.0,0.0,0.0,0.0,8282,2972,9889
0.0,29.0,16.0,0.0,0.0,0.0,0.0,17059,17296,22720
0.0,27.0,12.0,0.0,0.0,1.0,0.0,22034,21058,2149
0.0,49.0,12.0,0.0,0.0,0.0,0.0,25862,25244,22658
0.0,55.0,8.0,0.0,0.0,1.0,1.0,25443,25244,25565
0.0,43.0,11.0,0.0,0.0,1.0,1.0,25862,17169,22670
0.0,18.0,9.0,0.0,0.0,0.0,1.0,5280,1817,10264
0.0,32.0,16.0,0.0,0.0,1.0,0.0,25862,25244,25565
0.0,24.0,12.0,0.0,0.0,0.0,0.0,17044,9596,25565
0.0,45.0,12.0,0.0,0.0,1.0,0.0,25862,25244,25565
0.0,17.0,10.0,0.0,0.0,0.0,1.0,0,0,4863
0.0,40.0,12.0,0.0,0.0,1.0,0.0,25862,25244,25565
0.0,27.0,12.0,0.0,0.0,1.0,0.0,18374,20166,24678
0.0,28.0,18.0,0.0,0.0,1.0,0.0,15988,10273,25565
0.0,33.0,18.0,0.0,0.0,1.0,0.0,22923,25244,25565
0.0,28.0,12.0,0.0,0.0,1.0,0.0,25862,21896,24344
0.0,31.0,16.0,0.0,1.0,1.0,0.0,0,0,0
0.0,43.0,14.0,0.0,0.0,1.0,0.0,0,0,0
0.0,54.0,8.0,0.0,0.0,1.0,1.0,25862,25073,25565
0.0,21.0,13.0,0.0,0.0,0.0,0.0,14896,9184,5530
0.0,31.0,11.0,0.0,0.0,1.0,1.0,17820,17773,17625
0.0,37.0,11.0,0.0,0.0,1.0,1.0,25862,25244,25565
0.0,39.0,12.0,0.0,0.0,1.0,0.0,25862,21115,25565
0.0,50.0,8.0,0.0,0.0,1.0,1.0,25862,25244,25565
0.0,18.0,10.0,0.0,0.0,0.0,1.0,2974,4019,0
0.0,47.0,8.0,0.0,0.0,1.0,1.0,25862,11295,19237
0.0,19.0,12.0,0.0,0.0,0.0,0.0,1507,618,5376
0.0,16.0,8.0,0.0,0.0,0.0,1.0,0,0,528
0.0,50.0,16.0,0.0,0.0,1.0,0.0,25862,25244,25565
0.0,25.0,12.0,0.0,0.0,0.0,0.0,844,2345,10666
0.0,37.0,9.0,0.0,0.0,1.0,1.0,25862,23097,25565
0.0,21.0,12.0,0.0,0.0,0.0,0.0,9841,4272,5883
0.0,52.0,10.0,0.0,0.0,1.0,1.0,25862,25244,25565
0.0,29.0,16.0,0.0,0.0,1.0,0.0,24211,19427,21730
0.0,50.0,13.0,1.0,0.0,0.0,0.0,1056,1031,2500
0.0,35.0,13.0,0.0,0.0,1.0,0.0,25862,24425,25565
0.0,30.0,18.0,0.0,0.0,1.0,0.0,25245,21876,25565
0.0,21.0,16.0,0.0,0.0,1.0,0.0,4745,2324,19284
0.0,53.0,8.0,0.0,0.0,1.0,1.0,22520,21074,23122
0.0,17.0,9.0,0.0,0.0,1.0,1.0,4373,6001,856
0.0,32.0,12.0,0.0,0.0,1.0,0.0,20600,17470,23870
0.0,36.0,18.0,0.0,0.0,1.0,0.0,25862,25244,25565
0.0,39.0,18.0,0.0,0.0,1.0,0.0,25862,25244,25565
0.0,22.0,12.0,0.0,0.0,1.0,0.0,18125,17801,25565
0.0,33.0,11.0,0.0,0.0,1.0,1.0,16407,13777,17620
0.0,44.0,10.0,0.0,0.0,1.0,1.0,18597,25244,12676
0.0,34.0,12.0,0.0,1.0,1.0,0.0,25862,25244,25565
0.0,55.0,10.0,0.0,0.0,1.0,1.0,13807,10754,10719
0.0,39.0,16.0,0.0,0.0,1.0,0.0,24452,24060,24566
0.0,54.0,12.0,0.0,0.0,1.0,0.0,25862,25244,25565
0.0,24.0,16.0,0.0,0.0,0.0,0.0,14771,16340,0
0.0,22.0,16.0,0.0,0.0,1.0,0.0,1759,4569,0
0.0,46.0,12.0,0.0,0.0,1.0,0.0,0,0,0
0.0,26.0,13.0,0.0,0.0,1.0,0.0,25862,22986,25565
0.0,21.0,13.0,0.0,0.0,0.0,0.0,49,5505,21895
0.0,43.0,16.0,0.0,0.0,1.0,0.0,25862,25244,22108
0.0,37.0,18.0,0.0,0.0,1.0,0.0,25862,23428,25565
0.0,51.0,8.0,0.0,0.0,1.0,1.0,22492,19430,23137
0.0,46.0,10.0,0.0,0.0,1.0,1.0,25862,25244,25565
0.0,47.0,11.0,0.0,0.0,1.0,1.0,25862,25244,25565
0.0,25.0,12.0,1.0,0.0,1.0,0.0,0,0,0
0.0,31.0,11.0,1.0,0.0,1.0,1.0,0,0,0
0.0,33.0,12.0,1.0,0.0,1.0,0.0,25862,25244,25565
0.0,54.0,7.0,0.0,0.0,1.0,1.0,25862,25244,25565
0.0,16.0,9.0,0.0,0.0,0.0,1.0,0,0,5679
0.0,40.0,13.0,0.0,0.0,1.0,0.0,1940,0,0
0.0,44.0,12.0,0.0,0.0,1.0,0.0,22030,14598,25565
0.0,22.0,15.0,0.0,0.0,1.0,0.0,2063,0,0
0.0,53.0,12.0,1.0,0.0,0.0,0.0,0,0,0
0.0,19.0,12.0,1.0,0.0,0.0,0.0,496,304,1535
0.0,30.0,6.0,0.0,1.0,1.0,1.0,25753,19251,25565
0.0,31.0,16.0,0.0,0.0,0.0,0.0,25862,25244,25565
0.0,36.0,13.0,0.0,0.0,0.0,0.0,5611,14314,0
0.0,26.0,14.0,0.0,0.0,0.0,0.0,0,14,0
0.0,25.0,16.0,0.0,0.0,1.0,0.0,0,3552,10867
0.0,38.0,14.0,0.0,0.0,1.0,0.0,0,179,14470
0.0,53.0,16.0,1.0,0.0,1.0,0.0,2567,4032,2783
0.0,21.0,12.0,1.0,0.0,0.0,0.0,24395,16840,22065
0.0,52.0,11.0,0.0,0.0,1.0,1.0,25862,25244,1615
0.0,39.0,8.0,0.0,0.0,1.0,1.0,25862,25244,25565
0.0,48.0,8.0,0.0,0.0,0.0,1.0,20235,13277,19510
0.0,49.0,9.0,0.0,0.0,1.0,1.0,11509,485,15383
0.0,39.0,12.0,0.0,0.0,0.0,0.0,22438,23532,7820
0.0,53.0,8.0,0.0,0.0,1.0,1.0,25862,22891,25565
0.0,28.0,16.0,0.0,0.0,0.0,0.0,14399,23331,24904
0.0,23.0,16.0,0.0,0.0,1.0,0.0,2847,0,8281
0.0,31.0,12.0,0.0,0.0,1.0,0.0,20786,20057,0
0.0,55.0,9.0,0.0,1.0,1.0,1.0,17298,17205,3016
0.0,18.0,12.0,0.0,0.0,0.0,0.0,0,2802,0
0.0,30.0,12.0,1.0,0.0,1.0,0.0,25862,20209,17062
0.0,47.0,8.0,1.0,0.0,1.0,1.0,21093,22071,21835
0.0,24.0,12.0,1.0,0.0,0.0,0.0,7171,4508,9543
0.0,55.0,10.0,0.0,1.0,1.0,1.0,18607,18417,22795
0.0,25.0,9.0,0.0,0.0,1.0,1.0,21168,25244,25565
0.0,32.0,9.0,0.0,0.0,1.0,1.0,23940,23813,25565
0.0,32.0,12.0,0.0,0.0,0.0,0.0,22606,21672,6818
0.0,24.0,12.0,0.0,0.0,1.0,0.0,25862,25244,0
0.0,23.0,16.0,0.0,0.0,1.0,0.0,5602,17499,0
0.0,24.0,12.0,0.0,0.0,1.0,0.0,8117,12026,25565
0.0,22.0,14.0,0.0,0.0,1.0,0.0,14810,14351,20316
0.0,24.0,13.0,0.0,0.0,1.0,0.0,16634,7480,24702
0.0,29.0,14.0,0.0,0.0,1.0,0.0,22659,24402,25565
0.0,28.0,16.0,0.0,0.0,1.0,0.0,23697,21949,25565
0.0,48.0,12.0,0.0,0.0,1.0,0.0,10496,7962,5666
0.0,47.0,14.0,0.0,0.0,0.0,0.0,25862,25244,25565
0.0,20.0,12.0,0.0,0.0,0.0,0.0,0,5323,0
0.0,38.0,12.0,1.0,0.0,1.0,0.0,25862,24486,25565
0.0,53.0,3.0,1.0,0.0,1.0,1.0,21732,20195,25049
0.0,33.0,7.0,1.0,0.0,1.0,1.0,21519,20315,17121
0.0,38.0,11.0,1.0,0.0,1.0,1.0,22167,21436,21194
0.0,54.0,12.0,0.0,0.0,1.0,0.0,25862,1230,25565
0.0,25.0,14.0,0.0,0.0,1.0,0.0,25862,25244,25565
0.0,21.0,13.0,0.0,0.0,1.0,0.0,10921,17635,24954
0.0,36.0,12.0,0.0,0.0,1.0,0.0,25862,25244,25565
0.0,29.0,14.0,0.0,0.0,1.0,0.0,25862,25244,25565
0.0,31.0,12.0,0.0,0.0,1.0,0.0,25862,24092,25565
0.0,38.0,9.0,0.0,0.0,1.0,1.0,14418,25244,25565
0.0,44.0,16.0,0.0,0.0,1.0,0.0,25862,25244,25565
0.0,36.0,14.0,0.0,0.0,1.0,0.0,25862,21042,25565
0.0,26.0,12.0,0.0,0.0,1.0,0.0,19855,12767,0
0.0,52.0,3.0,0.0,0.0,1.0,1.0,20071,22880,25565
0.0,43.0,12.0,0.0,0.0,1.0,0.0,25862,25244,25565
0.0,25.0,13.0,0.0,0.0,1.0,0.0,18066,9333,25565
0.0,29.0,12.0,0.0,0.0,0.0,0.0,25862,25244,25565
0.0,22.0,14.0,0.0,0.0,1.0,0.0,16297,17273,25565
0.0,28.0,12.0,0.0,0.0,1.0,0.0,25862,25244,25565
0.0,41.0,12.0,0.0,0.0,1.0,0.0,13403,11531,21303
0.0,20.0,12.0,0.0,0.0,0.0,0.0,4230,2925,11687
0.0,20.0,12.0,0.0,0.0,0.0,0.0,9199,11157,12463
0.0,16.0,9.0,1.0,0.0,0.0,1.0,701,1665,1937
0.0,55.0,12.0,0.0,0.0,1.0,0.0,25073,25244,25565
0.0,22.0,12.0,0.0,0.0,1.0,0.0,12555,13821,16528
0.0,28.0,12.0,0.0,0.0,1.0,0.0,11495,11974,15200
0.0,55.0,6.0,0.0,0.0,1.0,1.0,112,0,0
0.0,31.0,12.0,0.0,0.0,1.0,0.0,16718,15986,14461
0.0,24.0,14.0,0.0,0.0,0.0,0.0,4291,14333,23898
0.0,18.0,12.0,0.0,0.0,0.0,0.0,3278,2934,12157
0.0,17.0,10.0,0.0,0.0,0.0,1.0,57,1885,5629
0.0,16.0,9.0,0.0,0.0,0.0,1.0,0,183,4219
0.0,51.0,4.0,0.0,0.0,1.0,1.0,25862,25244,25565
0.0,21.0,12.0,0.0,0.0,1.0,0.0,17351,13494,16695
0.0,44.0,12.0,0.0,0.0,1.0,0.0,25862,25244,25565
0.0,19.0,12.0,0.0,0.0,0.0,0.0,1383,134,2107
0.0,18.0,11.0,0.0,0.0,0.0,1.0,460,179,25565
0.0,54.0,15.0,0.0,0.0,1.0,0.0,19777,21101,22447
0.0,33.0,12.0,0.0,0.0,1.0,0.0,10819,6370,2936
0.0,22.0,11.0,0.0,0.0,1.0,1.0,261,13662,20246
0.0,44.0,12.0,0.0,0.0,1.0,0.0,25862,25244,25565
0.0,44.0,7.0,0.0,0.0,1.0,1.0,25862,25244,25565
0.0,19.0,12.0,0.0,0.0,0.0,0.0,1087,2804,23180
0.0,41.0,12.0,0.0,0.0,1.0,0.0,25862,25244,25565
0.0,21.0,12.0,0.0,0.0,0.0,0.0,1703,358,13602
0.0,24.0,12.0,0.0,0.0,1.0,0.0,25862,25244,25565
0.0,46.0,16.0,0.0,0.0,1.0,0.0,25862,25244,25565
0.0,30.0,12.0,0.0,0.0,1.0,0.0,25862,25244,25565
0.0,31.0,12.0,1.0,0.0,1.0,0.0,12216,12289,15197
0.0,45.0,14.0,0.0,0.0,1.0,0.0,25862,23344,25565
0.0,46.0,12.0,0.0,0.0,1.0,0.0,19922,8901,25008
0.0,18.0,12.0,0.0,1.0,0.0,0.0,2549,1260,0
0.0,32.0,12.0,0.0,0.0,1.0,0.0,24771,22073,25565
0.0,40.0,8.0,0.0,0.0,1.0,1.0,18668,16410,20322
0.0,27.0,16.0,0.0,0.0,1.0,0.0,23292,19873,25565
0.0,45.0,16.0,0.0,0.0,1.0,0.0,0,3710,21378
0.0,43.0,12.0,0.0,0.0,0.0,0.0,3164,21,2825
0.0,48.0,14.0,0.0,0.0,1.0,0.0,25862,25244,25565
0.0,27.0,16.0,0.0,0.0,1.0,0.0,5280,5285,25565
0.0,43.0,12.0,0.0,0.0,1.0,0.0,19573,6640,20029
0.0,20.0,12.0,0.0,0.0,0.0,0.0,3693,4017,22534
0.0,30.0,18.0,0.0,0.0,1.0,0.0,13290,25244,25565
0.0,24.0,16.0,0.0,0.0,1.0,0.0,17808,17461,20524
0.0,50.0,12.0,0.0,0.0,1.0,0.0,25862,20496,17193
0.0,52.0,12.0,0.0,0.0,1.0,0.0,25862,25244,25565
0.0,28.0,16.0,0.0,0.0,1.0,0.0,25862,25244,25565
0.0,51.0,12.0,0.0,0.0,1.0,0.0,17894,22558,25565
0.0,26.0,17.0,0.0,0.0,1.0,0.0,23511,21484,25565
0.0,27.0,12.0,0.0,0.0,1.0,0.0,17306,16852,18526
0.0,27.0,16.0,0.0,0.0,0.0,0.0,0,0,0
0.0,44.0,12.0,0.0,0.0,0.0,0.0,20719,17144,23855
0.0,48.0,12.0,0.0,0.0,1.0,0.0,0,0,0
0.0,19.0,12.0,0.0,0.0,0.0,0.0,0,648,3285
0.0,31.0,12.0,0.0,0.0,0.0,0.0,10294,6869,0
0.0,44.0,10.0,0.0,0.0,1.0,1.0,0,4666,4241
0.0,33.0,12.0,0.0,0.0,1.0,0.0,16912,18267,0
0.0,25.0,12.0,0.0,0.0,1.0,0.0,20778,22759,25565
0.0,25.0,14.0,0.0,0.0,1.0,0.0,24755,11410,25565
0.0,53.0,6.0,0.0,0.0,1.0,1.0,15984,18000,18163
0.0,55.0,9.0,0.0,0.0,0.0,1.0,21160,20453,8299
0.0,26.0,12.0,0.0,0.0,1.0,0.0,12490,13562,19406
0.0,29.0,12.0,0.0,0.0,1.0,0.0,0,75,0
0.0,18.0,8.0,0.0,0.0,1.0,1.0,4015,5400,9944
0.0,20.0,12.0,0.0,0.0,0.0,0.0,9455,14804,13289
0.0,23.0,12.0,0.0,0.0,1.0,0.0,18821,18820,18562
0.0,22.0,15.0,0.0,0.0,1.0,0.0,5392,11365,19528
0.0,20.0,12.0,0.0,0.0,0.0,0.0,14332,13200,24885
0.0,47.0,9.0,0.0,0.0,1.0,1.0,25862,25244,25565
0.0,34.0,12.0,0.0,0.0,1.0,0.0,25862,25244,25565
0.0,37.0,12.0,0.0,0.0,1.0,0.0,23927,24579,25565
0.0,16.0,10.0,0.0,0.0,0.0,1.0,476,901,92
0.0,35.0,12.0,0.0,0.0,1.0,0.0,25862,25244,25565
0.0,27.0,13.0,0.0,0.0,1.0,0.0,21348,16945,25565
0.0,50.0,8.0,0.0,0.0,1.0,1.0,0,0,0
0.0,16.0,10.0,0.0,0.0,0.0,1.0,0,1645,6778
0.0,45.0,12.0,0.0,0.0,1.0,0.0,25862,25244,25565
0.0,18.0,12.0,0.0,0.0,0.0,0.0,5560,6023,13701
0.0,17.0,10.0,0.0,0.0,0.0,1.0,0,2705,6777
0.0,19.0,12.0,0.0,0.0,0.0,0.0,2537,7433,18866
0.0,44.0,12.0,0.0,0.0,1.0,0.0,0,0,0
0.0,18.0,10.0,0.0,0.0,0.0,1.0,0,0,8150
0.0,16.0,9.0,0.0,0.0,0.0,1.0,0,0,4473
0.0,50.0,12.0,0.0,0.0,1.0,0.0,21334,22214,25438
0.0,35.0,18.0,0.0,0.0,1.0,0.0,1050,0,0
0.0,25.0,12.0,0.0,0.0,1.0,0.0,22028,22633,0
0.0,25.0,12.0,0.0,0.0,1.0,0.0,25862,25244,0
0.0,34.0,12.0,0.0,0.0,1.0,0.0,22218,22110,7123
0.0,31.0,12.0,0.0,0.0,1.0,0.0,21669,20961,25228
0.0,44.0,9.0,0.0,0.0,1.0,1.0,25862,25244,25565
0.0,19.0,12.0,0.0,0.0,0.0,0.0,2682,3795,17449
0.0,44.0,14.0,0.0,0.0,1.0,0.0,25862,25244,25565
0.0,18.0,12.0,0.0,0.0,0.0,0.0,4491,6125,7767
0.0,22.0,12.0,0.0,0.0,0.0,0.0,18974,19676,25565
0.0,23.0,13.0,0.0,0.0,0.0,0.0,9736,16072,25565
0.0,26.0,12.0,0.0,1.0,1.0,0.0,21920,18249,23684
0.0,21.0,12.0,0.0,0.0,1.0,0.0,2721,14666,25565
0.0,24.0,14.0,0.0,0.0,1.0,0.0,19646,13553,20227
0.0,37.0,12.0,0.0,0.0,1.0,0.0,9698,12112,10267
0.0,25.0,16.0,1.0,0.0,0.0,0.0,25862,22136,22277
0.0,23.0,15.0,1.0,0.0,0.0,0.0,41,1205,21327
0.0,28.0,16.0,0.0,0.0,1.0,0.0,17908,18154,21943
0.0,33.0,12.0,1.0,0.0,1.0,0.0,13443,9911,14251
0.0,31.0,17.0,0.0,0.0,1.0,0.0,0,0,0
0.0,29.0,16.0,0.0,0.0,1.0,0.0,25862,25244,25565
0.0,35.0,12.0,0.0,0.0,1.0,0.0,25862,13111,25565
0.0,41.0,12.0,0.0,0.0,1.0,0.0,21577,24234,25565
0.0,27.0,12.0,0.0,0.0,1.0,0.0,18756,3735,25565
0.0,23.0,10.0,0.0,0.0,0.0,1.0,20837,10617,25565
0.0,40.0,12.0,0.0,0.0,1.0,0.0,25696,24805,25565
0.0,16.0,9.0,0.0,0.0,0.0,1.0,0,0,8751
0.0,52.0,8.0,0.0,0.0,1.0,1.0,18390,21591,21924
0.0,34.0,18.0,0.0,0.0,1.0,0.0,25862,25244,25565
0.0,34.0,16.0,0.0,0.0,1.0,0.0,0,0,1046
0.0,21.0,9.0,0.0,0.0,0.0,1.0,1846,56,842
0.0,30.0,13.0,0.0,0.0,1.0,0.0,25862,25244,25565
0.0,22.0,11.0,0.0,0.0,1.0,1.0,15043,12951,19431
0.0,49.0,8.0,0.0,0.0,0.0,1.0,23398,16476,17483
0.0,51.0,8.0,0.0,0.0,0.0,1.0,23372,16158,0
0.0,31.0,16.0,0.0,0.0,1.0,0.0,9015,18286,4811
0.0,26.0,14.0,0.0,0.0,1.0,0.0,321,2820,0
0.0,25.0,15.0,0.0,0.0,1.0,0.0,7386,4739,12705
0.0,55.0,9.0,0.0,0.0,1.0,1.0,16669,21436,15657
0.0,48.0,11.0,0.0,0.0,1.0,1.0,23351,21915,25565
0.0,20.0,12.0,0.0,0.0,1.0,0.0,10884,22338,20687
0.0,25.0,12.0,0.0,0.0,1.0,0.0,24642,13376,23552
0.0,33.0,8.0,0.0,0.0,0.0,1.0,25862,25244,0
0.0,53.0,11.0,0.0,0.0,1.0,1.0,21762,19341,25247
0.0,23.0,12.0,0.0,0.0,0.0,0.0,9608,9265,0
0.0,34.0,12.0,0.0,0.0,1.0,0.0,13964,17898,17467
0.0,42.0,18.0,0.0,0.0,1.0,0.0,12220,11437,1720
0.0,26.0,11.0,0.0,0.0,1.0,1.0,10935,10117,8649
0.0,24.0,8.0,0.0,0.0,1.0,1.0,214,761,2341
0.0,29.0,11.0,0.0,0.0,1.0,1.0,2829,0,9786
0.0,17.0,11.0,0.0,0.0,0.0,1.0,355,2566,8865
0.0,36.0,12.0,0.0,0.0,1.0,0.0,19943,25244,25565
0.0,29.0,17.0,0.0,0.0,1.0,0.0,1673,3769,2919
0.0,28.0,9.0,0.0,0.0,1.0,1.0,15161,18865,25565
0.0,53.0,12.0,0.0,0.0,1.0,0.0,10233,11306,16150
0.0,21.0,13.0,0.0,0.0,0.0,0.0,0,2276,2985
0.0,20.0,12.0,0.0,0.0,0.0,0.0,8062,2084,25565
0.0,51.0,8.0,0.0,0.0,1.0,1.0,22255,24723,23743
0.0,43.0,16.0,0.0,0.0,1.0,0.0,25862,25244,25565
0.0,41.0,10.0,0.0,0.0,1.0,1.0,12531,8835,8175
0.0,30.0,12.0,0.0,0.0,1.0,0.0,0,0,0
0.0,45.0,13.0,0.0,0.0,1.0,0.0,18323,17660,19156
0.0,27.0,14.0,0.0,0.0,1.0,0.0,2318,2247,7647
0.0,32.0,12.0,0.0,0.0,1.0,0.0,11816,3765,16100
0.0,55.0,13.0,0.0,0.0,1.0,0.0,25862,25244,25565
0.0,30.0,12.0,0.0,0.0,1.0,0.0,0,0,0
0.0,29.0,12.0,0.0,0.0,1.0,0.0,14714,14278,17779
0.0,43.0,9.0,0.0,0.0,1.0,1.0,15400,13461,15255
0.0,22.0,12.0,0.0,0.0,1.0,0.0,167,3735,771
0.0,50.0,9.0,0.0,0.0,1.0,1.0,12769,13451,7007
0.0,47.0,14.0,0.0,0.0,0.0,0.0,25862,21632,15716
0.0,45.0,14.0,0.0,0.0,1.0,0.0,0,0,0
0.0,35.0,12.0,0.0,0.0,1.0,0.0,23695,20505,21702
0.0,42.0,12.0,0.0,0.0,1.0,0.0,25862,25244,25565
0.0,17.0,11.0,0.0,0.0,0.0,1.0,1550,9381,17483
0.0,51.0,8.0,0.0,0.0,1.0,1.0,21893,22993,25565
0.0,36.0,12.0,0.0,0.0,1.0,0.0,13603,3411,16420
0.0,33.0,12.0,0.0,0.0,1.0,0.0,25862,25244,25565
0.0,47.0,12.0,0.0,0.0,1.0,0.0,10897,20317,19395
0.0,22.0,8.0,0.0,0.0,1.0,1.0,1609,2202,0
0.0,18.0,12.0,0.0,0.0,0.0,0.0,1379,3720,7709
0.0,29.0,12.0,0.0,0.0,0.0,0.0,15439,14546,15810
0.0,16.0,10.0,0.0,0.0,0.0,1.0,0,0,0
0.0,20.0,12.0,0.0,0.0,0.0,0.0,16789,18687,13143
0.0,17.0,10.0,0.0,0.0,1.0,1.0,0,0,3860
0.0,49.0,12.0,0.0,0.0,1.0,0.0,25862,25244,24795
0.0,21.0,12.0,0.0,0.0,0.0,0.0,11930,21718,22281
0.0,32.0,12.0,0.0,0.0,1.0,0.0,0,0,0
0.0,27.0,12.0,0.0,0.0,1.0,0.0,8305,8538,9822
0.0,21.0,15.0,0.0,0.0,0.0,0.0,13766,19101,18699
0.0,32.0,7.0,0.0,0.0,1.0,1.0,8725,13225,16119
0.0,26.0,18.0,0.0,0.0,1.0,0.0,9520,2164,6320
0.0,24.0,12.0,0.0,0.0,1.0,0.0,2300,519,0
0.0,24.0,12.0,0.0,0.0,1.0,0.0,18190,20589,25565
0.0,21.0,13.0,0.0,0.0,0.0,0.0,11182,10531,7182
0.0,24.0,16.0,0.0,0.0,0.0,0.0,0,0,0
0.0,50.0,8.0,0.0,0.0,1.0,1.0,25862,25244,25565
0.0,31.0,16.0,0.0,0.0,1.0,0.0,23476,24019,25565
0.0,46.0,12.0,0.0,0.0,1.0,0.0,21448,20261,25373
0.0,40.0,13.0,0.0,0.0,1.0,0.0,25862,25244,25565
0.0,27.0,16.0,0.0,0.0,1.0,0.0,8315,16106,16316
0.0,19.0,12.0,0.0,0.0,1.0,0.0,11773,24551,25009
0.0,36.0,12.0,0.0,0.0,1.0,0.0,25862,23885,25565
0.0,33.0,16.0,0.0,0.0,1.0,0.0,25862,23577,25565
0.0,39.0,14.0,0.0,0.0,1.0,0.0,25862,25244,0
0.0,36.0,16.0,0.0,0.0,1.0,0.0,24687,24135,25565
0.0,52.0,12.0,0.0,0.0,1.0,0.0,25862,25244,16045
0.0,46.0,16.0,0.0,0.0,1.0,0.0,25862,25244,25565
0.0,38.0,14.0,0.0,0.0,1.0,0.0,25862,25244,25565
0.0,29.0,18.0,0.0,0.0,1.0,0.0,21131,25244,25565
0.0,48.0,12.0,0.0,0.0,1.0,0.0,12972,7609,14040
0.0,21.0,14.0,0.0,0.0,0.0,0.0,5227,9911,14783
0.0,48.0,12.0,0.0,0.0,1.0,0.0,21989,22445,24805
0.0,45.0,12.0,0.0,0.0,1.0,0.0,21848,22467,25565
0.0,43.0,12.0,0.0,0.0,1.0,0.0,25862,23931,23320
0.0,31.0,13.0,0.0,0.0,1.0,0.0,25553,21441,25565
0.0,18.0,11.0,0.0,0.0,0.0,1.0,754,392,17088
0.0,16.0,9.0,0.0,0.0,0.0,1.0,443,2143,3671
0.0,39.0,12.0,0.0,0.0,1.0,0.0,25862,25244,25565
0.0,18.0,12.0,0.0,0.0,0.0,0.0,1244,9023,25565
0.0,54.0,14.0,0.0,0.0,1.0,0.0,13727,13270,15925
0.0,19.0,11.0,0.0,0.0,0.0,1.0,0,1167,11996
0.0,42.0,12.0,0.0,0.0,1.0,0.0,5870,5341,2255
0.0,18.0,11.0,0.0,0.0,0.0,1.0,827,1556,10208
0.0,29.0,14.0,0.0,0.0,0.0,0.0,7602,12427,20300
0.0,37.0,16.0,0.0,0.0,1.0,0.0,21854,21892,22856
0.0,32.0,12.0,0.0,0.0,1.0,0.0,17291,18354,21562
0.0,27.0,16.0,0.0,0.0,0.0,0.0,25862,25244,25565
0.0,41.0,12.0,0.0,0.0,0.0,0.0,10805,17916,6483
0.0,45.0,12.0,0.0,0.0,1.0,0.0,25862,25244,25565
0.0,18.0,11.0,0.0,0.0,0.0,1.0,74,0,1751
0.0,32.0,13.0,0.0,0.0,1.0,0.0,25474,25244,0
0.0,31.0,12.0,0.0,0.0,1.0,0.0,535,0,3864
0.0,49.0,8.0,0.0,0.0,1.0,1.0,0,623,384
0.0,37.0,12.0,0.0,0.0,1.0,0.0,13196,19452,14451
0.0,47.0,12.0,0.0,0.0,1.0,0.0,25862,25244,25565
0.0,20.0,12.0,0.0,0.0,0.0,0.0,2106,5013,11822
0.0,54.0,14.0,0.0,0.0,1.0,0.0,25862,25244,13363
0.0,30.0,11.0,0.0,0.0,1.0,1.0,8811,12348,15088
0.0,33.0,12.0,0.0,0.0,1.0,0.0,0,0,25565
0.0,31.0,17.0,0.0,0.0,1.0,0.0,25862,25244,25565
0.0,52.0,13.0,0.0,0.0,1.0,0.0,25862,25244,20221
0.0,29.0,12.0,0.0,0.0,1.0,0.0,25862,25244,25565
0.0,48.0,6.0,0.0,0.0,1.0,1.0,25862,24529,23055
0.0,51.0,4.0,0.0,0.0,1.0,1.0,18276,17074,22962
0.0,22.0,12.0,0.0,0.0,0.0,0.0,12355,15159,18992
0.0,16.0,10.0,0.0,1.0,0.0,1.0,0,188,8792
0.0,36.0,16.0,0.0,0.0,1.0,0.0,25862,24927,25565
0.0,47.0,9.0,0.0,0.0,1.0,1.0,22067,22261,24929
0.0,23.0,16.0,0.0,0.0,1.0,0.0,19052,18825,21743
0.0,41.0,12.0,0.0,0.0,1.0,0.0,25860,25244,8648
0.0,29.0,15.0,0.0,0.0,1.0,0.0,25862,24744,25565
0.0,24.0,12.0,0.0,0.0,0.0,0.0,18785,21151,15197
0.0,22.0,12.0,1.0,0.0,1.0,0.0,22773,21613,15463
0.0,25.0,12.0,0.0,0.0,0.0,0.0,11728,19042,22911
0.0,29.0,16.0,0.0,0.0,0.0,0.0,18803,25244,25565
0.0,19.0,11.0,0.0,1.0,0.0,1.0,1340,11839,14415
0.0,19.0,12.0,0.0,0.0,0.0,0.0,858,2954,25565
0.0,18.0,10.0,0.0,0.0,0.0,1.0,0,630,15928
0.0,46.0,12.0,0.0,1.0,1.0,0.0,25862,25244,25565
0.0,28.0,11.0,0.0,1.0,1.0,1.0,25862,25244,25565
0.0,38.0,12.0,0.0,0.0,0.0,0.0,15576,13965,0
0.0,27.0,12.0,0.0,0.0,1.0,0.0,25862,24033,25565
0.0,22.0,12.0,0.0,0.0,0.0,0.0,0,0,0
0.0,24.0,16.0,0.0,0.0,1.0,0.0,20237,25167,25565
0.0,41.0,12.0,0.0,0.0,1.0,0.0,23208,25244,25565
0.0,24.0,12.0,0.0,0.0,0.0,0.0,9383,8126,13400
0.0,46.0,12.0,0.0,0.0,1.0,0.0,13319,20070,10431
0.0,42.0,8.0,1.0,0.0,1.0,1.0,20676,17219,23484
0.0,17.0,9.0,1.0,0.0,0.0,1.0,1648,845,325
0.0,46.0,6.0,0.0,0.0,1.0,1.0,21164,17885,25565
0.0,44.0,12.0,0.0,0.0,1.0,0.0,21748,21573,21966
0.0,27.0,12.0,0.0,0.0,1.0,0.0,15161,10069,1584
0.0,39.0,12.0,0.0,0.0,1.0,0.0,25472,25244,15026
0.0,29.0,14.0,0.0,0.0,1.0,0.0,5641,6211,5781
0.0,53.0,12.0,0.0,0.0,1.0,0.0,23576,16988,25565
0.0,26.0,12.0,0.0,0.0,1.0,0.0,3832,4828,0
0.0,46.0,12.0,0.0,0.0,1.0,0.0,13848,12335,0
0.0,55.0,10.0,0.0,0.0,1.0,1.0,0,0,17142
0.0,29.0,8.0,0.0,0.0,1.0,1.0,16330,17364,24292
0.0,44.0,12.0,0.0,0.0,0.0,0.0,10590,10432,11506
0.0,19.0,11.0,0.0,0.0,1.0,1.0,11473,8867,18144
0.0,50.0,10.0,0.0,0.0,1.0,1.0,25862,22085,21168
0.0,34.0,12.0,0.0,0.0,1.0,0.0,25862,21471,25380
0.0,39.0,12.0,0.0,0.0,1.0,0.0,25474,25244,25565
0.0,47.0,12.0,0.0,0.0,1.0,0.0,3137,2866,4946
0.0,24.0,12.0,0.0,0.0,1.0,0.0,7643,1547,3263
0.0,27.0,12.0,0.0,0.0,0.0,0.0,11589,9482,16686
0.0,26.0,12.0,0.0,0.0,1.0,0.0,14563,1085,19513
0.0,29.0,12.0,0.0,0.0,1.0,0.0,25862,25244,25565
0.0,47.0,13.0,0.0,0.0,1.0,0.0,24393,25244,25565
0.0,22.0,15.0,0.0,0.0,0.0,0.0,3511,0,9855
0.0,51.0,12.0,0.0,0.0,1.0,0.0,25382,25244,25565
0.0,50.0,7.0,0.0,0.0,1.0,1.0,0,16550,2822
0.0,46.0,12.0,0.0,0.0,1.0,0.0,25862,25244,0
0.0,19.0,13.0,0.0,0.0,0.0,0.0,6948,7795,3313
0.0,37.0,12.0,0.0,0.0,1.0,0.0,25862,24703,25129
0.0,26.0,13.0,0.0,0.0,1.0,0.0,20958,25244,25565
0.0,22.0,13.0,0.0,0.0,1.0,0.0,17061,13689,25136
0.0,30.0,12.0,0.0,0.0,1.0,0.0,25862,17563,25565
0.0,34.0,12.0,0.0,0.0,1.0,0.0,24367,25244,25565
0.0,48.0,12.0,0.0,0.0,1.0,0.0,25592,25244,25565
0.0,17.0,11.0,0.0,0.0,0.0,1.0,2768,2154,21389
0.0,49.0,12.0,0.0,0.0,1.0,0.0,25862,25244,25565
0.0,22.0,16.0,0.0,0.0,1.0,0.0,11048,7659,21700
0.0,22.0,12.0,0.0,0.0,0.0,0.0,24213,22839,25565
0.0,27.0,16.0,0.0,0.0,1.0,0.0,19853,23015,25565
0.0,27.0,16.0,0.0,0.0,1.0,0.0,20721,25244,25565
0.0,45.0,12.0,0.0,0.0,1.0,0.0,0,4408,12304
0.0,20.0,13.0,0.0,0.0,0.0,0.0,0,3203,14290
0.0,25.0,14.0,0.0,0.0,1.0,0.0,0,3316,25565
0.0,25.0,12.0,0.0,0.0,1.0,0.0,25862,25244,25565
0.0,28.0,16.0,1.0,0.0,1.0,0.0,6422,3690,25565
0.0,27.0,11.0,1.0,0.0,1.0,1.0,16699,18838,0
0.0,36.0,9.0,1.0,0.0,1.0,1.0,18405,16414,22071
0.0,36.0,5.0,1.0,0.0,1.0,1.0,17976,21228,25355
0.0,32.0,11.0,1.0,0.0,1.0,1.0,25862,25244,25565
0.0,34.0,12.0,0.0,0.0,1.0,0.0,25862,25244,25565
0.0,39.0,9.0,0.0,0.0,1.0,1.0,25316,24801,8470
0.0,44.0,12.0,0.0,0.0,1.0,0.0,25862,19640,24600
0.0,17.0,7.0,0.0,0.0,0.0,1.0,1442,1248,4482
0.0,40.0,12.0,0.0,0.0,1.0,0.0,22502,24162,25302
0.0,31.0,18.0,0.0,0.0,1.0,0.0,25862,25244,25565
0.0,35.0,12.0,0.0,0.0,1.0,0.0,25862,25244,25565
0.0,42.0,14.0,0.0,0.0,1.0,0.0,0,0,0
0.0,17.0,11.0,0.0,0.0,0.0,1.0,0,2551,11967
0.0,28.0,15.0,0.0,0.0,1.0,0.0,15584,13965,446
0.0,24.0,12.0,0.0,0.0,0.0,0.0,6607,4515,2045
0.0,49.0,11.0,0.0,0.0,1.0,1.0,19244,17431,18274
0.0,27.0,12.0,0.0,0.0,0.0,0.0,16746,7253,11356
0.0,30.0,16.0,0.0,0.0,0.0,0.0,15214,0,0
0.0,29.0,18.0,0.0,0.0,1.0,0.0,21327,21299,24835
0.0,33.0,12.0,0.0,0.0,1.0,0.0,392,0,0
0.0,43.0,12.0,0.0,0.0,1.0,0.0,23962,22735,20298
0.0,17.0,11.0,0.0,0.0,0.0,1.0,90,3432,13444
0.0,16.0,9.0,0.0,0.0,0.0,1.0,0,1176,2781
0.0,47.0,12.0,0.0,0.0,1.0,0.0,25862,25244,25565
0.0,52.0,14.0,0.0,0.0,1.0,0.0,25862,25244,25565
0.0,38.0,12.0,0.0,0.0,0.0,0.0,23885,21964,23614
0.0,25.0,13.0,0.0,0.0,1.0,0.0,15006,17577,25565
0.0,29.0,12.0,0.0,0.0,1.0,0.0,17424,6871,22243
0.0,19.0,12.0,0.0,0.0,1.0,0.0,7288,13576,17657
0.0,30.0,9.0,0.0,0.0,1.0,1.0,25862,25244,25565
0.0,38.0,12.0,0.0,0.0,1.0,0.0,17747,16697,0
0.0,18.0,10.0,0.0,0.0,0.0,1.0,2032,2036,5794
0.0,39.0,7.0,0.0,0.0,1.0,1.0,25862,25244,25565
0.0,54.0,12.0,0.0,0.0,1.0,0.0,25862,25244,25565
0.0,18.0,11.0,0.0,0.0,0.0,1.0,163,308,3712
0.0,54.0,10.0,0.0,0.0,1.0,1.0,25862,25244,25565
0.0,34.0,12.0,0.0,0.0,1.0,0.0,25862,25244,25565
0.0,52.0,8.0,0.0,0.0,1.0,1.0,24207,25244,25565
0.0,51.0,12.0,0.0,0.0,1.0,0.0,25862,25244,25321
0.0,24.0,17.0,0.0,0.0,1.0,0.0,11593,13309,7807
0.0,36.0,12.0,0.0,0.0,1.0,0.0,25862,25244,25565
0.0,28.0,16.0,0.0,0.0,1.0,0.0,23605,24699,25565
0.0,41.0,12.0,0.0,0.0,1.0,0.0,25862,25244,25565
0.0,44.0,16.0,0.0,0.0,1.0,0.0,25862,25244,25565
0.0,19.0,12.0,0.0,0.0,0.0,0.0,6005,8243,15368
0.0,18.0,12.0,0.0,0.0,0.0,0.0,0,1416,11274
0.0,17.0,10.0,0.0,0.0,0.0,1.0,0,0,9366
0.0,41.0,7.0,0.0,0.0,1.0,1.0,23874,24420,25565
0.0,34.0,12.0,0.0,0.0,0.0,0.0,0,0,0
0.0,44.0,12.0,0.0,0.0,1.0,0.0,23260,18018,23833
0.0,33.0,11.0,0.0,0.0,1.0,1.0,20786,14145,23153
0.0,34.0,17.0,0.0,0.0,1.0,0.0,25862,25244,25565
0.0,34.0,18.0,0.0,0.0,1.0,0.0,25862,25244,11083
0.0,27.0,9.0,0.0,0.0,1.0,1.0,6709,10794,12153
0.0,55.0,10.0,0.0,0.0,1.0,1.0,22847,19269,24459
0.0,27.0,12.0,0.0,0.0,1.0,0.0,6716,7199,8080
0.0,48.0,12.0,0.0,0.0,1.0,0.0,0,0,0
0.0,18.0,12.0,0.0,0.0,0.0,0.0,746,1097,0
0.0,24.0,12.0,0.0,0.0,1.0,0.0,22432,25244,25565
0.0,45.0,12.0,0.0,0.0,1.0,0.0,11483,11191,11364
0.0,17.0,10.0,0.0,0.0,0.0,1.0,1197,4411,7966
0.0,55.0,14.0,0.0,0.0,1.0,0.0,0,16845,25565
0.0,26.0,12.0,0.0,0.0,1.0,0.0,25862,14545,13543
0.0,20.0,12.0,0.0,0.0,0.0,0.0,6881,0,3544
0.0,41.0,10.0,0.0,0.0,1.0,1.0,12261,9652,14242
0.0,40.0,12.0,0.0,0.0,1.0,0.0,25862,25244,0
0.0,30.0,12.0,0.0,0.0,1.0,0.0,22820,23740,25565
0.0,24.0,14.0,0.0,0.0,1.0,0.0,12138,11385,7013
0.0,29.0,9.0,0.0,0.0,1.0,1.0,23766,20164,19321
0.0,26.0,14.0,0.0,0.0,1.0,0.0,16399,14733,2355
0.0,23.0,15.0,0.0,0.0,1.0,0.0,1516,2331,14142
0.0,21.0,14.0,0.0,0.0,0.0,0.0,10341,5494,712
0.0,18.0,12.0,0.0,0.0,0.0,0.0,5292,5119,15881
0.0,16.0,9.0,0.0,0.0,0.0,1.0,527,2791,8108
0.0,43.0,8.0,0.0,0.0,1.0,1.0,22967,22640,21847
0.0,20.0,12.0,0.0,0.0,0.0,0.0,239,20,8654
0.0,17.0,10.0,0.0,0.0,0.0,1.0,0,0,8117
0.0,47.0,16.0,0.0,0.0,1.0,0.0,25862,25244,0
0.0,47.0,18.0,0.0,0.0,1.0,0.0,7831,0,0
0.0,40.0,13.0,0.0,0.0,1.0,0.0,0,0,0
0.0,21.0,12.0,0.0,0.0,0.0,0.0,0,0,6521
0.0,24.0,12.0,0.0,0.0,1.0,0.0,11665,9526,25398
0.0,25.0,9.0,0.0,0.0,1.0,1.0,1501,2344,0
0.0,29.0,12.0,0.0,0.0,1.0,0.0,22712,18913,10815
0.0,29.0,12.0,0.0,0.0,1.0,0.0,25862,25244,25565
0.0,33.0,12.0,0.0,0.0,1.0,0.0,24967,25244,15735
0.0,32.0,12.0,0.0,0.0,1.0,0.0,24491,2718,25565
0.0,22.0,12.0,0.0,0.0,1.0,0.0,13450,13159,16700
0.0,32.0,12.0,0.0,0.0,1.0,0.0,25862,25244,25565
0.0,35.0,9.0,0.0,0.0,1.0,1.0,18695,12274,24784
0.0,43.0,10.0,0.0,0.0,1.0,1.0,562,93,25565
0.0,46.0,10.0,0.0,0.0,1.0,1.0,22206,20872,25565
0.0,40.0,12.0,0.0,0.0,1.0,0.0,24013,23550,22642
0.0,49.0,16.0,0.0,0.0,1.0,0.0,13501,15531,14440
0.0,50.0,10.0,0.0,0.0,1.0,1.0,25862,25244,25565
0.0,16.0,10.0,0.0,0.0,0.0,1.0,0,16,5667
0.0,40.0,8.0,0.0,0.0,1.0,1.0,10376,8712,12342
0.0,36.0,16.0,0.0,0.0,1.0,0.0,25862,0,25565
0.0,22.0,12.0,0.0,0.0,0.0,0.0,17633,19335,23644
0.0,16.0,9.0,0.0,0.0,0.0,1.0,0,1003,2370
0.0,54.0,12.0,0.0,0.0,1.0,0.0,4563,4399,3913
0.0,46.0,12.0,0.0,0.0,0.0,0.0,1673,13479,14027
0.0,43.0,12.0,0.0,0.0,1.0,0.0,25862,0,25565
0.0,18.0,11.0,0.0,0.0,0.0,1.0,0,0,5069
0.0,45.0,10.0,0.0,0.0,1.0,1.0,0,19305,0
0.0,17.0,11.0,0.0,0.0,0.0,1.0,0,589,2468
0.0,29.0,10.0,0.0,0.0,1.0,1.0,22338,21235,13175
0.0,46.0,12.0,0.0,0.0,1.0,0.0,25862,22886,25565
0.0,54.0,12.0,0.0,0.0,1.0,0.0,25862,25244,25565
0.0,17.0,10.0,0.0,0.0,0.0,1.0,641,1404,12509
0.0,44.0,8.0,0.0,0.0,1.0,1.0,18280,9229,18535
0.0,18.0,11.0,0.0,0.0,0.0,1.0,3223,3131,0
0.0,52.0,12.0,0.0,0.0,1.0,0.0,25617,20080,20775
0.0,54.0,10.0,0.0,0.0,1.0,1.0,9751,11098,19315
0.0,53.0,12.0,0.0,0.0,1.0,0.0,0,0,0
0.0,55.0,12.0,0.0,0.0,1.0,0.0,0,0,0
0.0,26.0,14.0,0.0,0.0,1.0,0.0,21260,19269,21689
0.0,18.0,12.0,0.0,0.0,0.0,0.0,3609,3966,19942
0.0,54.0,12.0,0.0,0.0,1.0,0.0,12678,12479,15924
0.0,16.0,10.0,0.0,0.0,0.0,1.0,0,0,12694
0.0,28.0,17.0,0.0,0.0,1.0,0.0,25798,25244,25565
0.0,24.0,12.0,0.0,0.0,1.0,0.0,23182,22128,24473
0.0,39.0,14.0,0.0,0.0,1.0,0.0,25862,25244,25565
0.0,37.0,12.0,0.0,0.0,1.0,0.0,25862,25244,25565
0.0,24.0,14.0,0.0,0.0,1.0,0.0,21730,25244,25565
0.0,29.0,12.0,0.0,0.0,1.0,0.0,21476,21958,16132
0.0,37.0,12.0,0.0,0.0,1.0,0.0,9279,11358,0
0.0,40.0,10.0,0.0,0.0,1.0,1.0,347,491,2366
0.0,33.0,14.0,0.0,0.0,1.0,0.0,25862,25244,25565
0.0,26.0,16.0,0.0,0.0,1.0,0.0,7002,9777,10248
0.0,25.0,12.0,0.0,0.0,1.0,0.0,907,435,0
0.0,36.0,10.0,0.0,0.0,1.0,1.0,6622,13544,25565
0.0,49.0,12.0,0.0,0.0,1.0,0.0,0,0,0
0.0,19.0,12.0,0.0,0.0,0.0,0.0,2126,3593,16716
0.0,40.0,12.0,0.0,0.0,1.0,0.0,0,0,0
0.0,26.0,12.0,0.0,0.0,1.0,0.0,15990,16623,20973
0.0,23.0,12.0,0.0,0.0,1.0,0.0,0,0,0
0.0,26.0,12.0,0.0,0.0,0.0,0.0,1201,0,21659
0.0,16.0,9.0,0.0,0.0,0.0,1.0,0,0,7443
0.0,45.0,12.0,0.0,0.0,1.0,0.0,25862,19801,18823
0.0,53.0,18.0,0.0,0.0,1.0,0.0,22432,21795,21687
0.0,33.0,16.0,0.0,0.0,1.0,0.0,2122,2693,176
0.0,47.0,16.0,0.0,0.0,1.0,0.0,7126,0,11145
0.0,18.0,12.0,0.0,0.0,0.0,0.0,6068,7004,5632
0.0,33.0,8.0,0.0,0.0,1.0,1.0,25862,25244,25565
0.0,38.0,14.0,0.0,0.0,1.0,0.0,0,0,0
0.0,47.0,8.0,0.0,0.0,1.0,1.0,0,0,0
0.0,41.0,8.0,0.0,0.0,1.0,1.0,19218,13923,14893
0.0,16.0,10.0,0.0,0.0,0.0,1.0,0,750,16505
0.0,27.0,12.0,0.0,0.0,1.0,0.0,21021,18324,17273
0.0,26.0,13.0,0.0,1.0,1.0,0.0,25862,25244,0
0.0,21.0,16.0,0.0,0.0,0.0,0.0,4702,6893,25565
0.0,40.0,12.0,1.0,0.0,1.0,0.0,18864,11397,18665
0.0,48.0,8.0,0.0,0.0,1.0,1.0,25862,25244,25565
0.0,32.0,18.0,1.0,0.0,1.0,0.0,25862,25244,25565
0.0,20.0,12.0,0.0,0.0,0.0,0.0,25188,23235,4
0.0,42.0,13.0,0.0,0.0,1.0,0.0,25862,25244,25565
0.0,20.0,14.0,0.0,0.0,0.0,0.0,2598,1336,16793
0.0,16.0,10.0,0.0,0.0,0.0,1.0,592,763,2697
0.0,41.0,12.0,0.0,0.0,1.0,0.0,7723,0,0
0.0,26.0,12.0,0.0,0.0,1.0,0.0,0,0,12974
0.0,53.0,12.0,0.0,1.0,1.0,0.0,17363,15672,9103
0.0,23.0,12.0,0.0,0.0,1.0,0.0,17500,19466,25565
0.0,43.0,8.0,0.0,1.0,1.0,1.0,15443,11372,13063
0.0,25.0,12.0,0.0,0.0,1.0,0.0,43,0,0
0.0,23.0,12.0,0.0,0.0,0.0,0.0,25862,25244,25565
0.0,29.0,12.0,0.0,0.0,1.0,0.0,25167,25244,25565
0.0,39.0,12.0,0.0,0.0,1.0,0.0,24638,24862,25565
0.0,46.0,13.0,0.0,0.0,1.0,0.0,25862,25244,25565
0.0,32.0,13.0,0.0,0.0,1.0,0.0,25235,23709,24041
0.0,28.0,14.0,0.0,0.0,1.0,0.0,6975,17320,18958
0.0,27.0,11.0,0.0,1.0,1.0,1.0,17200,11404,11475
0.0,28.0,17.0,0.0,0.0,1.0,0.0,21391,21289,20965
0.0,22.0,4.0,0.0,1.0,1.0,1.0,9979,1230,405
0.0,29.0,13.0,0.0,0.0,1.0,0.0,1918,496,434
0.0,23.0,10.0,1.0,0.0,1.0,1.0,4348,0,0
0.0,34.0,12.0,0.0,0.0,1.0,0.0,14256,15950,21013
0.0,18.0,12.0,0.0,0.0,0.0,0.0,3721,3527,788
0.0,45.0,16.0,0.0,0.0,1.0,0.0,25862,25244,21723
0.0,17.0,10.0,0.0,0.0,0.0,1.0,0,0,7879
0.0,38.0,12.0,0.0,0.0,1.0,0.0,8384,2660,0
0.0,22.0,15.0,0.0,0.0,0.0,0.0,9740,8404,11488
0.0,53.0,12.0,0.0,0.0,1.0,0.0,22508,23622,0
0.0,48.0,13.0,0.0,0.0,1.0,0.0,24597,12154,12596
0.0,27.0,16.0,0.0,0.0,1.0,0.0,1289,7389,9361
0.0,32.0,12.0,0.0,0.0,1.0,0.0,25862,25244,25565
0.0,48.0,12.0,0.0,0.0,1.0,0.0,17633,17366,21269
0.0,26.0,17.0,0.0,0.0,1.0,0.0,12931,21224,0
0.0,35.0,12.0,0.0,0.0,1.0,0.0,25862,25244,25565
0.0,41.0,16.0,0.0,0.0,1.0,0.0,270,0,3322
0.0,30.0,14.0,0.0,0.0,1.0,0.0,25862,25244,25565
0.0,45.0,13.0,0.0,0.0,1.0,0.0,3468,3276,3380
0.0,37.0,13.0,0.0,0.0,1.0,0.0,25862,25244,25565
0.0,30.0,13.0,0.0,0.0,1.0,0.0,25862,19629,24414
0.0,31.0,16.0,0.0,0.0,1.0,0.0,22906,22633,25565
0.0,52.0,7.0,1.0,0.0,1.0,1.0,9265,4515,8807
0.0,25.0,12.0,1.0,0.0,0.0,0.0,14649,16322,18265
0.0,38.0,12.0,1.0,0.0,0.0,0.0,11152,11753,10369
0.0,23.0,16.0,0.0,0.0,1.0,0.0,196,12717,20388
0.0,22.0,12.0,1.0,0.0,1.0,0.0,11348,9607,0
0.0,19.0,11.0,1.0,0.0,1.0,1.0,14352,11070,0
0.0,18.0,11.0,0.0,0.0,0.0,1.0,2994,3274,992
0.0,37.0,12.0,0.0,0.0,1.0,0.0,25862,25244,25565
0.0,21.0,13.0,1.0,0.0,1.0,0.0,10212,14511,2911
0.0,23.0,12.0,1.0,0.0,1.0,0.0,2065,4709,0
0.0,41.0,16.0,0.0,0.0,0.0,0.0,0,0,0
0.0,46.0,8.0,0.0,0.0,1.0,1.0,17242,0,0
0.0,27.0,12.0,1.0,0.0,1.0,0.0,12882,22386,25565
0.0,21.0,13.0,0.0,0.0,0.0,0.0,1399,5903,9784
0.0,17.0,10.0,0.0,0.0,0.0,1.0,0,3962,1215
0.0,41.0,10.0,0.0,0.0,1.0,1.0,24499,13664,25565
0.0,48.0,13.0,0.0,0.0,1.0,0.0,13245,12103,4516
0.0,32.0,12.0,0.0,0.0,1.0,0.0,0,0,0
0.0,52.0,9.0,1.0,0.0,1.0,1.0,23987,24719,25565
0.0,24.0,12.0,0.0,0.0,1.0,0.0,6125,0,0
0.0,32.0,12.0,1.0,0.0,1.0,0.0,21131,19860,25565
0.0,32.0,10.0,1.0,0.0,1.0,1.0,18550,9020,15565
0.0,32.0,10.0,1.0,0.0,1.0,1.0,14179,5799,18684
0.0,35.0,12.0,0.0,0.0,1.0,0.0,25862,25149,25565
0.0,47.0,10.0,1.0,0.0,1.0,1.0,13311,4397,19330
0.0,37.0,12.0,0.0,0.0,0.0,0.0,25233,24893,25565
0.0,33.0,13.0,0.0,0.0,1.0,0.0,22849,22685,25498
0.0,28.0,16.0,0.0,0.0,1.0,0.0,15478,17321,17489
0.0,41.0,12.0,0.0,0.0,1.0,0.0,25862,25244,25565
0.0,44.0,6.0,0.0,0.0,1.0,1.0,25862,21129,25565
0.0,29.0,18.0,0.0,0.0,1.0,0.0,25862,25244,25565
0.0,26.0,18.0,0.0,0.0,1.0,0.0,5833,18653,1692
0.0,26.0,18.0,0.0,0.0,1.0,0.0,25862,25244,25565
0.0,50.0,14.0,0.0,0.0,1.0,0.0,25862,25244,25565
0.0,45.0,16.0,0.0,0.0,1.0,0.0,25862,12890,25565
0.0,36.0,12.0,0.0,0.0,1.0,0.0,21958,22055,12575
0.0,19.0,11.0,0.0,1.0,1.0,1.0,7927,9530,19457
0.0,26.0,12.0,0.0,0.0,1.0,0.0,13155,16743,25565
0.0,38.0,12.0,0.0,0.0,1.0,0.0,21607,25244,25565
0.0,23.0,11.0,1.0,0.0,0.0,1.0,7241,6572,15178
0.0,27.0,13.0,0.0,1.0,1.0,0.0,10696,7435,98
0.0,30.0,14.0,0.0,1.0,1.0,0.0,25862,25244,25565
0.0,38.0,5.0,0.0,1.0,1.0,1.0,25862,25244,4188
0.0,31.0,9.0,0.0,1.0,1.0,1.0,18249,16706,23604
0.0,53.0,11.0,1.0,0.0,1.0,1.0,22148,23781,25565
0.0,48.0,12.0,1.0,0.0,1.0,0.0,25241,25244,25565
0.0,17.0,10.0,0.0,0.0,0.0,1.0,2672,4617,14098
0.0,28.0,18.0,0.0,0.0,0.0,0.0,1246,0,22819
0.0,29.0,16.0,0.0,0.0,1.0,0.0,25159,25244,25565
0.0,28.0,12.0,0.0,0.0,0.0,0.0,8529,16851,8787
0.0,48.0,8.0,1.0,0.0,1.0,1.0,11603,11487,16394
0.0,16.0,10.0,1.0,0.0,0.0,1.0,931,6402,7575
0.0,26.0,11.0,0.0,0.0,1.0,1.0,17500,22168,885
0.0,37.0,12.0,0.0,0.0,1.0,0.0,16474,14054,15082
0.0,48.0,12.0,0.0,0.0,1.0,0.0,0,0,0
0.0,32.0,14.0,0.0,0.0,1.0,0.0,25862,25244,25565
0.0,25.0,13.0,0.0,0.0,1.0,0.0,0,0,0
0.0,23.0,7.0,1.0,0.0,1.0,1.0,18350,14967,25565
0.0,46.0,9.0,1.0,0.0,1.0,1.0,25862,22875,24625
0.0,20.0,12.0,1.0,0.0,0.0,0.0,15147,13959,17715
0.0,19.0,12.0,1.0,0.0,0.0,0.0,3989,9100,16005
0.0,28.0,12.0,0.0,0.0,1.0,0.0,25862,25244,25565
0.0,26.0,17.0,0.0,0.0,1.0,0.0,0,0,0
0.0,27.0,16.0,0.0,0.0,1.0,0.0,23066,25161,25565
0.0,33.0,8.0,0.0,0.0,1.0,1.0,25447,22490,0
0.0,19.0,12.0,0.0,0.0,0.0,0.0,7390,8683,12345
0.0,42.0,6.0,0.0,0.0,1.0,1.0,20590,10917,22478
0.0,20.0,12.0,0.0,0.0,0.0,0.0,4015,18822,8088
0.0,26.0,14.0,0.0,0.0,1.0,0.0,17294,17033,5468
0.0,23.0,12.0,0.0,0.0,1.0,0.0,406,496,2491
0.0,28.0,12.0,0.0,0.0,1.0,0.0,25862,24986,25565
0.0,35.0,16.0,1.0,0.0,1.0,0.0,20004,18530,24283
0.0,28.0,13.0,1.0,0.0,1.0,0.0,17894,21355,9307
0.0,27.0,16.0,1.0,0.0,1.0,0.0,21615,23351,22760
0.0,28.0,16.0,0.0,0.0,1.0,0.0,19510,21188,25565
0.0,36.0,12.0,1.0,0.0,1.0,0.0,0,0,0
0.0,55.0,12.0,1.0,0.0,0.0,0.0,1834,4694,0
0.0,25.0,16.0,0.0,0.0,0.0,0.0,6605,10780,9214
0.0,29.0,16.0,1.0,0.0,1.0,0.0,20845,21079,24382
0.0,29.0,11.0,1.0,0.0,1.0,1.0,22500,23684,25565
0.0,50.0,9.0,0.0,0.0,0.0,1.0,20774,23575,19726
0.0,40.0,8.0,0.0,0.0,1.0,1.0,14642,13893,13815
0.0,33.0,12.0,0.0,0.0,1.0,0.0,22202,15837,25565
0.0,50.0,8.0,0.0,0.0,1.0,1.0,22720,21162,14086
0.0,55.0,12.0,0.0,0.0,1.0,0.0,25862,25244,25565
0.0,31.0,12.0,1.0,0.0,1.0,0.0,7833,18718,25565
0.0,30.0,13.0,0.0,0.0,1.0,0.0,18398,17071,21600
0.0,31.0,12.0,0.0,0.0,0.0,0.0,25862,25244,23203
0.0,45.0,12.0,0.0,0.0,1.0,0.0,24291,25154,23570
0.0,16.0,10.0,0.0,0.0,0.0,1.0,0,0,8855
0.0,29.0,16.0,0.0,0.0,1.0,0.0,25862,25244,25565
0.0,27.0,12.0,0.0,0.0,0.0,0.0,16052,15701,13258
0.0,20.0,10.0,0.0,0.0,0.0,1.0,1413,0,6291
0.0,21.0,14.0,0.0,0.0,0.0,0.0,4387,6451,8034
0.0,27.0,12.0,0.0,0.0,0.0,0.0,21043,20773,23391
0.0,34.0,10.0,0.0,0.0,1.0,1.0,25862,25244,25565
0.0,35.0,3.0,0.0,1.0,0.0,1.0,10519,11811,20305
0.0,35.0,9.0,0.0,1.0,1.0,1.0,16522,16163,19274
0.0,46.0,16.0,0.0,1.0,1.0,0.0,4792,5330,4319
0.0,53.0,16.0,0.0,0.0,1.0,0.0,22144,21457,21929
0.0,22.0,15.0,0.0,0.0,0.0,0.0,3803,5020,3988
0.0,19.0,12.0,0.0,0.0,0.0,0.0,321,159,25565
0.0,25.0,13.0,0.0,1.0,1.0,0.0,23323,21360,22609
0.0,40.0,5.0,0.0,0.0,1.0,1.0,25862,25244,21253
0.0,16.0,10.0,0.0,0.0,0.0,1.0,0,0,3978
0.0,42.0,16.0,0.0,1.0,1.0,0.0,1113,0,3066
0.0,20.0,12.0,0.0,1.0,0.0,0.0,5139,12504,11467
0.0,17.0,10.0,0.0,1.0,0.0,1.0,0,1468,6144
0.0,26.0,16.0,0.0,0.0,1.0,0.0,15966,16471,20534
0.0,30.0,16.0,0.0,0.0,1.0,0.0,25862,25244,4630
0.0,33.0,12.0,0.0,0.0,1.0,0.0,0,0,0
0.0,26.0,16.0,0.0,0.0,1.0,0.0,10110,13744,14381
0.0,55.0,12.0,0.0,0.0,1.0,0.0,25862,25244,19200
0.0,45.0,5.0,0.0,1.0,1.0,1.0,17904,16466,22955
0.0,50.0,6.0,0.0,0.0,1.0,1.0,23811,19509,18582
0.0,33.0,14.0,0.0,0.0,1.0,0.0,25862,20474,10975
0.0,26.0,17.0,0.0,0.0,1.0,0.0,7386,9854,17298
0.0,17.0,12.0,0.0,0.0,0.0,0.0,4508,4460,12818
0.0,16.0,10.0,0.0,0.0,0.0,1.0,1358,809,8473
0.0,26.0,14.0,0.0,0.0,0.0,0.0,8411,0,0
0.0,24.0,9.0,0.0,0.0,1.0,1.0,14798,13683,15636
0.0,41.0,12.0,0.0,0.0,1.0,0.0,25862,25244,18070
0.0,27.0,14.0,0.0,0.0,1.0,0.0,3495,4846,10968
0.0,42.0,10.0,0.0,0.0,1.0,1.0,25862,25244,14155
0.0,23.0,12.0,0.0,0.0,1.0,0.0,14655,25244,0
0.0,36.0,12.0,1.0,0.0,0.0,0.0,2092,4286,3207
0.0,43.0,12.0,0.0,0.0,1.0,0.0,8337,19019,12174
0.0,52.0,13.0,0.0,0.0,1.0,0.0,19985,18530,11251
0.0,33.0,12.0,0.0,0.0,1.0,0.0,20466,20116,19132
0.0,39.0,9.0,0.0,0.0,1.0,1.0,18405,18127,23317
0.0,45.0,12.0,0.0,0.0,1.0,0.0,17385,15783,15928
0.0,48.0,16.0,0.0,0.0,1.0,0.0,25862,25244,25565
0.0,18.0,11.0,0.0,0.0,0.0,1.0,1346,3174,2149
0.0,45.0,14.0,0.0,0.0,1.0,0.0,25862,25244,3666
0.0,33.0,16.0,0.0,0.0,1.0,0.0,7659,7829,8333
0.0,19.0,13.0,0.0,0.0,0.0,0.0,1172,5006,8167
0.0,16.0,9.0,0.0,0.0,0.0,1.0,0,0,0
0.0,22.0,12.0,0.0,0.0,1.0,0.0,18566,18023,9601
0.0,28.0,12.0,0.0,0.0,1.0,0.0,14693,15069,19998
0.0,32.0,12.0,0.0,0.0,1.0,0.0,16556,16519,18842
0.0,26.0,8.0,0.0,0.0,1.0,1.0,9749,6510,0
0.0,44.0,16.0,0.0,0.0,1.0,0.0,25862,25244,25565
0.0,34.0,10.0,0.0,0.0,1.0,1.0,25706,22802,25565
0.0,37.0,8.0,0.0,0.0,1.0,1.0,25862,5457,19621
0.0,24.0,12.0,0.0,0.0,0.0,0.0,9158,2664,19825
0.0,43.0,12.0,0.0,0.0,1.0,0.0,25862,25244,25565
0.0,48.0,7.0,0.0,0.0,1.0,1.0,13421,12006,13602
0.0,50.0,11.0,0.0,0.0,0.0,1.0,14663,11,0
0.0,17.0,11.0,0.0,0.0,0.0,1.0,1650,772,19054
0.0,24.0,16.0,0.0,0.0,0.0,0.0,18717,15109,21686
0.0,41.0,12.0,0.0,0.0,1.0,0.0,25020,8502,25565
0.0,37.0,12.0,0.0,0.0,1.0,0.0,7957,25244,14460
0.0,44.0,14.0,0.0,0.0,1.0,0.0,25862,25244,24319
0.0,45.0,12.0,0.0,0.0,1.0,0.0,25862,25244,2143
0.0,18.0,12.0,0.0,0.0,0.0,0.0,2437,2635,0
0.0,42.0,16.0,0.0,0.0,1.0,0.0,19322,0,0
0.0,17.0,10.0,0.0,0.0,0.0,1.0,468,1540,9104
0.0,19.0,12.0,0.0,0.0,0.0,0.0,182,1722,0
0.0,29.0,16.0,0.0,1.0,1.0,0.0,3868,17452,24273
0.0,24.0,16.0,1.0,0.0,1.0,0.0,3172,0,0
0.0,48.0,11.0,1.0,0.0,1.0,1.0,16475,15683,16094
0.0,30.0,12.0,0.0,1.0,1.0,0.0,11135,10482,10561
0.0,50.0,4.0,1.0,0.0,0.0,1.0,10118,12110,8198
0.0,21.0,10.0,1.0,0.0,0.0,1.0,5523,0,12960
0.0,50.0,8.0,0.0,0.0,1.0,1.0,7343,5042,13704
0.0,26.0,12.0,0.0,0.0,0.0,0.0,10711,7997,9552
0.0,19.0,9.0,0.0,0.0,1.0,1.0,4959,2771,9082
0.0,16.0,8.0,0.0,0.0,0.0,1.0,0,202,4303
0.0,46.0,12.0,0.0,0.0,0.0,0.0,25862,25244,25565
0.0,17.0,11.0,0.0,0.0,0.0,1.0,235,2639,2590
0.0,27.0,13.0,0.0,0.0,1.0,0.0,25862,16858,25565
0.0,17.0,10.0,0.0,0.0,0.0,1.0,0,0,7854
0.0,29.0,16.0,0.0,0.0,1.0,0.0,25862,25244,25565
0.0,32.0,12.0,0.0,0.0,1.0,0.0,25862,25244,25565
0.0,43.0,12.0,0.0,0.0,1.0,0.0,498,0,59
0.0,19.0,12.0,0.0,0.0,0.0,0.0,7696,9650,11089
0.0,36.0,12.0,0.0,0.0,1.0,0.0,0,0,0
0.0,38.0,16.0,0.0,0.0,1.0,0.0,25862,25244,25565
0.0,31.0,12.0,0.0,0.0,1.0,0.0,0,0,1563
0.0,38.0,15.0,0.0,0.0,1.0,0.0,25862,25244,1442
0.0,46.0,12.0,0.0,0.0,1.0,0.0,25862,19570,14303
0.0,29.0,16.0,0.0,0.0,1.0,0.0,8911,7621,17640
0.0,26.0,12.0,0.0,0.0,1.0,0.0,25862,17807,25565
0.0,28.0,12.0,0.0,0.0,1.0,0.0,25862,25244,25565
0.0,34.0,14.0,0.0,0.0,1.0,0.0,25862,25244,25565
0.0,29.0,16.0,0.0,0.0,1.0,0.0,22336,20360,25565
0.0,29.0,16.0,0.0,0.0,1.0,0.0,24414,25236,25565
0.0,22.0,12.0,0.0,0.0,1.0,0.0,15024,12353,7197
0.0,30.0,12.0,0.0,0.0,1.0,0.0,25862,23181,25565
0.0,38.0,12.0,0.0,0.0,1.0,0.0,25862,25244,25565
0.0,24.0,12.0,0.0,0.0,1.0,0.0,22318,24973,21867
0.0,35.0,12.0,0.0,0.0,1.0,0.0,8415,4589,0
0.0,29.0,12.0,0.0,0.0,1.0,0.0,0,0,0
0.0,48.0,8.0,0.0,0.0,1.0,1.0,17814,24416,25565
0.0,41.0,6.0,0.0,0.0,0.0,1.0,4034,0,0
0.0,21.0,12.0,0.0,0.0,0.0,0.0,2904,2456,4788
0.0,38.0,9.0,0.0,0.0,1.0,1.0,0,7614,0
0.0,17.0,6.0,0.0,0.0,0.0,1.0,0,0,0
0.0,22.0,13.0,0.0,0.0,1.0,0.0,0,5074,9255
0.0,50.0,7.0,0.0,0.0,1.0,1.0,2310,988,1318
0.0,29.0,16.0,0.0,0.0,0.0,0.0,25862,24547,25565
0.0,51.0,12.0,0.0,0.0,1.0,0.0,21948,20410,21207
0.0,39.0,12.0,0.0,0.0,1.0,0.0,6918,5276,3077
0.0,22.0,14.0,0.0,0.0,0.0,0.0,16628,16113,18896
0.0,21.0,14.0,0.0,0.0,0.0,0.0,725,3840,6003
0.0,29.0,17.0,0.0,0.0,1.0,0.0,25862,25244,22212
0.0,24.0,12.0,0.0,0.0,1.0,0.0,10539,11392,313
0.0,27.0,12.0,0.0,0.0,1.0,0.0,20845,25244,25565
0.0,18.0,11.0,0.0,0.0,1.0,1.0,8352,15187,17848
0.0,21.0,12.0,0.0,0.0,1.0,0.0,1105,0,2361
0.0,35.0,12.0,0.0,0.0,1.0,0.0,22334,21883,20614
0.0,39.0,11.0,1.0,0.0,1.0,1.0,11793,7784,14838
0.0,47.0,16.0,0.0,0.0,1.0,0.0,21007,0,4545
0.0,51.0,12.0,0.0,0.0,1.0,0.0,25862,25244,25565
0.0,23.0,12.0,0.0,0.0,1.0,0.0,18682,18644,24013
0.0,30.0,4.0,0.0,1.0,1.0,1.0,14734,14750,22754
0.0,21.0,15.0,0.0,0.0,0.0,0.0,0,2990,0
0.0,19.0,12.0,0.0,0.0,1.0,0.0,897,8187,18214
0.0,39.0,16.0,0.0,0.0,1.0,0.0,25862,3423,25565
0.0,54.0,12.0,0.0,0.0,1.0,0.0,25862,25244,20038
0.0,36.0,8.0,0.0,0.0,1.0,1.0,25441,22254,25052
0.0,32.0,12.0,0.0,0.0,1.0,0.0,25862,25244,25565
0.0,46.0,4.0,0.0,0.0,1.0,1.0,25275,14272,25565
0.0,25.0,16.0,0.0,0.0,1.0,0.0,19769,19264,23193
0.0,37.0,12.0,0.0,0.0,1.0,0.0,25390,22332,25565
0.0,40.0,10.0,0.0,0.0,1.0,1.0,25862,24783,25565
0.0,28.0,12.0,0.0,0.0,1.0,0.0,23813,11625,13558
0.0,34.0,12.0,0.0,0.0,1.0,0.0,25862,23140,25565
0.0,18.0,12.0,0.0,0.0,1.0,0.0,3139,9739,14663
0.0,52.0,6.0,0.0,0.0,1.0,1.0,12943,11404,0
0.0,19.0,11.0,0.0,1.0,0.0,1.0,989,961,17894
0.0,25.0,11.0,0.0,1.0,1.0,1.0,2935,3042,5901
0.0,25.0,13.0,0.0,0.0,1.0,0.0,11648,13241,0
0.0,54.0,12.0,0.0,0.0,0.0,0.0,7165,5013,0
0.0,19.0,12.0,1.0,0.0,0.0,0.0,3546,4639,13583
0.0,41.0,8.0,1.0,0.0,1.0,1.0,17259,20338,25565
0.0,20.0,13.0,1.0,0.0,1.0,0.0,1832,0,18293
0.0,31.0,9.0,0.0,0.0,1.0,1.0,25862,17490,19995
0.0,35.0,10.0,1.0,0.0,1.0,1.0,12843,6939,8368
0.0,42.0,10.0,1.0,0.0,1.0,1.0,9730,9120,1990
0.0,19.0,10.0,1.0,0.0,0.0,1.0,1550,2610,9540
0.0,24.0,13.0,0.0,0.0,1.0,0.0,2680,6574,10284
0.0,39.0,11.0,0.0,0.0,1.0,1.0,17608,17069,20839
0.0,46.0,18.0,0.0,0.0,1.0,0.0,25862,25244,25565
0.0,38.0,17.0,0.0,0.0,1.0,0.0,25862,25244,25565
0.0,25.0,17.0,0.0,0.0,1.0,0.0,18409,18605,25565
0.0,25.0,12.0,0.0,0.0,1.0,0.0,8564,11492,7504
0.0,27.0,12.0,0.0,0.0,1.0,0.0,16732,17520,17207
0.0,16.0,9.0,0.0,0.0,0.0,1.0,1959,6882,16706
0.0,18.0,11.0,0.0,0.0,0.0,1.0,848,1312,2388
0.0,49.0,11.0,0.0,0.0,1.0,1.0,25862,25244,25565
0.0,36.0,11.0,0.0,0.0,1.0,1.0,16987,19425,16969
0.0,26.0,14.0,0.0,0.0,1.0,0.0,19365,21312,25565
0.0,46.0,14.0,0.0,0.0,1.0,0.0,25862,25244,7013
0.0,20.0,12.0,0.0,0.0,0.0,0.0,11272,13302,15880
0.0,20.0,9.0,0.0,0.0,1.0,1.0,4022,2240,14482
0.0,28.0,12.0,0.0,0.0,1.0,0.0,19506,17438,24951
0.0,44.0,6.0,0.0,0.0,1.0,1.0,19230,15630,4952
0.0,48.0,6.0,0.0,1.0,1.0,1.0,7816,7290,11766
0.0,34.0,11.0,0.0,0.0,1.0,1.0,8766,11983,15572
0.0,24.0,6.0,0.0,0.0,1.0,1.0,1518,3718,2534
0.0,50.0,5.0,0.0,0.0,1.0,1.0,3137,25244,11930
0.0,52.0,12.0,0.0,0.0,1.0,0.0,5020,9252,4625
0.0,33.0,12.0,0.0,0.0,0.0,0.0,4916,7655,789
0.0,21.0,9.0,0.0,0.0,1.0,1.0,8319,9150,0
0.0,32.0,8.0,0.0,0.0,0.0,1.0,22057,14915,15832
0.0,45.0,9.0,0.0,0.0,1.0,1.0,23535,20793,25565
0.0,21.0,12.0,0.0,0.0,0.0,0.0,7020,2523,2916
0.0,42.0,12.0,0.0,1.0,1.0,0.0,0,0,0
0.0,21.0,13.0,0.0,0.0,0.0,0.0,4273,7578,0
0.0,34.0,12.0,0.0,0.0,1.0,0.0,22385,21761,20345
0.0,27.0,12.0,0.0,0.0,1.0,0.0,14115,13676,4500
0.0,19.0,12.0,1.0,0.0,0.0,0.0,0,6640,4996
0.0,27.0,7.0,0.0,0.0,1.0,1.0,13039,12325,17684
0.0,21.0,14.0,0.0,0.0,0.0,0.0,2165,2945,13096
0.0,43.0,12.0,0.0,0.0,1.0,0.0,25862,25244,25565
0.0,54.0,12.0,0.0,0.0,0.0,0.0,23055,23894,19060
0.0,27.0,12.0,1.0,0.0,0.0,0.0,1691,6075,0
0.0,19.0,12.0,0.0,0.0,1.0,0.0,2330,5119,20798
0.0,28.0,8.0,0.0,0.0,1.0,1.0,13276,14416,11869
0.0,33.0,12.0,0.0,0.0,1.0,0.0,25862,25244,25565
0.0,25.0,12.0,0.0,0.0,1.0,0.0,11934,18782,8667
0.0,21.0,13.0,0.0,0.0,0.0,0.0,4579,17411,19074
0.0,25.0,12.0,0.0,0.0,0.0,0.0,21909,7659,12401
0.0,29.0,10.0,0.0,0.0,1.0,1.0,12722,13032,15860
0.0,48.0,14.0,0.0,0.0,1.0,0.0,19301,20445,19317
0.0,22.0,12.0,1.0,0.0,0.0,0.0,9361,8871,2444
0.0,26.0,14.0,0.0,0.0,1.0,0.0,5833,8499,16084
0.0,39.0,12.0,0.0,0.0,1.0,0.0,19943,19096,19287
0.0,49.0,8.0,0.0,0.0,1.0,1.0,0,0,0
0.0,19.0,11.0,0.0,0.0,0.0,1.0,0,4309,12015
0.0,21.0,12.0,0.0,0.0,0.0,0.0,14577,12402,14312
0.0,20.0,13.0,0.0,0.0,0.0,0.0,5672,7983,16434
0.0,20.0,12.0,0.0,0.0,0.0,0.0,16078,17343,22652
0.0,25.0,16.0,0.0,0.0,1.0,0.0,3550,0,0
0.0,29.0,8.0,1.0,0.0,0.0,1.0,10903,1006,771
0.0,54.0,4.0,0.0,0.0,0.0,1.0,18909,14113,11519
0.0,27.0,16.0,0.0,0.0,1.0,0.0,15907,9927,17343
0.0,26.0,12.0,0.0,0.0,0.0,0.0,0,1973,0
0.0,51.0,12.0,0.0,0.0,1.0,0.0,21395,21575,22784
0.0,17.0,11.0,0.0,0.0,0.0,1.0,4622,5493,10635
0.0,37.0,14.0,0.0,0.0,1.0,0.0,20586,20052,18176
0.0,43.0,6.0,0.0,0.0,1.0,1.0,0,0,0
0.0,32.0,10.0,0.0,0.0,1.0,1.0,15992,10606,20054
0.0,27.0,12.0,0.0,0.0,1.0,0.0,17555,18383,25565
0.0,49.0,4.0,0.0,0.0,1.0,1.0,25862,0,25565
0.0,35.0,13.0,0.0,0.0,1.0,0.0,25862,25244,25565
0.0,55.0,12.0,0.0,0.0,0.0,0.0,17847,13406,24761
0.0,24.0,12.0,0.0,0.0,1.0,0.0,5801,6542,13428
0.0,26.0,14.0,0.0,0.0,1.0,0.0,25862,25244,25565
0.0,29.0,14.0,0.0,0.0,1.0,0.0,17526,19126,17934
0.0,26.0,13.0,0.0,0.0,1.0,0.0,14887,21801,22988
0.0,18.0,12.0,0.0,0.0,0.0,0.0,2431,530,366
0.0,51.0,6.0,0.0,0.0,1.0,1.0,12676,3369,11037
0.0,29.0,16.0,0.0,0.0,1.0,0.0,17702,25244,25565
0.0,21.0,9.0,0.0,0.0,1.0,1.0,5480,1575,10436
0.0,49.0,9.0,0.0,0.0,1.0,1.0,19626,19529,22696
0.0,23.0,12.0,0.0,0.0,1.0,0.0,24618,23808,23757
0.0,48.0,12.0,0.0,0.0,1.0,0.0,13270,13959,13112
0.0,35.0,12.0,0.0,0.0,1.0,0.0,21231,22399,23401
0.0,55.0,8.0,0.0,0.0,1.0,1.0,1985,4121,25565
0.0,28.0,15.0,0.0,0.0,0.0,0.0,17387,16611,25565
0.0,27.0,12.0,0.0,0.0,1.0,0.0,14299,15424,25565
0.0,27.0,16.0,0.0,0.0,0.0,0.0,3190,11440,17690
0.0,25.0,9.0,0.0,0.0,1.0,1.0,14638,16489,13755
0.0,17.0,14.0,0.0,0.0,0.0,0.0,7551,5298,14819
0.0,47.0,10.0,1.0,0.0,1.0,1.0,8495,8361,10004
0.0,18.0,8.0,1.0,0.0,0.0,1.0,35,0,2713
0.0,51.0,7.0,0.0,0.0,1.0,1.0,5964,7437,12601
0.0,37.0,6.0,1.0,0.0,1.0,1.0,5942,6628,5491
0.0,36.0,7.0,0.0,0.0,1.0,1.0,24040,25244,25565
0.0,32.0,13.0,0.0,0.0,1.0,0.0,18135,20401,24350
0.0,29.0,12.0,0.0,0.0,1.0,0.0,19757,14876,25565
0.0,51.0,12.0,0.0,0.0,1.0,0.0,18676,17737,18717
0.0,21.0,12.0,0.0,0.0,0.0,0.0,8923,6560,8918
0.0,55.0,18.0,0.0,0.0,1.0,0.0,25862,25244,25565
0.0,34.0,12.0,0.0,0.0,1.0,0.0,15862,13451,17666
0.0,24.0,9.0,0.0,0.0,1.0,1.0,2406,3690,0
0.0,29.0,16.0,0.0,0.0,1.0,0.0,16168,24871,25565
0.0,33.0,12.0,0.0,0.0,1.0,0.0,2312,12695,2202
0.0,42.0,12.0,0.0,0.0,1.0,0.0,25862,25244,25565
0.0,54.0,8.0,0.0,0.0,1.0,1.0,25862,16047,25565
0.0,52.0,12.0,0.0,1.0,1.0,0.0,4428,0,0
0.0,34.0,12.0,1.0,0.0,0.0,0.0,0,0,0
0.0,34.0,16.0,0.0,0.0,1.0,0.0,18938,25244,25565
0.0,26.0,15.0,0.0,0.0,0.0,0.0,25862,23811,25565
0.0,26.0,15.0,0.0,0.0,0.0,0.0,7494,18632,13651
0.0,25.0,16.0,0.0,0.0,0.0,0.0,9622,0,25565
0.0,30.0,14.0,0.0,0.0,1.0,0.0,0,0,25565
0.0,17.0,11.0,0.0,0.0,0.0,1.0,0,0,0
0.0,27.0,10.0,0.0,0.0,1.0,1.0,22569,21591,22640
0.0,16.0,8.0,0.0,1.0,0.0,1.0,0,0,12243
0.0,21.0,8.0,0.0,0.0,1.0,1.0,5700,388,8844
0.0,37.0,12.0,0.0,0.0,0.0,0.0,25862,25244,25565
0.0,21.0,12.0,0.0,0.0,0.0,0.0,4138,3772,11888
0.0,34.0,13.0,0.0,0.0,1.0,0.0,25862,18073,22679
0.0,46.0,14.0,0.0,0.0,1.0,0.0,25862,25244,25565
0.0,33.0,11.0,0.0,0.0,1.0,1.0,22181,21160,25228
0.0,32.0,12.0,0.0,0.0,1.0,0.0,25862,25244,25565
0.0,29.0,12.0,0.0,0.0,1.0,0.0,19504,25244,25565
0.0,37.0,12.0,0.0,0.0,1.0,0.0,24348,24586,25565
0.0,48.0,9.0,0.0,0.0,1.0,1.0,18486,17977,14866
0.0,30.0,12.0,0.0,0.0,1.0,0.0,17567,18752,25565
0.0,34.0,12.0,0.0,0.0,1.0,0.0,21332,16045,21959
0.0,26.0,8.0,0.0,0.0,1.0,1.0,15235,15209,17938
0.0,33.0,11.0,0.0,0.0,1.0,1.0,0,4175,13399
0.0,27.0,12.0,0.0,0.0,1.0,0.0,0,0,1534
0.0,37.0,9.0,1.0,0.0,0.0,1.0,10670,10989,12527
0.0,20.0,11.0,0.0,0.0,1.0,1.0,13023,10669,0
0.0,35.0,12.0,0.0,0.0,1.0,0.0,3260,3753,0
0.0,41.0,12.0,1.0,0.0,1.0,0.0,14375,10835,0
0.0,16.0,11.0,1.0,0.0,0.0,1.0,0,1803,627
0.0,43.0,3.0,1.0,0.0,1.0,1.0,13821,13188,12837
0.0,22.0,12.0,1.0,0.0,0.0,0.0,2461,2270,6802
0.0,44.0,4.0,1.0,0.0,1.0,1.0,10186,7732,0
0.0,38.0,12.0,0.0,0.0,1.0,0.0,18597,12547,16401
0.0,40.0,12.0,0.0,0.0,0.0,0.0,23686,17386,25565
0.0,16.0,10.0,0.0,0.0,0.0,1.0,1307,2122,11995
0.0,29.0,12.0,0.0,0.0,0.0,0.0,9326,9227,12669
0.0,32.0,12.0,0.0,0.0,1.0,0.0,5451,16278,25565
0.0,36.0,8.0,0.0,1.0,1.0,1.0,17878,18157,12898
0.0,48.0,2.0,0.0,1.0,1.0,1.0,19303,20662,25121
0.0,19.0,11.0,0.0,1.0,0.0,1.0,1136,1889,16861
0.0,38.0,12.0,0.0,1.0,1.0,0.0,2792,1259,0
0.0,16.0,10.0,0.0,1.0,0.0,1.0,692,3774,7223
0.0,24.0,17.0,0.0,0.0,0.0,0.0,2492,8597,15753
0.0,25.0,12.0,1.0,0.0,1.0,0.0,12498,4496,14248
0.0,30.0,10.0,0.0,0.0,1.0,1.0,20909,16915,21038
0.0,30.0,16.0,0.0,0.0,1.0,0.0,25862,25244,25565
0.0,38.0,14.0,0.0,0.0,1.0,0.0,25862,25244,25565
0.0,54.0,12.0,0.0,0.0,1.0,0.0,25862,25244,25565
0.0,26.0,15.0,0.0,0.0,1.0,0.0,12531,15168,7937
0.0,20.0,12.0,0.0,0.0,1.0,0.0,13811,16605,21464
0.0,21.0,14.0,0.0,0.0,0.0,0.0,1844,2093,7606
0.0,32.0,12.0,0.0,0.0,1.0,0.0,2792,3466,2551
0.0,47.0,6.0,0.0,0.0,1.0,1.0,20198,21656,20666
0.0,19.0,9.0,0.0,0.0,1.0,1.0,1162,11281,3824
0.0,24.0,12.0,0.0,0.0,1.0,0.0,24781,25244,16998
0.0,24.0,12.0,1.0,0.0,0.0,0.0,10668,9711,10969
0.0,21.0,12.0,1.0,0.0,1.0,0.0,17228,18005,18628
0.0,35.0,10.0,0.0,0.0,1.0,1.0,6217,9401,13093
0.0,21.0,10.0,0.0,0.0,1.0,1.0,9918,8710,9293
0.0,30.0,16.0,0.0,0.0,1.0,0.0,18025,17502,19778
0.0,54.0,12.0,0.0,0.0,1.0,0.0,15805,15352,14644
0.0,27.0,12.0,0.0,0.0,1.0,0.0,25862,25244,25565
0.0,23.0,12.0,0.0,0.0,1.0,0.0,8540,15030,24993
0.0,33.0,10.0,0.0,0.0,0.0,1.0,10380,20390,16861
0.0,32.0,12.0,1.0,0.0,1.0,0.0,15770,15332,17000
0.0,27.0,12.0,0.0,0.0,1.0,0.0,16903,25244,25565
0.0,35.0,13.0,0.0,0.0,1.0,0.0,25862,25244,25565
0.0,33.0,16.0,0.0,0.0,1.0,0.0,22775,22982,12307
0.0,25.0,12.0,0.0,0.0,1.0,0.0,13654,15135,17492
0.0,42.0,14.0,0.0,0.0,1.0,0.0,19011,20012,20571
0.0,17.0,11.0,0.0,0.0,0.0,1.0,0,2216,3440
0.0,55.0,9.0,0.0,0.0,1.0,1.0,6450,10805,9506
0.0,44.0,7.0,0.0,0.0,1.0,1.0,14118,12366,15754
0.0,17.0,11.0,0.0,0.0,0.0,1.0,1164,1130,11241
0.0,46.0,4.0,0.0,0.0,1.0,1.0,10039,9073,2125
0.0,40.0,8.0,0.0,0.0,1.0,1.0,0,0,1692
0.0,32.0,14.0,0.0,0.0,1.0,0.0,0,0,0
0.0,39.0,8.0,1.0,0.0,1.0,1.0,16662,12328,16155
0.0,19.0,12.0,1.0,0.0,0.0,0.0,31,3224,10758
0.0,21.0,12.0,1.0,0.0,0.0,0.0,6908,11055,21498
0.0,16.0,9.0,1.0,0.0,0.0,1.0,200,0,3140
0.0,42.0,10.0,1.0,0.0,1.0,1.0,16448,16675,16410
0.0,40.0,12.0,1.0,0.0,1.0,0.0,14285,8751,10861
0.0,52.0,12.0,0.0,0.0,0.0,0.0,6462,1849,0
0.0,45.0,8.0,0.0,0.0,1.0,1.0,25862,16220,19735
0.0,24.0,12.0,0.0,0.0,1.0,0.0,13037,13202,0
0.0,36.0,8.0,0.0,0.0,1.0,1.0,7567,14471,7921
0.0,30.0,3.0,0.0,0.0,1.0,1.0,10043,14453,5432
0.0,27.0,8.0,0.0,0.0,1.0,1.0,11444,14358,17091
0.0,41.0,10.0,0.0,1.0,1.0,1.0,4873,7541,21622
0.0,29.0,12.0,0.0,1.0,1.0,0.0,11489,13238,12085
0.0,30.0,12.0,0.0,1.0,1.0,0.0,13423,5851,1754
0.0,30.0,10.0,0.0,1.0,1.0,1.0,19773,18485,14510
0.0,28.0,8.0,0.0,1.0,0.0,1.0,8437,8887,8182
0.0,44.0,12.0,0.0,1.0,1.0,0.0,23115,23056,24028
0.0,39.0,9.0,0.0,0.0,1.0,1.0,23723,22014,25565
0.0,26.0,13.0,0.0,1.0,1.0,0.0,562,0,0
0.0,27.0,12.0,0.0,0.0,1.0,0.0,0,0,0
0.0,20.0,11.0,0.0,1.0,1.0,1.0,11136,12593,11256
0.0,23.0,14.0,0.0,1.0,1.0,0.0,23164,25244,25565
0.0,33.0,11.0,0.0,0.0,1.0,1.0,18131,16979,23512
0.0,24.0,12.0,0.0,0.0,1.0,0.0,25862,18154,25565
0.0,40.0,7.0,0.0,0.0,1.0,1.0,0,0,1105
0.0,47.0,2.0,0.0,0.0,1.0,1.0,6626,6137,6499
0.0,41.0,12.0,0.0,0.0,1.0,0.0,13778,11775,11305
0.0,33.0,9.0,0.0,0.0,1.0,1.0,17984,21251,19691
0.0,52.0,12.0,0.0,0.0,0.0,0.0,10653,9680,9799
0.0,23.0,14.0,0.0,0.0,0.0,0.0,18139,18899,24329
0.0,24.0,16.0,0.0,0.0,0.0,0.0,6734,5348,3641
0.0,23.0,16.0,0.0,0.0,0.0,0.0,11810,22307,25565
0.0,40.0,16.0,0.0,0.0,1.0,0.0,0,2788,0
0.0,42.0,9.0,0.0,0.0,1.0,1.0,17373,14172,16190
0.0,39.0,8.0,0.0,0.0,1.0,1.0,0,0,950
0.0,45.0,12.0,0.0,0.0,1.0,0.0,3721,6640,16132
0.0,39.0,8.0,0.0,0.0,1.0,1.0,4165,9229,811
0.0,39.0,8.0,0.0,0.0,1.0,1.0,18582,12283,15993
0.0,54.0,16.0,0.0,0.0,1.0,0.0,13484,3733,13636
0.0,42.0,8.0,0.0,0.0,1.0,1.0,20480,19549,20294
0.0,18.0,10.0,0.0,0.0,0.0,1.0,0,347,21374
0.0,30.0,12.0,0.0,0.0,1.0,0.0,25862,25244,25565
0.0,26.0,13.0,1.0,0.0,1.0,0.0,13817,11431,12369
0.0,24.0,9.0,1.0,0.0,1.0,1.0,0,2225,6981
0.0,39.0,12.0,0.0,0.0,1.0,0.0,15341,12992,355
0.0,41.0,18.0,0.0,1.0,1.0,0.0,1332,0,0
0.0,47.0,16.0,0.0,0.0,1.0,0.0,0,0,25565
0.0,35.0,13.0,0.0,1.0,1.0,0.0,19812,15556,17211
0.0,24.0,12.0,0.0,0.0,1.0,0.0,12765,13159,19639
0.0,39.0,12.0,0.0,0.0,1.0,0.0,25359,25244,21123
0.0,30.0,13.0,0.0,0.0,1.0,0.0,16613,17563,24950
0.0,31.0,18.0,0.0,0.0,1.0,0.0,16264,17456,20283
0.0,40.0,13.0,0.0,0.0,1.0,0.0,0,0,0
0.0,29.0,15.0,0.0,0.0,1.0,0.0,5745,4970,4900
0.0,55.0,10.0,0.0,0.0,1.0,1.0,3137,3083,7963
0.0,50.0,7.0,0.0,0.0,1.0,1.0,17757,16358,0
0.0,40.0,12.0,1.0,0.0,1.0,0.0,24800,25244,25565
0.0,53.0,11.0,0.0,0.0,1.0,1.0,18021,17413,0
0.0,19.0,12.0,0.0,0.0,0.0,0.0,0,0,11813
0.0,25.0,12.0,0.0,0.0,1.0,0.0,18609,17592,18470
0.0,19.0,13.0,0.0,0.0,0.0,0.0,5035,5076,7233
0.0,32.0,16.0,0.0,0.0,1.0,0.0,21160,20768,25565
0.0,38.0,8.0,1.0,0.0,1.0,1.0,6722,5872,8148
0.0,36.0,4.0,1.0,0.0,1.0,1.0,10560,13377,13682
0.0,54.0,8.0,0.0,0.0,0.0,1.0,0,0,13410
0.0,29.0,16.0,0.0,0.0,1.0,0.0,25862,25244,25565
0.0,50.0,12.0,0.0,0.0,1.0,0.0,25837,25244,25565
0.0,36.0,18.0,0.0,0.0,1.0,0.0,24326,25244,25430
0.0,36.0,18.0,0.0,0.0,1.0,0.0,0,0,0
0.0,38.0,10.0,0.0,1.0,1.0,1.0,15856,14086,1574
0.0,26.0,13.0,0.0,0.0,0.0,0.0,59,50,31
0.0,29.0,16.0,0.0,0.0,1.0,0.0,19620,9109,10184
0.0,25.0,12.0,0.0,0.0,0.0,0.0,149,10656,0
0.0,41.0,10.0,0.0,1.0,0.0,1.0,25862,5230,14090
0.0,20.0,9.0,0.0,1.0,1.0,1.0,0,1284,0
0.0,27.0,12.0,0.0,1.0,1.0,0.0,24046,25152,25565
0.0,29.0,18.0,0.0,0.0,0.0,0.0,14932,8311,0
0.0,29.0,18.0,0.0,0.0,0.0,0.0,11691,15146,12556
0.0,33.0,17.0,0.0,0.0,1.0,0.0,25862,25244,25565
0.0,47.0,11.0,0.0,0.0,1.0,1.0,15214,1971,22942
0.0,22.0,9.0,0.0,0.0,0.0,1.0,18313,18353,15184
0.0,19.0,8.0,0.0,0.0,0.0,1.0,0,2295,9898
0.0,20.0,12.0,0.0,0.0,0.0,0.0,12723,7346,9469
0.0,26.0,16.0,0.0,0.0,0.0,0.0,3842,3488,1717
0.0,35.0,14.0,0.0,0.0,1.0,0.0,22829,20888,24394
0.0,27.0,12.0,0.0,0.0,1.0,0.0,20329,19873,25565
0.0,27.0,16.0,0.0,0.0,1.0,0.0,8629,14688,25565
0.0,51.0,14.0,0.0,0.0,1.0,0.0,25862,25244,25565
0.0,26.0,12.0,0.0,1.0,1.0,0.0,21621,15252,25565
0.0,39.0,10.0,0.0,1.0,1.0,1.0,25862,25244,25565
0.0,39.0,12.0,0.0,0.0,0.0,0.0,17469,8814,16769
0.0,26.0,14.0,0.0,0.0,1.0,0.0,10862,12493,17978
0.0,25.0,15.0,0.0,0.0,1.0,0.0,8243,4277,764
0.0,32.0,14.0,0.0,0.0,0.0,0.0,1401,0,0
0.0,16.0,8.0,0.0,0.0,0.0,1.0,423,3810,8209
0.0,55.0,18.0,0.0,0.0,0.0,0.0,9714,9476,14482
0.0,40.0,12.0,0.0,0.0,1.0,0.0,21748,21663,23579
0.0,34.0,12.0,0.0,0.0,1.0,0.0,25862,25244,25565
0.0,39.0,14.0,0.0,0.0,1.0,0.0,25862,25244,25565
0.0,18.0,12.0,0.0,0.0,0.0,0.0,1587,3597,3916
0.0,46.0,14.0,0.0,0.0,1.0,0.0,25862,3412,25565
0.0,34.0,13.0,0.0,0.0,0.0,0.0,25862,25244,25565
0.0,22.0,15.0,0.0,0.0,0.0,0.0,9628,10495,17737
0.0,32.0,16.0,0.0,0.0,1.0,0.0,25862,25244,25565
0.0,47.0,11.0,0.0,0.0,0.0,1.0,12012,23725,25565
0.0,22.0,6.0,0.0,1.0,0.0,1.0,12110,12189,0
0.0,30.0,6.0,0.0,1.0,1.0,1.0,11877,12196,12103
0.0,37.0,10.0,0.0,1.0,1.0,1.0,4910,4832,14777
0.0,27.0,6.0,0.0,1.0,1.0,1.0,11695,15012,17687
0.0,23.0,10.0,0.0,1.0,1.0,1.0,11807,8617,14332
0.0,41.0,15.0,0.0,0.0,0.0,0.0,16993,25244,0
0.0,49.0,9.0,0.0,1.0,1.0,1.0,18946,18764,25565
0.0,55.0,14.0,0.0,0.0,1.0,0.0,24201,25244,0
0.0,24.0,13.0,0.0,0.0,1.0,0.0,0,0,0
0.0,54.0,13.0,0.0,0.0,0.0,0.0,25862,24721,25565
0.0,36.0,12.0,0.0,1.0,1.0,0.0,20992,17078,22804
0.0,16.0,9.0,0.0,0.0,0.0,1.0,0,1472,4912
0.0,24.0,16.0,0.0,0.0,0.0,0.0,0,0,2293
0.0,30.0,14.0,0.0,1.0,0.0,0.0,6158,392,2636
0.0,46.0,6.0,0.0,1.0,1.0,1.0,12849,10882,10895
0.0,51.0,4.0,1.0,0.0,0.0,1.0,0,0,0
0.0,49.0,12.0,0.0,0.0,1.0,0.0,0,0,0
0.0,18.0,12.0,0.0,0.0,0.0,0.0,129,3917,4986
0.0,54.0,13.0,0.0,0.0,1.0,0.0,23096,21444,14471
0.0,21.0,13.0,0.0,0.0,0.0,0.0,10028,10242,15473
0.0,52.0,13.0,1.0,0.0,1.0,0.0,13292,11920,0
0.0,50.0,12.0,1.0,0.0,0.0,0.0,19487,17833,13509
0.0,25.0,14.0,0.0,0.0,0.0,0.0,16938,23242,25565
0.0,47.0,16.0,0.0,0.0,1.0,0.0,23809,24431,25565
0.0,33.0,16.0,0.0,0.0,0.0,0.0,25862,11120,1219
0.0,29.0,18.0,0.0,0.0,1.0,0.0,15941,25244,25565
0.0,29.0,16.0,0.0,0.0,0.0,0.0,21601,19035,25565
0.0,42.0,16.0,1.0,0.0,1.0,0.0,0,0,0
0.0,29.0,12.0,0.0,0.0,0.0,0.0,25862,24622,22603
0.0,36.0,13.0,1.0,0.0,1.0,0.0,25862,21636,13586
0.0,24.0,11.0,0.0,1.0,1.0,1.0,713,0,21751
0.0,22.0,16.0,0.0,0.0,0.0,0.0,0,0,22522
0.0,21.0,14.0,0.0,0.0,0.0,0.0,1940,2746,25565
0.0,27.0,12.0,1.0,0.0,0.0,0.0,21215,20437,25565
0.0,39.0,12.0,0.0,0.0,0.0,0.0,25862,25244,25565
0.0,41.0,14.0,0.0,0.0,0.0,0.0,25862,25244,25565
0.0,49.0,13.0,0.0,0.0,1.0,0.0,22400,25244,25565
0.0,52.0,12.0,0.0,0.0,1.0,0.0,14781,0,25565
0.0,53.0,15.0,0.0,0.0,1.0,0.0,25862,25244,25565
0.0,19.0,12.0,0.0,0.0,0.0,0.0,0,0,0
0.0,40.0,18.0,0.0,0.0,1.0,0.0,0,0,4705
0.0,29.0,15.0,0.0,0.0,1.0,0.0,21440,22141,25565
0.0,39.0,12.0,0.0,0.0,1.0,0.0,25862,25244,25565
0.0,26.0,14.0,0.0,0.0,1.0,0.0,25862,25244,7619
0.0,17.0,10.0,0.0,0.0,0.0,1.0,362,2515,217
0.0,22.0,13.0,0.0,1.0,1.0,0.0,14522,17679,21952
0.0,25.0,12.0,0.0,0.0,1.0,0.0,19005,19604,24978
0.0,19.0,11.0,0.0,0.0,1.0,1.0,4306,6979,838
0.0,48.0,11.0,0.0,0.0,1.0,1.0,25862,25244,25565
0.0,27.0,14.0,0.0,1.0,1.0,0.0,25862,25244,25565
0.0,21.0,12.0,0.0,0.0,0.0,0.0,8129,2940,0
0.0,29.0,10.0,0.0,0.0,1.0,1.0,8474,16242,2477
0.0,33.0,12.0,0.0,0.0,1.0,0.0,20996,21163,24477
0.0,17.0,11.0,0.0,1.0,0.0,1.0,601,11,1914
0.0,23.0,12.0,0.0,0.0,1.0,0.0,19577,14716,0
0.0,28.0,12.0,0.0,0.0,1.0,0.0,25862,24821,25565
0.0,55.0,8.0,0.0,0.0,1.0,1.0,24377,25244,0
0.0,21.0,12.0,0.0,0.0,0.0,0.0,3047,1665,13787
0.0,20.0,12.0,0.0,0.0,0.0,0.0,841,2392,4271
0.0,32.0,17.0,0.0,0.0,0.0,0.0,0,958,2518
0.0,20.0,12.0,0.0,0.0,0.0,0.0,8799,15207,24943
0.0,48.0,10.0,0.0,0.0,1.0,1.0,11879,16757,14105
0.0,51.0,12.0,0.0,0.0,0.0,0.0,25862,25244,23135
0.0,29.0,13.0,0.0,0.0,1.0,0.0,17565,9211,2135
0.0,19.0,13.0,0.0,0.0,0.0,0.0,10331,13540,15980
0.0,36.0,16.0,0.0,0.0,1.0,0.0,19724,11163,23660
0.0,49.0,16.0,0.0,0.0,1.0,0.0,0,0,0
0.0,21.0,13.0,0.0,0.0,0.0,0.0,14718,11062,18931
0.0,18.0,11.0,0.0,0.0,0.0,1.0,0,1762,7233
0.0,33.0,17.0,0.0,0.0,0.0,0.0,25862,25244,25565
0.0,47.0,12.0,0.0,0.0,0.0,0.0,23135,18288,9933
0.0,55.0,8.0,0.0,0.0,1.0,1.0,22916,25244,1306
0.0,37.0,13.0,0.0,0.0,1.0,0.0,25862,25244,25565
0.0,39.0,14.0,0.0,0.0,1.0,0.0,23595,25014,11677
0.0,33.0,12.0,0.0,1.0,1.0,0.0,25862,25244,25565
0.0,32.0,13.0,0.0,0.0,0.0,0.0,22003,17670,23205
0.0,33.0,13.0,0.0,0.0,1.0,0.0,25862,25244,25565
0.0,25.0,14.0,0.0,0.0,1.0,0.0,14932,16496,25565
0.0,36.0,14.0,0.0,0.0,1.0,0.0,25862,25244,25565
0.0,29.0,12.0,0.0,1.0,1.0,0.0,25862,25244,25565
0.0,39.0,15.0,0.0,0.0,1.0,0.0,25862,25244,25565
0.0,32.0,12.0,0.0,0.0,1.0,0.0,25862,25244,25565
0.0,35.0,12.0,0.0,0.0,1.0,0.0,25862,24766,25565
0.0,52.0,18.0,0.0,0.0,1.0,0.0,25862,25244,25565
0.0,33.0,12.0,0.0,0.0,0.0,0.0,21863,22447,24072
0.0,38.0,10.0,0.0,0.0,1.0,1.0,25862,25244,25565
0.0,41.0,12.0,0.0,0.0,1.0,0.0,25862,23367,0
0.0,16.0,9.0,0.0,0.0,0.0,1.0,0,0,1609
0.0,50.0,13.0,0.0,0.0,1.0,0.0,25862,25244,25565
0.0,33.0,12.0,0.0,0.0,1.0,0.0,0,0,0
0.0,44.0,8.0,0.0,0.0,1.0,1.0,25862,25244,25565
0.0,50.0,12.0,0.0,0.0,1.0,0.0,21078,23108,19308
0.0,51.0,14.0,1.0,0.0,1.0,0.0,0,0,0
0.0,30.0,16.0,0.0,0.0,1.0,0.0,25862,25244,25565
0.0,33.0,12.0,0.0,0.0,1.0,0.0,25862,25244,25565
0.0,19.0,13.0,0.0,0.0,0.0,0.0,1397,6703,358
0.0,16.0,10.0,0.0,0.0,0.0,1.0,0,261,9157
0.0,27.0,13.0,0.0,0.0,1.0,0.0,8652,14136,5927
0.0,42.0,6.0,0.0,1.0,1.0,1.0,2426,2832,1908
0.0,31.0,12.0,0.0,0.0,1.0,0.0,22837,7109,20716
0.0,29.0,12.0,0.0,0.0,1.0,0.0,25862,25244,25565
0.0,42.0,12.0,0.0,0.0,1.0,0.0,16871,12450,0
0.0,17.0,9.0,0.0,0.0,0.0,1.0,815,0,9327
0.0,20.0,12.0,0.0,0.0,1.0,0.0,12145,791,13684
0.0,18.0,11.0,0.0,0.0,0.0,1.0,0,3226,15815
0.0,53.0,12.0,0.0,0.0,1.0,0.0,25862,25244,24459
0.0,35.0,14.0,0.0,0.0,1.0,0.0,8764,10894,20217
0.0,28.0,15.0,0.0,0.0,1.0,0.0,22363,23870,25565
0.0,36.0,9.0,0.0,0.0,1.0,1.0,18789,25242,21742
0.0,31.0,18.0,0.0,0.0,1.0,0.0,25862,25244,25565
0.0,19.0,12.0,0.0,1.0,0.0,0.0,0,0,5311
0.0,26.0,9.0,0.0,1.0,0.0,1.0,9595,10259,6678
0.0,48.0,12.0,0.0,0.0,1.0,0.0,19393,9849,6864
0.0,19.0,13.0,0.0,1.0,1.0,0.0,5090,5400,3583
0.0,28.0,12.0,0.0,0.0,1.0,0.0,23529,25224,25565
0.0,36.0,14.0,0.0,0.0,1.0,0.0,25862,25244,25565
0.0,22.0,12.0,0.0,0.0,0.0,0.0,13903,14770,21028
0.0,49.0,11.0,0.0,0.0,1.0,1.0,25862,25244,25565
0.0,29.0,12.0,0.0,0.0,1.0,0.0,25862,25244,22392
0.0,27.0,15.0,0.0,0.0,1.0,0.0,25324,25244,0
0.0,33.0,12.0,0.0,0.0,1.0,0.0,18956,2014,15776
0.0,41.0,11.0,0.0,0.0,0.0,1.0,149,3448,488
0.0,36.0,12.0,0.0,0.0,1.0,0.0,25862,25244,25565
0.0,33.0,14.0,0.0,1.0,1.0,0.0,22798,22787,25565
0.0,28.0,12.0,0.0,1.0,1.0,0.0,22255,23348,25565
0.0,25.0,11.0,0.0,1.0,1.0,1.0,12802,13490,21755
0.0,25.0,10.0,0.0,0.0,1.0,1.0,13633,2786,0
0.0,37.0,9.0,0.0,0.0,1.0,1.0,23178,3420,14443
0.0,18.0,9.0,0.0,0.0,1.0,1.0,76,501,3651
0.0,24.0,13.0,0.0,0.0,1.0,0.0,0,14691,13868
0.0,30.0,9.0,0.0,0.0,1.0,1.0,16299,18256,25565
0.0,42.0,3.0,0.0,0.0,1.0,1.0,13256,16061,14426
0.0,30.0,12.0,0.0,1.0,1.0,0.0,25862,25244,25565
0.0,23.0,13.0,0.0,0.0,1.0,0.0,18419,16215,10773
0.0,28.0,13.0,0.0,0.0,1.0,0.0,0,0,0
0.0,25.0,12.0,0.0,0.0,1.0,0.0,15909,16075,465
0.0,29.0,12.0,0.0,0.0,0.0,0.0,3585,3368,244
0.0,44.0,18.0,0.0,0.0,1.0,0.0,25862,25244,0
0.0,35.0,16.0,0.0,0.0,1.0,0.0,25862,25244,25565
0.0,41.0,12.0,0.0,0.0,1.0,0.0,22639,20471,22761
0.0,52.0,12.0,0.0,0.0,1.0,0.0,22534,22562,15828
0.0,23.0,12.0,0.0,0.0,0.0,0.0,10225,5169,23171
0.0,25.0,12.0,0.0,1.0,1.0,0.0,25862,20275,25565
0.0,24.0,11.0,0.0,1.0,1.0,1.0,9775,11170,1924
0.0,22.0,12.0,0.0,1.0,0.0,0.0,388,11095,14912
0.0,25.0,6.0,0.0,1.0,1.0,1.0,10380,11156,18853
0.0,33.0,9.0,0.0,0.0,1.0,1.0,25862,25244,25565
0.0,32.0,18.0,0.0,0.0,1.0,0.0,25862,25244,25565
0.0,33.0,17.0,0.0,0.0,1.0,0.0,25862,25244,1847
0.0,38.0,12.0,0.0,1.0,1.0,0.0,0,13121,25565
0.0,34.0,16.0,0.0,0.0,1.0,0.0,25860,25244,25565
0.0,33.0,13.0,0.0,1.0,1.0,0.0,0,0,13301
0.0,20.0,11.0,0.0,1.0,1.0,1.0,10913,13388,12973
0.0,18.0,11.0,0.0,0.0,0.0,1.0,0,0,11684
0.0,17.0,10.0,0.0,0.0,0.0,1.0,0,0,6882
0.0,33.0,14.0,0.0,0.0,1.0,0.0,25862,25244,25565
0.0,42.0,12.0,0.0,0.0,0.0,0.0,1881,4952,0
0.0,34.0,13.0,0.0,0.0,1.0,0.0,20200,10314,25565
0.0,16.0,10.0,0.0,0.0,0.0,1.0,0,2028,16420
0.0,28.0,13.0,0.0,0.0,1.0,0.0,12953,15139,21839
0.0,28.0,13.0,0.0,0.0,1.0,0.0,22093,25244,25565
0.0,29.0,18.0,0.0,1.0,1.0,0.0,276,6284,25565
0.0,39.0,12.0,0.0,0.0,0.0,0.0,25862,25244,25565
0.0,25.0,13.0,0.0,0.0,1.0,0.0,25862,25244,25565
0.0,41.0,18.0,0.0,0.0,1.0,0.0,25862,25244,12618
0.0,19.0,12.0,0.0,0.0,0.0,0.0,504,0,177
0.0,29.0,14.0,0.0,0.0,1.0,0.0,25510,24599,25565
0.0,47.0,14.0,1.0,0.0,1.0,0.0,0,0,0
0.0,22.0,15.0,0.0,0.0,1.0,0.0,7281,9292,22392
0.0,22.0,14.0,0.0,1.0,1.0,0.0,4677,4605,24965
0.0,35.0,12.0,0.0,0.0,1.0,0.0,25862,17150,22464
0.0,31.0,10.0,0.0,0.0,1.0,1.0,0,0,0
0.0,38.0,12.0,0.0,1.0,1.0,0.0,15100,15683,16392
0.0,27.0,14.0,0.0,1.0,1.0,0.0,4067,4614,17480
0.0,53.0,8.0,0.0,1.0,0.0,1.0,16066,16906,16688
0.0,41.0,12.0,0.0,0.0,1.0,0.0,0,0,0
0.0,35.0,12.0,0.0,1.0,1.0,0.0,25862,25244,25565
0.0,32.0,13.0,0.0,0.0,1.0,0.0,25862,13982,25565
0.0,51.0,12.0,0.0,0.0,1.0,0.0,14847,12017,22321
0.0,18.0,11.0,0.0,0.0,0.0,1.0,1712,600,1720
0.0,34.0,11.0,0.0,1.0,1.0,1.0,22198,0,0
0.0,49.0,12.0,0.0,0.0,1.0,0.0,20547,24794,25565
0.0,29.0,12.0,0.0,0.0,1.0,0.0,25862,25244,25565
0.0,51.0,10.0,0.0,1.0,1.0,1.0,23572,12480,22210
0.0,22.0,9.0,0.0,1.0,1.0,1.0,15948,25244,25565
0.0,49.0,12.0,0.0,0.0,1.0,0.0,25862,25244,25565
0.0,18.0,12.0,0.0,0.0,0.0,0.0,2941,782,6073
0.0,23.0,13.0,0.0,0.0,0.0,0.0,6544,985,2858
0.0,31.0,11.0,0.0,0.0,1.0,1.0,12661,14745,25565
0.0,24.0,13.0,0.0,0.0,0.0,0.0,12418,12994,10099
0.0,49.0,4.0,0.0,1.0,1.0,1.0,15519,21303,25565
0.0,43.0,10.0,0.0,1.0,1.0,1.0,25862,25244,0
0.0,43.0,12.0,0.0,0.0,1.0,0.0,25862,25244,25565
0.0,52.0,6.0,0.0,1.0,1.0,1.0,19685,19670,13629
0.0,43.0,1.0,0.0,1.0,1.0,1.0,12610,4275,0
0.0,33.0,9.0,0.0,1.0,1.0,1.0,11959,7088,25565
0.0,41.0,5.0,0.0,1.0,1.0,1.0,7690,12214,19703
0.0,40.0,8.0,0.0,1.0,1.0,1.0,22451,21779,19278
0.0,25.0,11.0,0.0,1.0,1.0,1.0,12627,3382,17179
0.0,46.0,12.0,0.0,0.0,1.0,0.0,0,0,0
0.0,32.0,18.0,0.0,0.0,1.0,0.0,0,0,0
0.0,45.0,12.0,0.0,0.0,0.0,0.0,20202,19241,20954
0.0,29.0,13.0,0.0,0.0,0.0,0.0,10937,0,25565
0.0,29.0,16.0,0.0,0.0,0.0,0.0,9722,5434,25565
0.0,23.0,16.0,0.0,0.0,0.0,0.0,4520,0,25565
0.0,25.0,16.0,0.0,0.0,1.0,0.0,21272,20601,25565
0.0,35.0,15.0,0.0,0.0,0.0,0.0,3084,324,0
0.0,29.0,16.0,0.0,0.0,1.0,0.0,25862,25244,0
0.0,31.0,13.0,0.0,0.0,1.0,0.0,25862,25244,24870
0.0,30.0,16.0,0.0,1.0,1.0,0.0,23552,20168,25565
0.0,27.0,3.0,0.0,1.0,1.0,1.0,10858,10955,11387
0.0,20.0,13.0,0.0,0.0,1.0,0.0,2453,6606,15012
0.0,21.0,12.0,0.0,1.0,1.0,0.0,13468,14724,3576
0.0,44.0,8.0,0.0,0.0,0.0,1.0,5843,11841,10638
0.0,44.0,6.0,0.0,1.0,1.0,1.0,8493,8354,10133
0.0,50.0,10.0,0.0,0.0,1.0,1.0,25862,25244,0
0.0,23.0,16.0,0.0,0.0,0.0,0.0,9557,17094,21080
0.0,23.0,16.0,0.0,0.0,0.0,0.0,504,24860,25565
0.0,29.0,16.0,0.0,0.0,1.0,0.0,21323,21350,8667
0.0,19.0,11.0,0.0,0.0,0.0,1.0,0,1074,7714
0.0,43.0,14.0,0.0,0.0,0.0,0.0,0,0,0
0.0,25.0,14.0,1.0,0.0,0.0,0.0,11856,13100,15495
0.0,23.0,11.0,0.0,0.0,1.0,1.0,2770,9573,9401
0.0,44.0,8.0,0.0,0.0,1.0,1.0,18991,12829,21035
0.0,31.0,12.0,0.0,0.0,1.0,0.0,25862,22508,22608
0.0,33.0,13.0,0.0,0.0,1.0,0.0,23501,25244,25565
0.0,27.0,12.0,0.0,0.0,0.0,0.0,21395,17585,15804
0.0,25.0,12.0,0.0,0.0,1.0,0.0,8615,5367,11930
0.0,34.0,12.0,0.0,0.0,1.0,0.0,14015,14502,13149
0.0,27.0,14.0,0.0,0.0,1.0,0.0,19175,20889,25565
0.0,28.0,12.0,0.0,0.0,1.0,0.0,25862,25244,20295
0.0,46.0,14.0,0.0,0.0,1.0,0.0,22986,15309,0
0.0,26.0,11.0,0.0,0.0,0.0,1.0,0,2834,9681
0.0,39.0,14.0,0.0,0.0,1.0,0.0,25862,25244,25565
0.0,30.0,17.0,0.0,1.0,1.0,0.0,11364,1074,25565
0.0,23.0,10.0,0.0,0.0,1.0,1.0,0,0,0
0.0,24.0,12.0,0.0,0.0,1.0,0.0,23882,21511,23992
0.0,31.0,16.0,0.0,0.0,1.0,0.0,9332,2365,0
0.0,21.0,10.0,0.0,0.0,1.0,1.0,5006,23263,3538
0.0,29.0,12.0,0.0,0.0,1.0,0.0,25862,23632,25565
0.0,42.0,12.0,0.0,0.0,1.0,0.0,19587,14238,13764
0.0,44.0,12.0,0.0,0.0,1.0,0.0,25862,25244,25565
0.0,51.0,12.0,0.0,0.0,1.0,0.0,25862,25244,25565
0.0,49.0,10.0,0.0,1.0,1.0,1.0,16697,16996,17557
0.0,27.0,13.0,0.0,0.0,1.0,0.0,27,0,0
0.0,50.0,14.0,0.0,0.0,1.0,0.0,18108,2327,7154
0.0,43.0,14.0,0.0,0.0,1.0,0.0,8870,12829,0
0.0,27.0,16.0,0.0,0.0,1.0,0.0,21166,22517,25565
0.0,47.0,12.0,0.0,1.0,1.0,0.0,0,0,0
0.0,28.0,12.0,0.0,0.0,1.0,0.0,23782,21325,0
0.0,53.0,15.0,0.0,0.0,1.0,0.0,0,0,0
0.0,32.0,14.0,0.0,0.0,1.0,0.0,25862,25244,25565
0.0,39.0,13.0,0.0,0.0,1.0,0.0,25862,25244,25565
0.0,26.0,16.0,0.0,0.0,0.0,0.0,12341,13981,18699
0.0,27.0,18.0,0.0,0.0,0.0,0.0,2285,0,0
0.0,53.0,12.0,0.0,0.0,1.0,0.0,25862,16791,0
0.0,37.0,13.0,0.0,0.0,1.0,0.0,25862,24755,22655
0.0,37.0,14.0,0.0,0.0,1.0,0.0,0,0,0
0.0,32.0,10.0,0.0,0.0,1.0,1.0,24424,25244,0
0.0,18.0,10.0,0.0,0.0,0.0,1.0,0,0,5049
0.0,17.0,10.0,0.0,0.0,0.0,1.0,0,2254,6481
0.0,44.0,12.0,0.0,0.0,1.0,0.0,25862,25244,25565
0.0,30.0,13.0,0.0,0.0,1.0,0.0,11221,21484,25565
0.0,55.0,9.0,0.0,0.0,0.0,1.0,10206,10004,10718
0.0,38.0,4.0,0.0,1.0,1.0,1.0,16370,13384,13718
0.0,18.0,11.0,0.0,1.0,1.0,1.0,6174,6821,14582
0.0,27.0,11.0,0.0,0.0,1.0,1.0,327,0,0
0.0,42.0,3.0,0.0,1.0,1.0,1.0,0,7897,11526
0.0,48.0,14.0,0.0,0.0,1.0,0.0,19791,15955,0
0.0,55.0,12.0,0.0,0.0,1.0,0.0,22357,7979,0
0.0,23.0,16.0,0.0,0.0,0.0,0.0,339,6153,7514
0.0,26.0,13.0,0.0,0.0,1.0,0.0,25862,25244,25565
0.0,40.0,13.0,0.0,0.0,1.0,0.0,3578,10302,11912
0.0,29.0,16.0,0.0,0.0,1.0,0.0,1209,1445,1558
0.0,50.0,12.0,0.0,0.0,0.0,0.0,14616,14511,15927
0.0,41.0,12.0,0.0,0.0,1.0,0.0,16330,21142,17977
0.0,40.0,12.0,0.0,0.0,1.0,0.0,25862,25244,0
0.0,50.0,10.0,0.0,0.0,1.0,1.0,25862,25244,5550
0.0,23.0,15.0,0.0,0.0,0.0,0.0,8836,5215,11132
0.0,31.0,18.0,0.0,0.0,1.0,0.0,25862,25244,25565
0.0,41.0,12.0,0.0,0.0,1.0,0.0,22931,23618,0
0.0,20.0,12.0,0.0,0.0,0.0,0.0,5294,668,7347
0.0,47.0,12.0,0.0,1.0,1.0,0.0,25862,23910,0
0.0,18.0,12.0,0.0,1.0,0.0,0.0,694,3335,0
0.0,46.0,12.0,0.0,0.0,1.0,0.0,25862,25244,17733
0.0,35.0,12.0,0.0,1.0,1.0,0.0,23343,22035,25565
0.0,23.0,12.0,0.0,0.0,1.0,0.0,15214,16974,7265
0.0,45.0,12.0,0.0,0.0,1.0,0.0,25862,25244,25565
0.0,21.0,14.0,0.0,0.0,0.0,0.0,3429,3133,20732
0.0,55.0,12.0,0.0,1.0,1.0,0.0,19340,16170,25565
0.0,52.0,12.0,0.0,0.0,1.0,0.0,25862,20268,24857
0.0,50.0,12.0,0.0,0.0,0.0,0.0,16236,14349,18834
0.0,47.0,12.0,0.0,0.0,1.0,0.0,11689,1389,12834
0.0,36.0,8.0,0.0,1.0,0.0,1.0,8897,11693,10569
0.0,42.0,5.0,0.0,0.0,1.0,1.0,25862,25244,18695
0.0,48.0,12.0,0.0,0.0,1.0,0.0,25862,25244,25565
0.0,45.0,12.0,0.0,0.0,1.0,0.0,22949,15970,12431
0.0,39.0,12.0,0.0,1.0,1.0,0.0,11174,9356,17276
0.0,27.0,12.0,0.0,0.0,1.0,0.0,6370,10387,1479
0.0,45.0,10.0,0.0,0.0,1.0,1.0,25862,25244,25565
0.0,53.0,14.0,0.0,0.0,1.0,0.0,4559,11293,3669
0.0,36.0,12.0,0.0,0.0,1.0,0.0,15805,25244,25565
0.0,20.0,12.0,0.0,0.0,0.0,0.0,4187,15767,1040
0.0,18.0,10.0,0.0,0.0,0.0,1.0,0,1857,22429
0.0,20.0,13.0,0.0,0.0,0.0,0.0,4965,12029,23348
0.0,20.0,12.0,0.0,0.0,0.0,0.0,5282,14079,5292
0.0,23.0,12.0,0.0,0.0,1.0,0.0,3781,3933,21025
0.0,47.0,17.0,0.0,0.0,1.0,0.0,25862,25244,25381
0.0,45.0,12.0,0.0,0.0,1.0,0.0,25862,25244,25565
0.0,21.0,14.0,0.0,0.0,0.0,0.0,1761,1985,15448
0.0,16.0,9.0,0.0,0.0,0.0,1.0,243,406,3656
0.0,34.0,16.0,0.0,0.0,1.0,0.0,22808,24522,25565
0.0,35.0,11.0,0.0,0.0,1.0,1.0,3975,0,21963
0.0,33.0,14.0,0.0,0.0,1.0,0.0,21227,9456,17155
0.0,41.0,9.0,0.0,1.0,1.0,1.0,20990,20501,21876
0.0,41.0,12.0,0.0,0.0,1.0,0.0,20194,20893,25565
0.0,17.0,10.0,0.0,0.0,0.0,1.0,0,2154,17244
0.0,47.0,9.0,0.0,0.0,1.0,1.0,25862,25244,25565
0.0,25.0,16.0,0.0,0.0,1.0,0.0,10511,22905,25565
0.0,20.0,13.0,0.0,0.0,1.0,0.0,5756,8957,1580
0.0,38.0,13.0,0.0,0.0,0.0,0.0,19744,14912,10947
0.0,25.0,16.0,0.0,0.0,0.0,0.0,13215,9881,25565
0.0,18.0,12.0,0.0,0.0,0.0,0.0,1305,2809,4220
0.0,37.0,12.0,0.0,0.0,1.0,0.0,18104,18691,19435
0.0,49.0,8.0,0.0,0.0,1.0,1.0,23731,8391,25565
0.0,41.0,12.0,0.0,0.0,0.0,0.0,25862,25244,25565
0.0,47.0,12.0,0.0,0.0,1.0,0.0,0,0,23029
0.0,32.0,13.0,0.0,0.0,1.0,0.0,14595,16093,25565
0.0,55.0,13.0,0.0,0.0,1.0,0.0,25133,25004,25565
0.0,27.0,12.0,0.0,0.0,1.0,0.0,24653,21851,25565
0.0,27.0,15.0,0.0,0.0,1.0,0.0,7982,21373,7371
0.0,47.0,12.0,0.0,0.0,1.0,0.0,0,5976,4523
0.0,25.0,13.0,0.0,0.0,0.0,0.0,0,6359,16505
0.0,33.0,13.0,0.0,0.0,1.0,0.0,25075,24540,25565
0.0,26.0,12.0,0.0,0.0,1.0,0.0,24726,24692,25565
0.0,23.0,10.0,0.0,0.0,1.0,1.0,11285,6067,0
0.0,18.0,10.0,0.0,0.0,1.0,1.0,5039,7765,19032
0.0,31.0,12.0,0.0,0.0,1.0,0.0,25649,22399,25565
0.0,40.0,10.0,0.0,0.0,1.0,1.0,11793,14131,1841
0.0,27.0,16.0,0.0,0.0,1.0,0.0,5194,827,1915
0.0,29.0,12.0,0.0,0.0,0.0,0.0,13139,9483,25565
0.0,52.0,16.0,0.0,0.0,1.0,0.0,20418,8957,0
0.0,19.0,12.0,0.0,0.0,0.0,0.0,0,1984,15212
0.0,27.0,13.0,0.0,0.0,1.0,0.0,11266,10819,5493
0.0,35.0,18.0,0.0,0.0,1.0,0.0,10972,0,0
0.0,29.0,15.0,0.0,0.0,1.0,0.0,12931,14367,14629
0.0,33.0,16.0,0.0,0.0,1.0,0.0,15339,10520,11012
0.0,28.0,12.0,0.0,0.0,1.0,0.0,16199,16521,22006
0.0,22.0,9.0,0.0,1.0,1.0,1.0,5562,7014,0
0.0,46.0,4.0,0.0,1.0,1.0,1.0,8395,9661,5868
0.0,16.0,6.0,0.0,1.0,0.0,1.0,165,36,1640
0.0,30.0,6.0,0.0,1.0,1.0,1.0,3911,3871,5268
0.0,47.0,12.0,0.0,0.0,1.0,0.0,18403,19498,18939
0.0,27.0,10.0,0.0,1.0,1.0,1.0,15649,2449,21511
0.0,49.0,3.0,0.0,1.0,1.0,1.0,5327,8241,13042
0.0,18.0,11.0,0.0,1.0,0.0,1.0,0,3040,2027
0.0,53.0,4.0,0.0,1.0,1.0,1.0,11397,4494,2348
0.0,26.0,13.0,0.0,0.0,1.0,0.0,22524,23444,1209
0.0,21.0,11.0,0.0,1.0,0.0,1.0,1228,177,411
0.0,32.0,12.0,0.0,0.0,1.0,0.0,20768,21625,25327
0.0,55.0,12.0,0.0,0.0,1.0,0.0,0,0,0
0.0,25.0,12.0,0.0,0.0,1.0,0.0,24949,25244,25358
0.0,44.0,14.0,0.0,0.0,1.0,0.0,24914,22769,25565
0.0,31.0,5.0,1.0,0.0,1.0,1.0,22255,21224,25565
0.0,41.0,12.0,0.0,0.0,1.0,0.0,19794,18503,22348
0.0,26.0,13.0,0.0,0.0,0.0,0.0,5839,4590,7730
0.0,32.0,12.0,0.0,0.0,1.0,0.0,23948,25244,22315
0.0,36.0,12.0,0.0,0.0,1.0,0.0,15733,25244,25565
0.0,29.0,13.0,0.0,0.0,0.0,0.0,0,944,16240
0.0,32.0,14.0,0.0,0.0,0.0,0.0,6487,9571,12239
0.0,24.0,12.0,0.0,0.0,1.0,0.0,22436,11612,13704
0.0,36.0,13.0,1.0,0.0,1.0,0.0,18494,17366,18129
0.0,29.0,12.0,0.0,0.0,1.0,0.0,25862,25244,25565
0.0,22.0,12.0,0.0,0.0,1.0,0.0,15917,7559,15501
0.0,37.0,10.0,0.0,0.0,1.0,1.0,18842,9286,25565
0.0,18.0,12.0,1.0,0.0,0.0,0.0,1579,1409,3057
0.0,39.0,2.0,1.0,0.0,1.0,1.0,0,0,965
0.0,23.0,12.0,0.0,0.0,1.0,0.0,14961,19323,25565
0.0,44.0,15.0,0.0,0.0,1.0,0.0,24475,25244,25565
0.0,37.0,10.0,0.0,0.0,1.0,1.0,9933,4984,10563
0.0,50.0,12.0,0.0,0.0,1.0,0.0,13766,21430,25565
0.0,55.0,8.0,0.0,0.0,1.0,1.0,0,0,0
0.0,47.0,12.0,0.0,0.0,1.0,0.0,25862,25244,25565
0.0,42.0,7.0,0.0,0.0,1.0,1.0,12122,12708,8581
0.0,51.0,5.0,0.0,0.0,1.0,1.0,17867,17096,14553
0.0,25.0,12.0,1.0,0.0,1.0,0.0,10754,2659,11441
0.0,48.0,8.0,0.0,0.0,1.0,1.0,0,0,0
0.0,44.0,3.0,0.0,0.0,0.0,1.0,8919,11872,9938
0.0,40.0,10.0,0.0,0.0,1.0,1.0,25862,25244,21443
0.0,18.0,11.0,0.0,0.0,0.0,1.0,0,0,7420
0.0,54.0,9.0,0.0,0.0,0.0,1.0,20502,18422,18417
0.0,53.0,10.0,0.0,0.0,1.0,1.0,0,0,0
0.0,53.0,16.0,0.0,0.0,1.0,0.0,25862,25244,25565
0.0,17.0,11.0,0.0,0.0,0.0,1.0,1505,1242,6381
0.0,42.0,16.0,0.0,0.0,1.0,0.0,19985,25244,25565
0.0,29.0,13.0,0.0,0.0,1.0,0.0,16544,11598,16144
0.0,32.0,10.0,0.0,0.0,1.0,1.0,3454,4839,2812
0.0,24.0,12.0,0.0,0.0,1.0,0.0,21887,18308,19802
0.0,23.0,12.0,0.0,0.0,1.0,0.0,11328,9403,14235
0.0,32.0,6.0,0.0,1.0,1.0,1.0,980,1037,0
0.0,28.0,12.0,0.0,0.0,1.0,0.0,7412,2351,10725
0.0,28.0,14.0,0.0,0.0,1.0,0.0,149,82,0
0.0,49.0,10.0,0.0,0.0,1.0,1.0,16460,15597,16181
0.0,17.0,11.0,0.0,0.0,0.0,1.0,0,0,9162
0.0,24.0,12.0,0.0,0.0,1.0,0.0,9052,328,8547
0.0,47.0,16.0,0.0,0.0,1.0,0.0,25862,25244,25565
0.0,38.0,12.0,0.0,0.0,1.0,0.0,25862,25244,0
0.0,27.0,12.0,1.0,0.0,1.0,0.0,15709,16745,0
0.0,28.0,12.0,1.0,0.0,1.0,0.0,16738,14699,20172
0.0,30.0,13.0,0.0,0.0,1.0,0.0,19943,22802,22584
0.0,41.0,14.0,0.0,0.0,0.0,0.0,0,0,0
0.0,47.0,12.0,0.0,0.0,1.0,0.0,23829,23052,25024
0.0,27.0,13.0,0.0,0.0,1.0,0.0,24544,24696,25565
0.0,34.0,14.0,0.0,0.0,1.0,0.0,1275,3420,25565
0.0,29.0,18.0,0.0,0.0,1.0,0.0,13378,13474,17802
0.0,55.0,18.0,0.0,0.0,0.0,0.0,0,0,0
0.0,50.0,8.0,0.0,0.0,1.0,1.0,19700,18754,25565
0.0,31.0,12.0,1.0,0.0,1.0,0.0,17743,18628,21851
0.0,19.0,10.0,1.0,0.0,0.0,1.0,0,0,3081
0.0,39.0,16.0,0.0,0.0,0.0,0.0,24444,24622,25565
0.0,29.0,14.0,0.0,0.0,0.0,0.0,5400,3095,442
0.0,18.0,12.0,0.0,0.0,0.0,0.0,429,0,0
0.0,43.0,11.0,0.0,0.0,1.0,1.0,17751,20755,1897
0.0,18.0,10.0,0.0,0.0,0.0,1.0,0,2263,0
0.0,39.0,12.0,0.0,0.0,1.0,0.0,25862,25244,25565
0.0,16.0,10.0,1.0,0.0,0.0,1.0,0,0,14669
0.0,34.0,11.0,1.0,0.0,1.0,1.0,0,0,0
0.0,20.0,14.0,0.0,0.0,0.0,0.0,0,0,3186
0.0,39.0,10.0,1.0,0.0,0.0,1.0,844,890,702
0.0,27.0,14.0,0.0,0.0,1.0,0.0,11111,11533,7290
0.0,52.0,18.0,0.0,0.0,1.0,0.0,0,25244,25565
0.0,43.0,12.0,0.0,0.0,1.0,0.0,15584,14682,0
0.0,21.0,12.0,0.0,0.0,0.0,0.0,11395,11021,12970
0.0,26.0,12.0,0.0,0.0,1.0,0.0,21019,21511,21275
0.0,45.0,8.0,0.0,0.0,1.0,1.0,0,0,0
0.0,41.0,11.0,0.0,0.0,1.0,1.0,25862,25244,25565
0.0,22.0,12.0,0.0,0.0,1.0,0.0,8531,10106,13425
0.0,24.0,11.0,0.0,0.0,1.0,1.0,16660,15909,20125
0.0,20.0,13.0,0.0,0.0,0.0,0.0,0,0,0
0.0,27.0,16.0,0.0,0.0,1.0,0.0,12359,0,44
0.0,55.0,18.0,0.0,0.0,1.0,0.0,25862,25244,25565
0.0,50.0,12.0,0.0,0.0,1.0,0.0,22181,24058,0
0.0,22.0,12.0,0.0,0.0,1.0,0.0,9577,10498,0
0.0,18.0,9.0,0.0,0.0,1.0,1.0,1422,3462,8806
0.0,28.0,6.0,0.0,1.0,0.0,1.0,10580,2745,24121
0.0,24.0,12.0,0.0,0.0,0.0,0.0,0,2195,1722
0.0,53.0,12.0,0.0,0.0,1.0,0.0,3137,2866,4541
0.0,43.0,16.0,0.0,0.0,1.0,0.0,25862,9781,25
0.0,18.0,11.0,0.0,0.0,0.0,1.0,0,0,3898
0.0,42.0,11.0,0.0,0.0,1.0,1.0,25723,18979,23313
0.0,27.0,12.0,0.0,0.0,1.0,0.0,22502,22547,25483
0.0,22.0,12.0,0.0,0.0,1.0,0.0,13366,13281,25565
0.0,44.0,10.0,0.0,0.0,0.0,1.0,25708,20898,25565
0.0,28.0,12.0,0.0,0.0,1.0,0.0,13166,15182,14699
0.0,31.0,12.0,0.0,0.0,1.0,0.0,18648,19930,22395
0.0,51.0,12.0,0.0,0.0,1.0,0.0,25862,25244,25565
0.0,43.0,12.0,0.0,0.0,1.0,0.0,0,2122,8659
0.0,48.0,9.0,0.0,0.0,1.0,1.0,25862,25244,25565
0.0,48.0,18.0,0.0,0.0,1.0,0.0,25862,25244,25565
0.0,44.0,18.0,0.0,0.0,1.0,0.0,25862,25244,25565
0.0,55.0,8.0,0.0,0.0,1.0,1.0,25862,25244,25565
0.0,43.0,8.0,0.0,0.0,1.0,1.0,25862,25244,25565
0.0,19.0,12.0,0.0,0.0,0.0,0.0,9640,13495,16867
0.0,47.0,12.0,0.0,0.0,1.0,0.0,14700,5863,9496
0.0,30.0,10.0,0.0,0.0,1.0,1.0,24452,25199,21854
0.0,28.0,12.0,0.0,0.0,1.0,0.0,14694,14811,20073
0.0,30.0,14.0,0.0,0.0,0.0,0.0,25465,25244,24511
0.0,30.0,16.0,0.0,0.0,1.0,0.0,25862,25244,25565
0.0,43.0,14.0,0.0,0.0,1.0,0.0,0,0,0
0.0,20.0,12.0,0.0,0.0,0.0,0.0,11082,9202,452
0.0,37.0,10.0,0.0,0.0,1.0,1.0,18864,18345,25188
0.0,16.0,9.0,0.0,0.0,0.0,1.0,445,709,2555
0.0,45.0,12.0,0.0,0.0,1.0,0.0,0,0,0
0.0,50.0,11.0,0.0,0.0,1.0,1.0,14185,13875,21278
0.0,47.0,18.0,0.0,0.0,1.0,0.0,18000,23185,25565
0.0,22.0,14.0,0.0,0.0,0.0,0.0,18881,24672,22794
0.0,17.0,11.0,0.0,0.0,0.0,1.0,8877,3436,594
0.0,20.0,10.0,0.0,0.0,1.0,1.0,5065,6676,17108
0.0,18.0,12.0,0.0,0.0,1.0,0.0,0,5586,9546
0.0,24.0,9.0,0.0,0.0,0.0,1.0,9228,11048,14993
0.0,27.0,12.0,1.0,0.0,1.0,0.0,443,457,485
0.0,23.0,12.0,0.0,0.0,1.0,0.0,12443,22223,12270
0.0,41.0,12.0,0.0,0.0,1.0,0.0,21936,25244,8652
0.0,54.0,12.0,0.0,0.0,1.0,0.0,25862,25244,25565
0.0,29.0,18.0,0.0,0.0,1.0,0.0,25862,3806,0
0.0,30.0,12.0,0.0,0.0,1.0,0.0,8670,7435,0
0.0,22.0,16.0,0.0,0.0,0.0,0.0,2849,5808,9757
0.0,27.0,12.0,0.0,0.0,0.0,0.0,795,5654,11444
0.0,29.0,16.0,0.0,0.0,0.0,0.0,0,0,0
0.0,37.0,8.0,0.0,1.0,1.0,1.0,13274,7813,4613
0.0,36.0,11.0,0.0,0.0,1.0,1.0,25862,25244,25565
0.0,24.0,12.0,1.0,0.0,1.0,0.0,2355,0,2449
0.0,38.0,9.0,0.0,0.0,0.0,1.0,24077,23698,22893
0.0,47.0,16.0,0.0,0.0,0.0,0.0,25862,25244,25565
0.0,53.0,13.0,0.0,0.0,0.0,0.0,15653,14122,18277
0.0,21.0,10.0,0.0,0.0,1.0,1.0,15329,14811,9790
0.0,34.0,12.0,0.0,0.0,1.0,0.0,17100,24597,20394
0.0,19.0,13.0,0.0,0.0,0.0,0.0,2882,5648,0
0.0,17.0,10.0,0.0,0.0,0.0,1.0,0,1192,12014
0.0,30.0,12.0,0.0,0.0,0.0,0.0,17890,14836,15754
0.0,35.0,12.0,0.0,0.0,1.0,0.0,25862,25244,25565
0.0,25.0,10.0,0.0,0.0,1.0,1.0,25862,25244,25565
0.0,40.0,14.0,0.0,0.0,1.0,0.0,25862,25244,25565
0.0,35.0,16.0,0.0,0.0,1.0,0.0,25862,25244,25565
0.0,35.0,12.0,0.0,0.0,1.0,0.0,25862,25244,25565
0.0,25.0,16.0,0.0,0.0,0.0,0.0,6066,25242,25565
0.0,26.0,12.0,0.0,0.0,1.0,0.0,25862,23453,25565
0.0,22.0,12.0,1.0,0.0,0.0,0.0,8390,6630,16171
0.0,28.0,16.0,0.0,0.0,1.0,0.0,25862,25244,25565
0.0,47.0,12.0,0.0,0.0,1.0,0.0,7864,15433,14222
0.0,16.0,10.0,0.0,0.0,0.0,1.0,0,0,14661
0.0,28.0,13.0,0.0,0.0,1.0,0.0,25862,25244,25565
0.0,23.0,16.0,0.0,0.0,1.0,0.0,5527,16679,8051
0.0,34.0,12.0,0.0,0.0,1.0,0.0,25608,24864,25565
0.0,48.0,8.0,0.0,0.0,1.0,1.0,25862,25244,25565
0.0,37.0,12.0,0.0,0.0,1.0,0.0,25862,25244,25565
0.0,17.0,10.0,0.0,0.0,0.0,1.0,409,1318,0
0.0,37.0,12.0,0.0,0.0,1.0,0.0,25862,20497,21028
0.0,24.0,13.0,0.0,0.0,1.0,0.0,13638,12726,18223
0.0,53.0,11.0,0.0,0.0,1.0,1.0,11687,4857,25565
0.0,28.0,18.0,0.0,0.0,0.0,0.0,0,0,0
0.0,49.0,18.0,0.0,0.0,0.0,0.0,4038,3591,2927
0.0,30.0,18.0,0.0,0.0,0.0,0.0,4138,3828,3020
0.0,21.0,15.0,0.0,0.0,1.0,0.0,14853,18773,4099
0.0,28.0,12.0,0.0,0.0,1.0,0.0,19156,17640,25504
0.0,35.0,15.0,0.0,0.0,0.0,0.0,23770,23466,25565
0.0,54.0,12.0,0.0,0.0,1.0,0.0,11893,15540,9679
0.0,37.0,14.0,0.0,0.0,1.0,0.0,25862,25244,25565
0.0,20.0,12.0,0.0,0.0,0.0,0.0,2676,6517,5323
0.0,35.0,12.0,0.0,0.0,1.0,0.0,25862,25244,25565
0.0,29.0,14.0,0.0,0.0,1.0,0.0,239,446,823
0.0,45.0,12.0,0.0,0.0,1.0,0.0,23362,22739,18655
0.0,37.0,10.0,0.0,0.0,1.0,1.0,17226,9779,20948
0.0,18.0,12.0,0.0,0.0,0.0,0.0,194,1420,1614
0.0,45.0,12.0,0.0,0.0,1.0,0.0,23852,22130,25565
0.0,17.0,10.0,0.0,0.0,0.0,1.0,0,537,3131
0.0,27.0,12.0,0.0,1.0,1.0,0.0,20343,17914,18389
0.0,47.0,12.0,0.0,0.0,1.0,0.0,24710,25244,25565
0.0,48.0,13.0,0.0,0.0,1.0,0.0,11334,884,0
0.0,19.0,12.0,0.0,0.0,0.0,0.0,5053,11877,18952
0.0,31.0,16.0,0.0,0.0,1.0,0.0,25633,24019,25565
0.0,26.0,12.0,0.0,0.0,1.0,0.0,17771,17667,18578
0.0,36.0,13.0,0.0,0.0,1.0,0.0,22923,20947,17289
0.0,35.0,12.0,0.0,0.0,1.0,0.0,23727,22716,25565
0.0,27.0,16.0,0.0,0.0,1.0,0.0,25862,25244,25565
0.0,45.0,16.0,0.0,0.0,1.0,0.0,25862,25244,23342
0.0,32.0,12.0,0.0,0.0,1.0,0.0,17518,11578,14542
0.0,50.0,7.0,0.0,0.0,1.0,1.0,11473,956,0
0.0,36.0,12.0,0.0,0.0,1.0,0.0,19381,18664,18480
0.0,49.0,12.0,0.0,0.0,1.0,0.0,25576,23897,16022
0.0,17.0,10.0,0.0,0.0,0.0,1.0,0,0,3216
0.0,49.0,16.0,0.0,0.0,1.0,0.0,25862,25244,25565
0.0,17.0,11.0,0.0,0.0,0.0,1.0,572,1590,10248
0.0,36.0,16.0,0.0,0.0,1.0,0.0,25862,25244,25565
0.0,22.0,15.0,0.0,0.0,0.0,0.0,7428,7965,2274
0.0,28.0,14.0,0.0,1.0,1.0,0.0,15896,18068,25565
0.0,19.0,10.0,0.0,1.0,0.0,1.0,862,7208,5785
0.0,26.0,13.0,0.0,0.0,1.0,0.0,22257,19604,18806
0.0,22.0,16.0,0.0,0.0,0.0,0.0,0,3317,25565
0.0,27.0,17.0,0.0,0.0,1.0,0.0,0,362,10273
0.0,21.0,12.0,0.0,0.0,1.0,0.0,11571,14673,21635
0.0,22.0,15.0,0.0,0.0,0.0,0.0,10039,6619,3402
0.0,51.0,12.0,0.0,0.0,1.0,0.0,2381,0,0
0.0,45.0,18.0,0.0,0.0,1.0,0.0,3248,2492,3748
0.0,28.0,18.0,0.0,0.0,0.0,0.0,3264,0,2369
0.0,42.0,14.0,0.0,0.0,0.0,0.0,5515,10199,0
0.0,22.0,12.0,0.0,0.0,0.0,0.0,11346,12038,8824
0.0,44.0,17.0,0.0,0.0,0.0,0.0,9050,8309,14888
0.0,35.0,17.0,0.0,0.0,1.0,0.0,7149,25244,25565
0.0,49.0,12.0,0.0,0.0,1.0,0.0,25862,25244,0
0.0,30.0,18.0,0.0,0.0,1.0,0.0,25079,25244,9786
0.0,23.0,12.0,0.0,0.0,1.0,0.0,11691,4764,14065
0.0,48.0,12.0,0.0,0.0,1.0,0.0,25862,25244,25565
0.0,50.0,9.0,0.0,0.0,1.0,1.0,17657,17731,21213
0.0,20.0,12.0,0.0,0.0,0.0,0.0,10952,7251,13124
0.0,37.0,13.0,0.0,0.0,1.0,0.0,25862,25244,24863
0.0,53.0,12.0,0.0,0.0,0.0,0.0,25862,22094,0
0.0,28.0,12.0,0.0,0.0,0.0,0.0,17571,21301,24329
0.0,47.0,3.0,0.0,0.0,1.0,1.0,18776,16215,14300
0.0,34.0,12.0,0.0,0.0,1.0,0.0,25862,2231,25565
0.0,53.0,9.0,0.0,0.0,1.0,1.0,23503,20814,23796
0.0,48.0,13.0,0.0,0.0,1.0,0.0,25862,20714,25565
0.0,25.0,16.0,0.0,0.0,0.0,0.0,9869,12620,16913
0.0,52.0,18.0,0.0,0.0,1.0,0.0,25862,25244,25565
0.0,27.0,8.0,0.0,1.0,0.0,1.0,12696,11523,18683
0.0,52.0,12.0,0.0,0.0,0.0,0.0,0,0,0
0.0,20.0,12.0,0.0,0.0,0.0,0.0,9757,8703,14411
0.0,51.0,12.0,0.0,0.0,1.0,0.0,22961,24961,24719
0.0,20.0,12.0,0.0,0.0,0.0,0.0,5940,16516,19268
0.0,24.0,12.0,0.0,0.0,1.0,0.0,18172,15051,18219
0.0,18.0,12.0,0.0,0.0,1.0,0.0,1552,4109,22145
0.0,23.0,16.0,0.0,0.0,1.0,0.0,1178,6286,9103
0.0,29.0,18.0,0.0,0.0,1.0,0.0,20719,23741,25565
0.0,54.0,12.0,0.0,0.0,1.0,0.0,22314,21917,23265
0.0,51.0,7.0,0.0,0.0,1.0,1.0,25845,23217,20626
0.0,22.0,11.0,0.0,0.0,1.0,1.0,10110,18727,2808
0.0,22.0,12.0,0.0,0.0,1.0,0.0,8499,12702,8583
0.0,55.0,8.0,0.0,0.0,1.0,1.0,23413,20757,25565
0.0,26.0,18.0,0.0,0.0,1.0,0.0,0,0,19664
0.0,23.0,16.0,0.0,0.0,1.0,0.0,2065,4137,9150
0.0,55.0,15.0,0.0,0.0,1.0,0.0,22545,0,14038
0.0,48.0,9.0,0.0,0.0,1.0,1.0,23968,24103,25565
0.0,37.0,8.0,0.0,0.0,1.0,1.0,15915,19260,18105
0.0,38.0,12.0,0.0,0.0,1.0,0.0,20888,22533,23729
0.0,27.0,12.0,0.0,0.0,1.0,0.0,18928,16290,16239
0.0,17.0,10.0,0.0,0.0,0.0,1.0,0,2105,23913
0.0,35.0,12.0,0.0,0.0,1.0,0.0,11646,12883,25565
0.0,50.0,12.0,0.0,0.0,1.0,0.0,14955,13821,16453
0.0,30.0,12.0,0.0,0.0,0.0,0.0,25862,25244,25565
0.0,36.0,12.0,0.0,0.0,1.0,0.0,25739,25244,16543
0.0,50.0,11.0,0.0,0.0,1.0,1.0,25862,25244,25565
0.0,17.0,11.0,0.0,0.0,0.0,1.0,0,1993,6715
0.0,38.0,7.0,0.0,0.0,1.0,1.0,16178,16233,25565
0.0,34.0,12.0,0.0,0.0,1.0,0.0,25862,21393,25565
0.0,33.0,14.0,0.0,0.0,1.0,0.0,24871,25244,25565
0.0,43.0,14.0,1.0,0.0,1.0,0.0,25862,25244,25565
0.0,19.0,12.0,1.0,0.0,0.0,0.0,2819,2299,19132
0.0,39.0,15.0,0.0,0.0,0.0,0.0,25862,24821,0
0.0,25.0,15.0,0.0,0.0,1.0,0.0,16238,10674,20335
0.0,41.0,11.0,0.0,0.0,1.0,1.0,10041,7242,3740
0.0,19.0,12.0,0.0,0.0,0.0,0.0,2179,11587,10362
0.0,33.0,16.0,0.0,0.0,1.0,0.0,0,1031,3514
0.0,36.0,10.0,0.0,0.0,1.0,1.0,8368,12643,21015
0.0,23.0,16.0,0.0,0.0,1.0,0.0,11714,12889,14532
0.0,31.0,14.0,0.0,0.0,1.0,0.0,23112,24452,25565
0.0,33.0,12.0,0.0,0.0,1.0,0.0,17385,16525,17440
0.0,26.0,12.0,0.0,0.0,1.0,0.0,7480,8475,0
0.0,52.0,10.0,0.0,0.0,0.0,1.0,25862,25244,25565
0.0,24.0,18.0,0.0,0.0,0.0,0.0,129,90,0
0.0,41.0,12.0,0.0,0.0,0.0,0.0,3793,2736,0
0.0,50.0,9.0,0.0,0.0,1.0,1.0,4640,5851,4525
0.0,53.0,12.0,0.0,0.0,1.0,0.0,25725,25244,25565
0.0,50.0,12.0,0.0,0.0,1.0,0.0,25862,25244,25565
0.0,18.0,12.0,0.0,0.0,0.0,0.0,300,1010,3165
0.0,18.0,10.0,0.0,0.0,0.0,1.0,0,1092,1039
0.0,24.0,12.0,1.0,0.0,1.0,0.0,4232,320,1274
0.0,36.0,12.0,0.0,1.0,1.0,0.0,12772,18990,10267
0.0,21.0,12.0,0.0,0.0,0.0,0.0,7765,6252,3291
0.0,25.0,13.0,0.0,0.0,0.0,0.0,20259,19765,23171
0.0,27.0,16.0,0.0,0.0,1.0,0.0,21526,19686,25565
0.0,35.0,11.0,0.0,1.0,1.0,1.0,19528,14951,23718
0.0,44.0,12.0,0.0,0.0,1.0,0.0,25862,25244,25565
0.0,36.0,14.0,0.0,0.0,1.0,0.0,25862,22554,25565
0.0,48.0,12.0,0.0,0.0,1.0,0.0,17539,10629,0
0.0,22.0,13.0,0.0,0.0,0.0,0.0,0,5079,13811
0.0,27.0,13.0,0.0,0.0,1.0,0.0,25862,25244,19964
0.0,27.0,14.0,0.0,0.0,1.0,0.0,20229,17137,13446
0.0,36.0,12.0,0.0,0.0,1.0,0.0,0,13535,21491
0.0,41.0,14.0,1.0,0.0,1.0,0.0,25862,25244,25565
0.0,35.0,14.0,0.0,0.0,1.0,0.0,22028,15649,15894
0.0,55.0,11.0,0.0,0.0,0.0,1.0,14875,14903,14414
0.0,27.0,4.0,0.0,1.0,1.0,1.0,10768,10153,12864
0.0,47.0,6.0,0.0,1.0,1.0,1.0,10208,14018,0
0.0,21.0,15.0,0.0,0.0,0.0,0.0,5274,4675,16262
0.0,51.0,12.0,0.0,0.0,0.0,0.0,25862,23274,25565
0.0,25.0,12.0,1.0,0.0,0.0,0.0,14877,15843,18049
0.0,29.0,12.0,1.0,0.0,1.0,0.0,25696,25244,25565
0.0,33.0,12.0,1.0,0.0,1.0,0.0,11932,12640,14496
0.0,18.0,12.0,0.0,1.0,0.0,0.0,0,630,4844
0.0,27.0,9.0,0.0,1.0,1.0,1.0,12829,0,0
0.0,27.0,4.0,0.0,1.0,1.0,1.0,627,3411,3368
0.0,19.0,12.0,0.0,1.0,0.0,0.0,6806,15053,15343
0.0,49.0,10.0,0.0,0.0,1.0,1.0,21477,19255,21278
0.0,43.0,8.0,0.0,0.0,1.0,1.0,25772,25244,25565
0.0,54.0,12.0,0.0,0.0,1.0,0.0,25862,19214,16144
0.0,55.0,12.0,0.0,0.0,1.0,0.0,0,0,3371
0.0,30.0,13.0,0.0,0.0,1.0,0.0,11997,20102,23858
0.0,42.0,12.0,0.0,0.0,1.0,0.0,17816,20492,0
0.0,32.0,12.0,0.0,1.0,1.0,0.0,8664,9507,15685
0.0,52.0,12.0,0.0,0.0,0.0,0.0,0,0,0
0.0,21.0,9.0,0.0,0.0,0.0,1.0,5018,0,3201
0.0,35.0,18.0,0.0,1.0,1.0,0.0,20674,21593,21108
0.0,49.0,5.0,0.0,0.0,1.0,1.0,16428,17255,21572
0.0,19.0,13.0,0.0,0.0,0.0,0.0,0,0,5453
0.0,29.0,16.0,0.0,0.0,0.0,0.0,19595,19695,19134
0.0,32.0,12.0,0.0,0.0,1.0,0.0,11248,23817,8921
0.0,48.0,18.0,0.0,0.0,0.0,0.0,18615,17905,17904
0.0,28.0,12.0,0.0,0.0,1.0,0.0,25862,24429,7284
0.0,20.0,8.0,0.0,0.0,1.0,1.0,2361,1742,0
0.0,24.0,14.0,0.0,0.0,1.0,0.0,16242,17790,12335
0.0,21.0,12.0,0.0,0.0,0.0,0.0,9720,5593,17394
0.0,18.0,12.0,0.0,0.0,0.0,0.0,0,0,0
0.0,27.0,12.0,0.0,0.0,1.0,0.0,18672,17470,17827
0.0,29.0,12.0,0.0,0.0,1.0,0.0,19587,21196,25565
0.0,33.0,8.0,0.0,0.0,1.0,1.0,25862,25244,25565
0.0,52.0,6.0,0.0,0.0,1.0,1.0,24387,23869,22046
0.0,43.0,12.0,0.0,0.0,1.0,0.0,0,0,0
0.0,34.0,12.0,0.0,0.0,1.0,0.0,23256,22776,16853
0.0,47.0,8.0,1.0,0.0,1.0,1.0,25862,25244,25565
0.0,41.0,10.0,1.0,0.0,0.0,1.0,11140,10783,10121
0.0,29.0,16.0,1.0,0.0,1.0,0.0,2704,236,0
0.0,28.0,12.0,1.0,0.0,1.0,0.0,0,0,177
0.0,46.0,14.0,0.0,0.0,0.0,0.0,25862,25244,25565
0.0,46.0,15.0,0.0,0.0,1.0,0.0,21656,22691,23817
0.0,51.0,12.0,0.0,0.0,1.0,0.0,21997,24096,10758
0.0,23.0,15.0,0.0,0.0,0.0,0.0,8875,4426,25565
0.0,19.0,13.0,0.0,0.0,0.0,0.0,4432,7068,12703
0.0,45.0,12.0,0.0,1.0,0.0,0.0,22336,11010,18197
0.0,37.0,16.0,0.0,1.0,1.0,0.0,8621,7877,14777
0.0,39.0,12.0,0.0,0.0,1.0,0.0,2749,10839,0
0.0,29.0,12.0,0.0,0.0,0.0,0.0,0,5990,7508
0.0,18.0,11.0,0.0,0.0,0.0,1.0,541,4644,8345
0.0,35.0,9.0,0.0,0.0,0.0,1.0,23182,22802,0
0.0,34.0,12.0,0.0,0.0,1.0,0.0,25862,25244,25565
0.0,40.0,12.0,0.0,0.0,1.0,0.0,25862,25244,25565
0.0,30.0,13.0,0.0,0.0,1.0,0.0,25862,25244,25565
0.0,54.0,8.0,0.0,0.0,0.0,1.0,15502,14978,12172
0.0,52.0,15.0,0.0,0.0,1.0,0.0,0,0,0
0.0,19.0,12.0,0.0,0.0,0.0,0.0,100,3172,15436
0.0,23.0,12.0,0.0,0.0,0.0,0.0,10063,11197,16267
0.0,41.0,12.0,0.0,0.0,1.0,0.0,25862,14824,25565
0.0,19.0,13.0,0.0,0.0,0.0,0.0,3011,1826,8015
0.0,30.0,18.0,0.0,0.0,1.0,0.0,25860,25244,25565
0.0,40.0,12.0,0.0,0.0,1.0,0.0,25862,25244,25565
0.0,18.0,12.0,0.0,0.0,0.0,0.0,0,0,0
0.0,23.0,8.0,0.0,0.0,1.0,1.0,4610,0,0
0.0,33.0,11.0,0.0,0.0,1.0,1.0,23543,19072,24718
0.0,35.0,12.0,0.0,0.0,1.0,0.0,19938,19962,18008
0.0,50.0,13.0,0.0,0.0,1.0,0.0,0,4306,16651
0.0,37.0,12.0,0.0,0.0,1.0,0.0,12296,10534,10046
0.0,47.0,13.0,0.0,0.0,1.0,0.0,22251,25244,25565
0.0,55.0,12.0,0.0,0.0,1.0,0.0,21297,17300,20673
0.0,32.0,18.0,0.0,0.0,1.0,0.0,1332,1058,1280
0.0,41.0,6.0,0.0,0.0,1.0,1.0,13635,13619,14266
0.0,16.0,9.0,0.0,0.0,0.0,1.0,580,0,4483
0.0,23.0,12.0,0.0,0.0,1.0,0.0,23793,24270,25565
0.0,48.0,10.0,0.0,0.0,1.0,1.0,14220,14711,10606
0.0,19.0,12.0,0.0,0.0,0.0,0.0,2641,4449,10433
0.0,44.0,12.0,0.0,0.0,1.0,0.0,11848,14503,16188
0.0,29.0,4.0,0.0,0.0,1.0,1.0,15110,15520,23528
0.0,37.0,10.0,0.0,0.0,1.0,1.0,15721,15037,16505
0.0,37.0,12.0,0.0,0.0,1.0,0.0,17804,6166,25565
0.0,34.0,12.0,0.0,0.0,1.0,0.0,10937,2003,12008
0.0,28.0,16.0,0.0,0.0,1.0,0.0,5218,6178,6979
0.0,48.0,8.0,0.0,0.0,1.0,1.0,5470,2589,8704
0.0,20.0,12.0,0.0,0.0,0.0,0.0,1830,7142,8784
0.0,18.0,11.0,0.0,0.0,0.0,1.0,3025,2177,15648
0.0,16.0,10.0,0.0,0.0,0.0,1.0,0,770,12357
0.0,53.0,10.0,0.0,0.0,0.0,1.0,24185,19541,8327
0.0,50.0,10.0,0.0,0.0,1.0,1.0,24295,24581,25565
0.0,23.0,12.0,0.0,0.0,0.0,0.0,3893,0,16324
0.0,44.0,14.0,0.0,0.0,1.0,0.0,23241,15621,22634
0.0,38.0,12.0,0.0,0.0,1.0,0.0,25862,24504,25565
0.0,32.0,18.0,0.0,0.0,1.0,0.0,0,0,7109
0.0,46.0,13.0,0.0,0.0,1.0,0.0,24524,24339,25565
0.0,44.0,12.0,0.0,0.0,1.0,0.0,23296,23101,25565
0.0,30.0,12.0,0.0,0.0,1.0,0.0,25862,25244,25565
0.0,32.0,12.0,0.0,0.0,1.0,0.0,21691,19991,17320
0.0,30.0,12.0,0.0,0.0,0.0,0.0,1969,0,9521
0.0,47.0,5.0,0.0,0.0,1.0,1.0,20114,20030,17872
0.0,18.0,9.0,0.0,0.0,0.0,1.0,3544,7566,16293
0.0,18.0,12.0,0.0,0.0,0.0,0.0,2326,6105,2366
0.0,17.0,11.0,0.0,0.0,0.0,1.0,1409,5387,6496
0.0,52.0,11.0,0.0,0.0,1.0,1.0,0,0,0
0.0,21.0,12.0,0.0,0.0,0.0,0.0,13793,14161,18723
0.0,45.0,12.0,0.0,0.0,1.0,0.0,0,0,0
0.0,29.0,13.0,0.0,0.0,1.0,0.0,15300,7473,16243
0.0,28.0,16.0,0.0,0.0,1.0,0.0,0,0,433
0.0,36.0,14.0,0.0,0.0,1.0,0.0,12888,25244,0
0.0,31.0,12.0,0.0,0.0,0.0,0.0,21944,25244,19957
0.0,49.0,12.0,0.0,0.0,0.0,0.0,19361,0,0
0.0,53.0,9.0,0.0,0.0,1.0,1.0,20866,19454,20297
0.0,34.0,12.0,0.0,0.0,1.0,0.0,23358,20517,21220
0.0,29.0,12.0,0.0,0.0,0.0,0.0,25862,25244,25565
0.0,28.0,12.0,0.0,0.0,0.0,0.0,20155,14892,2624
0.0,39.0,11.0,0.0,0.0,0.0,1.0,0,931,0
0.0,36.0,13.0,0.0,0.0,1.0,0.0,25862,16568,25565
0.0,51.0,12.0,0.0,0.0,1.0,0.0,0,0,0
0.0,27.0,12.0,0.0,0.0,1.0,0.0,25862,25240,25565
0.0,23.0,13.0,0.0,0.0,1.0,0.0,5633,4598,8537
0.0,20.0,12.0,0.0,0.0,0.0,0.0,9283,3167,6574
0.0,25.0,16.0,0.0,0.0,0.0,0.0,14115,10950,12388
0.0,47.0,12.0,0.0,0.0,1.0,0.0,25862,25244,25565
0.0,21.0,12.0,0.0,0.0,0.0,0.0,9471,8962,14365
0.0,23.0,16.0,0.0,0.0,0.0,0.0,6648,16435,19020
0.0,34.0,12.0,0.0,0.0,1.0,0.0,24407,15742,16240
0.0,28.0,11.0,0.0,0.0,1.0,1.0,19205,19557,20090
0.0,52.0,12.0,0.0,0.0,1.0,0.0,24565,9385,11201
0.0,41.0,5.0,0.0,0.0,1.0,1.0,5807,13426,15167
0.0,21.0,9.0,0.0,0.0,0.0,1.0,5625,12641,13879
0.0,31.0,16.0,0.0,0.0,1.0,0.0,25862,25244,25565
0.0,42.0,12.0,0.0,0.0,1.0,0.0,25862,23698,25565
0.0,34.0,8.0,0.0,0.0,1.0,1.0,9391,10708,8516
0.0,27.0,10.0,0.0,0.0,1.0,1.0,12441,13977,25565
0.0,24.0,14.0,0.0,0.0,1.0,0.0,15874,20562,19004
0.0,33.0,16.0,0.0,0.0,1.0,0.0,23276,24753,23446
0.0,27.0,16.0,0.0,0.0,1.0,0.0,18819,19833,25565
0.0,38.0,12.0,0.0,0.0,1.0,0.0,23368,23140,22620
0.0,25.0,12.0,0.0,0.0,0.0,0.0,15786,18881,8608
0.0,39.0,16.0,0.0,0.0,1.0,0.0,25862,25244,25565
0.0,44.0,16.0,0.0,0.0,1.0,0.0,25862,25244,25565
0.0,16.0,9.0,0.0,0.0,0.0,1.0,0,655,2961
0.0,52.0,14.0,0.0,0.0,0.0,0.0,0,0,0
0.0,28.0,16.0,0.0,0.0,1.0,0.0,0,1312,0
0.0,34.0,13.0,0.0,0.0,1.0,0.0,25862,25244,25565
0.0,35.0,15.0,0.0,0.0,1.0,0.0,14297,12654,22028
0.0,36.0,18.0,0.0,0.0,1.0,0.0,21536,20816,21634
0.0,48.0,11.0,0.0,0.0,1.0,1.0,18930,18039,21392
0.0,53.0,12.0,0.0,0.0,1.0,0.0,19361,19224,21779
0.0,45.0,8.0,0.0,0.0,1.0,1.0,25862,8889,25565
0.0,49.0,10.0,0.0,0.0,1.0,1.0,25862,23985,5295
0.0,25.0,13.0,0.0,0.0,1.0,0.0,19260,6653,13016
0.0,51.0,16.0,0.0,0.0,1.0,0.0,3607,25244,0
0.0,36.0,12.0,0.0,0.0,1.0,0.0,3821,0,24623
0.0,50.0,9.0,0.0,0.0,1.0,1.0,17914,17318,12527
0.0,48.0,10.0,0.0,0.0,1.0,1.0,25862,19921,21250
0.0,25.0,18.0,0.0,0.0,0.0,0.0,0,0,0
0.0,29.0,12.0,0.0,0.0,1.0,0.0,15882,13510,25565
0.0,55.0,8.0,0.0,0.0,1.0,1.0,18850,19310,0
0.0,47.0,9.0,0.0,0.0,1.0,1.0,25862,0,25565
0.0,45.0,15.0,0.0,0.0,1.0,0.0,25862,25244,24456
0.0,20.0,11.0,0.0,0.0,1.0,1.0,4479,39,6280
0.0,45.0,8.0,0.0,0.0,1.0,1.0,16715,16013,15594
0.0,21.0,12.0,0.0,0.0,0.0,0.0,11989,14355,19466
0.0,18.0,9.0,0.0,0.0,0.0,1.0,0,702,11287
0.0,24.0,12.0,0.0,0.0,1.0,0.0,17304,17447,24122
0.0,49.0,9.0,0.0,0.0,1.0,1.0,0,0,0
0.0,20.0,12.0,0.0,0.0,1.0,0.0,8909,4707,12103
0.0,21.0,12.0,0.0,0.0,1.0,0.0,6033,0,0
0.0,34.0,12.0,0.0,0.0,0.0,0.0,15406,12930,15834
0.0,51.0,12.0,0.0,0.0,1.0,0.0,25862,25244,25565
0.0,16.0,9.0,0.0,0.0,0.0,1.0,0,0,5552
0.0,16.0,9.0,0.0,0.0,0.0,1.0,0,1189,2452
0.0,22.0,12.0,0.0,0.0,0.0,0.0,12238,10275,13573
0.0,21.0,7.0,0.0,0.0,0.0,1.0,21971,12824,22581
0.0,45.0,12.0,0.0,0.0,1.0,0.0,9277,0,12108
0.0,22.0,13.0,0.0,0.0,1.0,0.0,16797,5187,19818
0.0,43.0,6.0,0.0,0.0,0.0,1.0,11587,9741,10443
0.0,42.0,7.0,0.0,0.0,0.0,1.0,11115,9818,9438
0.0,38.0,7.0,0.0,0.0,0.0,1.0,11423,9696,9697
0.0,50.0,18.0,0.0,0.0,1.0,0.0,25862,25244,24648
0.0,17.0,9.0,0.0,0.0,1.0,1.0,1205,1368,2746
0.0,51.0,12.0,0.0,0.0,1.0,0.0,21811,18070,19553
0.0,38.0,17.0,0.0,0.0,0.0,0.0,14058,12085,14708
0.0,45.0,12.0,1.0,0.0,1.0,0.0,0,0,0
0.0,47.0,6.0,0.0,0.0,0.0,1.0,20823,19892,19273
0.0,16.0,9.0,0.0,0.0,0.0,1.0,411,254,1726
0.0,22.0,13.0,0.0,0.0,1.0,0.0,25862,25244,25565
0.0,44.0,10.0,0.0,0.0,1.0,1.0,18915,23034,22278
0.0,27.0,13.0,0.0,0.0,1.0,0.0,20457,25244,25565
0.0,51.0,10.0,0.0,0.0,1.0,1.0,20439,18168,17804
0.0,50.0,13.0,0.0,0.0,1.0,0.0,25373,25244,25565
0.0,22.0,12.0,0.0,0.0,1.0,0.0,16242,13726,15361
0.0,22.0,15.0,0.0,0.0,0.0,0.0,0,1251,6481
0.0,50.0,8.0,0.0,0.0,1.0,1.0,15723,16349,25565
0.0,39.0,12.0,0.0,0.0,1.0,0.0,25862,25244,25565
0.0,43.0,12.0,0.0,0.0,1.0,0.0,13960,15200,13608
0.0,47.0,8.0,0.0,0.0,1.0,1.0,25862,25244,17502
0.0,28.0,12.0,0.0,0.0,1.0,0.0,25862,25244,25565
0.0,33.0,12.0,0.0,0.0,1.0,0.0,25862,25244,25565
0.0,52.0,10.0,0.0,0.0,1.0,1.0,25862,25244,25565
0.0,42.0,18.0,0.0,0.0,1.0,0.0,25862,25244,25565
0.0,54.0,12.0,0.0,0.0,1.0,0.0,25862,24873,25565
0.0,50.0,16.0,0.0,0.0,1.0,0.0,20376,25244,25565
0.0,52.0,12.0,0.0,0.0,1.0,0.0,19675,15191,0
0.0,17.0,11.0,0.0,0.0,0.0,1.0,317,2517,145
0.0,45.0,12.0,0.0,0.0,1.0,0.0,25862,21126,15303
0.0,22.0,13.0,0.0,0.0,1.0,0.0,7863,7979,14186
0.0,45.0,12.0,0.0,0.0,1.0,0.0,25180,15971,25565
0.0,41.0,17.0,0.0,0.0,1.0,0.0,0,0,0
0.0,35.0,10.0,1.0,0.0,1.0,1.0,16042,19953,14752
0.0,39.0,13.0,0.0,0.0,1.0,0.0,25862,25244,25565
0.0,36.0,15.0,0.0,0.0,1.0,0.0,21070,0,2069
0.0,35.0,12.0,0.0,0.0,1.0,0.0,19608,18772,19658
0.0,36.0,12.0,0.0,0.0,1.0,0.0,25862,25244,25565
0.0,30.0,16.0,0.0,0.0,1.0,0.0,24677,25025,25565
0.0,38.0,14.0,0.0,0.0,0.0,0.0,25862,25244,25565
0.0,44.0,16.0,0.0,0.0,1.0,0.0,25862,13726,25565
0.0,32.0,13.0,0.0,0.0,1.0,0.0,24503,19586,25565
0.0,39.0,7.0,0.0,0.0,1.0,1.0,25862,22979,25565
0.0,51.0,10.0,0.0,0.0,1.0,1.0,25860,10105,25039
0.0,41.0,16.0,0.0,0.0,1.0,0.0,25862,25244,25565
0.0,50.0,11.0,0.0,0.0,1.0,1.0,23552,20315,25565
0.0,27.0,10.0,0.0,0.0,1.0,1.0,16944,16131,15797
0.0,27.0,10.0,1.0,0.0,0.0,1.0,0,0,7544
0.0,28.0,16.0,0.0,0.0,1.0,0.0,20114,19087,22983
0.0,35.0,17.0,0.0,0.0,1.0,0.0,6916,7152,15661
0.0,29.0,16.0,0.0,0.0,1.0,0.0,23778,25244,25565
0.0,45.0,12.0,0.0,0.0,1.0,0.0,25862,25244,25565
0.0,20.0,12.0,0.0,0.0,0.0,0.0,6822,10473,13447
0.0,18.0,11.0,0.0,0.0,0.0,1.0,0,1620,18507
0.0,44.0,12.0,0.0,0.0,1.0,0.0,0,0,0
0.0,24.0,12.0,0.0,0.0,0.0,0.0,7482,11965,25565
0.0,21.0,12.0,0.0,0.0,0.0,0.0,7835,3355,11547
0.0,29.0,12.0,0.0,0.0,1.0,0.0,18356,19525,25228
0.0,29.0,14.0,0.0,0.0,0.0,0.0,19961,9730,1157
0.0,21.0,14.0,0.0,0.0,0.0,0.0,13080,21135,24892
0.0,21.0,15.0,0.0,0.0,0.0,0.0,3942,2197,22132
0.0,16.0,10.0,0.0,0.0,0.0,1.0,0,1271,4943
0.0,55.0,14.0,0.0,0.0,1.0,0.0,0,15418,10516
0.0,31.0,14.0,0.0,0.0,1.0,0.0,25862,25244,25565
0.0,32.0,12.0,0.0,0.0,1.0,0.0,2878,115,0
0.0,25.0,16.0,0.0,0.0,0.0,0.0,9326,12697,12262
0.0,25.0,12.0,0.0,0.0,0.0,0.0,20008,20207,20761
0.0,55.0,12.0,0.0,0.0,1.0,0.0,25862,25244,25565
0.0,27.0,12.0,0.0,0.0,1.0,0.0,16544,14632,13771
0.0,36.0,8.0,0.0,0.0,0.0,1.0,5394,0,0
0.0,31.0,10.0,0.0,0.0,1.0,1.0,25862,15187,20326
0.0,32.0,11.0,0.0,0.0,1.0,1.0,25862,23133,25565
0.0,33.0,12.0,0.0,0.0,1.0,0.0,25862,25244,25565
0.0,21.0,15.0,0.0,0.0,0.0,0.0,1446,396,4822
0.0,34.0,16.0,0.0,0.0,1.0,0.0,10261,5682,5638
0.0,42.0,12.0,0.0,0.0,1.0,0.0,0,0,0
0.0,47.0,12.0,0.0,0.0,1.0,0.0,25862,25244,25565
0.0,49.0,12.0,0.0,0.0,1.0,0.0,25157,20129,25565
0.0,50.0,14.0,0.0,0.0,1.0,0.0,12727,16244,2981
0.0,53.0,16.0,0.0,0.0,1.0,0.0,25862,22309,22569
0.0,47.0,12.0,0.0,0.0,1.0,0.0,20349,19332,14798
0.0,28.0,12.0,0.0,0.0,1.0,0.0,18025,19335,21411
0.0,23.0,16.0,0.0,0.0,0.0,0.0,22,0,14485
0.0,19.0,12.0,0.0,0.0,0.0,0.0,5797,0,2160
0.0,31.0,12.0,0.0,1.0,1.0,0.0,11875,25244,25565
0.0,45.0,12.0,0.0,0.0,1.0,0.0,25862,25244,25565
0.0,20.0,12.0,0.0,0.0,0.0,0.0,4963,4606,25565
0.0,18.0,12.0,0.0,0.0,0.0,0.0,0,1663,21610
0.0,49.0,12.0,0.0,0.0,0.0,0.0,19171,15961,16441
0.0,53.0,8.0,0.0,0.0,1.0,1.0,15547,15309,14582
0.0,36.0,8.0,0.0,0.0,1.0,1.0,0,29,0
0.0,31.0,14.0,0.0,0.0,1.0,0.0,24299,25244,25565
0.0,52.0,14.0,0.0,0.0,1.0,0.0,25862,25244,25565
0.0,21.0,8.0,0.0,0.0,0.0,1.0,9348,4426,0
0.0,41.0,14.0,1.0,0.0,1.0,0.0,0,0,20242
0.0,37.0,9.0,1.0,0.0,1.0,1.0,13685,12756,17833
0.0,35.0,6.0,1.0,0.0,1.0,1.0,2300,0,4426
0.0,42.0,12.0,1.0,0.0,1.0,0.0,1546,8980,12982
0.0,45.0,12.0,0.0,0.0,1.0,0.0,25862,23548,24739
0.0,55.0,4.0,1.0,0.0,1.0,1.0,22990,23652,0
0.0,29.0,9.0,0.0,0.0,1.0,1.0,2935,4571,3901
0.0,21.0,12.0,1.0,0.0,0.0,0.0,13558,3753,0
0.0,25.0,11.0,1.0,0.0,1.0,1.0,14853,14187,16570
0.0,24.0,12.0,1.0,0.0,0.0,0.0,9432,3044,0
0.0,23.0,11.0,1.0,0.0,0.0,1.0,35,0,0
0.0,29.0,18.0,0.0,0.0,1.0,0.0,17825,18968,25565
0.0,29.0,16.0,0.0,0.0,1.0,0.0,14667,19618,11572
0.0,25.0,18.0,0.0,0.0,0.0,0.0,25862,25244,25565
0.0,55.0,14.0,0.0,0.0,1.0,0.0,24783,25244,25565
0.0,34.0,16.0,0.0,0.0,1.0,0.0,25862,25244,25565
0.0,43.0,12.0,1.0,0.0,0.0,0.0,25862,25244,25565
0.0,32.0,9.0,1.0,0.0,1.0,1.0,25862,18483,25565
0.0,48.0,18.0,1.0,0.0,1.0,0.0,0,3545,700
0.0,31.0,12.0,1.0,0.0,1.0,0.0,23652,24341,0
0.0,48.0,18.0,0.0,0.0,1.0,0.0,17052,15488,19846
0.0,26.0,12.0,0.0,0.0,0.0,0.0,6793,11068,17501
0.0,22.0,12.0,0.0,0.0,0.0,0.0,21462,24096,22382
0.0,41.0,12.0,0.0,0.0,1.0,0.0,25862,23006,11423
0.0,22.0,12.0,0.0,0.0,1.0,0.0,4871,8987,11748
0.0,50.0,12.0,0.0,0.0,1.0,0.0,21162,21486,21699
0.0,49.0,12.0,0.0,0.0,1.0,0.0,0,0,0
0.0,25.0,15.0,0.0,0.0,0.0,0.0,12957,5020,19145
0.0,29.0,12.0,0.0,0.0,1.0,0.0,17900,18369,25342
0.0,20.0,12.0,0.0,0.0,0.0,0.0,11242,13845,2209
0.0,54.0,12.0,0.0,0.0,1.0,0.0,20359,12675,25565
0.0,21.0,14.0,0.0,0.0,0.0,0.0,7116,1781,12373
0.0,17.0,11.0,0.0,0.0,0.0,1.0,0,1656,8358
0.0,47.0,12.0,0.0,0.0,1.0,0.0,25862,23294,0
0.0,39.0,9.0,0.0,0.0,1.0,1.0,25862,25065,25565
0.0,39.0,10.0,0.0,0.0,1.0,1.0,16767,12022,4433
0.0,28.0,12.0,0.0,0.0,1.0,0.0,0,2120,0
0.0,16.0,9.0,0.0,0.0,0.0,1.0,69,911,10247
0.0,30.0,12.0,0.0,0.0,1.0,0.0,17422,21733,25565
0.0,33.0,17.0,0.0,0.0,0.0,0.0,25862,25244,25565
0.0,52.0,15.0,0.0,0.0,1.0,0.0,25862,25244,25565
0.0,18.0,12.0,0.0,0.0,0.0,0.0,0,0,3418
0.0,38.0,12.0,0.0,0.0,0.0,0.0,20376,20231,25565
0.0,37.0,17.0,0.0,0.0,0.0,0.0,0,0,8011
0.0,54.0,15.0,0.0,0.0,1.0,0.0,4406,6413,68
0.0,48.0,12.0,0.0,0.0,0.0,0.0,249,299,0
0.0,25.0,12.0,0.0,0.0,1.0,0.0,16987,8970,17239
0.0,33.0,12.0,0.0,0.0,1.0,0.0,25862,24878,25565
0.0,28.0,12.0,0.0,0.0,1.0,0.0,1487,8930,17483
0.0,38.0,12.0,1.0,0.0,1.0,0.0,24603,25244,25565
0.0,39.0,12.0,0.0,0.0,1.0,0.0,0,0,0
0.0,35.0,12.0,0.0,0.0,1.0,0.0,1129,0,0
0.0,46.0,12.0,0.0,0.0,1.0,0.0,25862,24706,25565
0.0,34.0,12.0,0.0,0.0,0.0,0.0,19675,8565,18330
0.0,48.0,8.0,0.0,0.0,0.0,1.0,15760,13784,15556
0.0,19.0,12.0,0.0,0.0,1.0,0.0,11542,9827,19185
0.0,27.0,18.0,0.0,0.0,1.0,0.0,0,0,16768
0.0,51.0,16.0,0.0,0.0,1.0,0.0,10410,233,16137
0.0,46.0,13.0,0.0,0.0,1.0,0.0,25862,25244,25565
0.0,23.0,12.0,0.0,0.0,1.0,0.0,19352,8280,14579
0.0,34.0,12.0,0.0,0.0,1.0,0.0,25862,25244,25565
0.0,42.0,12.0,0.0,0.0,1.0,0.0,24891,18648,18819
0.0,52.0,16.0,0.0,0.0,1.0,0.0,5478,22508,23877
0.0,25.0,12.0,0.0,0.0,1.0,0.0,9220,11062,7115
0.0,20.0,12.0,1.0,0.0,1.0,0.0,9555,7056,0
0.0,33.0,11.0,1.0,0.0,0.0,1.0,13488,10096,11568
0.0,19.0,10.0,0.0,0.0,1.0,1.0,1015,1076,468
0.0,18.0,12.0,0.0,0.0,0.0,0.0,819,1076,3207
0.0,31.0,18.0,0.0,0.0,0.0,0.0,0,0,0
0.0,48.0,11.0,0.0,0.0,1.0,1.0,25862,25244,25565
0.0,20.0,13.0,0.0,0.0,0.0,0.0,11783,2281,6269
0.0,40.0,7.0,0.0,0.0,1.0,1.0,14512,7398,21489
0.0,53.0,12.0,0.0,0.0,1.0,0.0,19928,18324,13944
0.0,19.0,12.0,0.0,0.0,0.0,0.0,7124,9809,16565
0.0,34.0,9.0,0.0,0.0,1.0,1.0,25862,25244,25565
0.0,19.0,12.0,0.0,0.0,1.0,0.0,14510,16868,18723
0.0,21.0,16.0,1.0,0.0,1.0,0.0,118,4445,13334
0.0,30.0,11.0,0.0,0.0,1.0,1.0,88,4322,0
0.0,24.0,12.0,0.0,0.0,1.0,0.0,21048,17389,6767
0.0,29.0,12.0,0.0,0.0,0.0,0.0,25502,17778,24458
0.0,41.0,8.0,0.0,0.0,1.0,1.0,16327,10180,9752
0.0,22.0,12.0,0.0,0.0,1.0,0.0,17322,21564,25565
0.0,20.0,11.0,0.0,0.0,1.0,1.0,5167,129,4058
0.0,39.0,8.0,0.0,0.0,1.0,1.0,25243,25244,25565
0.0,16.0,9.0,0.0,0.0,0.0,1.0,0,0,9681
0.0,27.0,12.0,0.0,0.0,0.0,0.0,20617,22542,22667
0.0,19.0,13.0,0.0,0.0,0.0,0.0,1162,5416,8055
0.0,49.0,12.0,0.0,1.0,1.0,0.0,11671,12273,316
0.0,49.0,12.0,0.0,0.0,1.0,0.0,3650,1579,0
0.0,18.0,12.0,0.0,0.0,0.0,0.0,3250,1162,6283
0.0,16.0,10.0,0.0,0.0,0.0,1.0,762,904,11005
0.0,49.0,13.0,0.0,0.0,0.0,0.0,20772,22640,21470
0.0,29.0,12.0,0.0,0.0,1.0,0.0,25043,25244,25565
0.0,26.0,12.0,0.0,0.0,1.0,0.0,11615,419,2441
0.0,28.0,14.0,0.0,0.0,1.0,0.0,25862,25244,25565
0.0,46.0,17.0,0.0,0.0,1.0,0.0,25862,25244,25565
0.0,31.0,14.0,0.0,0.0,0.0,0.0,8027,13429,0
0.0,48.0,12.0,0.0,0.0,1.0,0.0,25862,25244,24273
0.0,27.0,15.0,0.0,1.0,0.0,0.0,13537,13689,15912
0.0,42.0,11.0,0.0,0.0,1.0,1.0,0,5509,10677
0.0,31.0,12.0,0.0,0.0,0.0,0.0,21225,23212,24159
0.0,52.0,12.0,1.0,0.0,1.0,0.0,25862,20660,13125
0.0,36.0,12.0,0.0,0.0,1.0,0.0,25862,25244,22506
0.0,38.0,9.0,0.0,0.0,1.0,1.0,10649,17633,24665
0.0,16.0,9.0,0.0,0.0,0.0,1.0,0,2764,9157
0.0,28.0,12.0,0.0,0.0,0.0,0.0,13515,12890,13675
0.0,54.0,7.0,0.0,0.0,1.0,1.0,25862,21899,25565
0.0,52.0,14.0,0.0,0.0,1.0,0.0,25862,25244,25565
0.0,22.0,12.0,0.0,0.0,0.0,0.0,11889,12085,13730
0.0,19.0,12.0,0.0,0.0,0.0,0.0,6797,8787,12989
0.0,50.0,10.0,0.0,0.0,1.0,1.0,16201,13195,1006
0.0,50.0,10.0,0.0,0.0,1.0,1.0,25862,25244,25565
0.0,27.0,12.0,0.0,0.0,1.0,0.0,7357,19806,16505
0.0,22.0,13.0,0.0,0.0,1.0,0.0,21691,4927,6484
0.0,29.0,12.0,0.0,0.0,1.0,0.0,14122,14869,4040
0.0,24.0,12.0,0.0,0.0,1.0,0.0,24215,22623,25418
0.0,19.0,12.0,0.0,0.0,0.0,0.0,7328,2139,14687
0.0,26.0,12.0,0.0,0.0,1.0,0.0,25561,25244,25565
0.0,31.0,14.0,0.0,0.0,1.0,0.0,17437,2021,0
0.0,33.0,12.0,0.0,0.0,1.0,0.0,25862,25244,25565
0.0,31.0,12.0,0.0,0.0,1.0,0.0,14845,15091,12797
0.0,21.0,12.0,0.0,0.0,0.0,0.0,13819,12683,7126
0.0,53.0,13.0,0.0,0.0,0.0,0.0,21961,19395,24965
0.0,34.0,12.0,0.0,0.0,0.0,0.0,25862,25244,25565
0.0,50.0,10.0,0.0,0.0,1.0,1.0,25862,25244,25565
0.0,17.0,10.0,0.0,0.0,0.0,1.0,76,0,377
0.0,35.0,16.0,0.0,0.0,1.0,0.0,25862,25244,25565
0.0,33.0,12.0,0.0,0.0,1.0,0.0,4549,15683,25565
0.0,38.0,12.0,0.0,0.0,1.0,0.0,25862,25244,25565
0.0,24.0,12.0,0.0,0.0,0.0,0.0,2661,0,906
0.0,19.0,11.0,0.0,0.0,0.0,1.0,0,0,486
0.0,40.0,12.0,0.0,0.0,1.0,0.0,25862,25244,25565
0.0,18.0,11.0,0.0,0.0,0.0,1.0,1324,2213,4689
0.0,52.0,18.0,0.0,0.0,1.0,0.0,25862,24325,14344
0.0,21.0,15.0,0.0,0.0,0.0,0.0,3764,5085,3440
0.0,16.0,10.0,0.0,0.0,0.0,1.0,978,1935,3759
0.0,24.0,12.0,0.0,0.0,1.0,0.0,23084,16466,10049
0.0,25.0,14.0,0.0,0.0,1.0,0.0,8570,995,18429
0.0,26.0,12.0,0.0,0.0,1.0,0.0,25862,25244,25565
0.0,26.0,15.0,0.0,0.0,1.0,0.0,3668,8039,0
0.0,51.0,11.0,0.0,0.0,1.0,1.0,0,0,0
0.0,24.0,13.0,0.0,0.0,1.0,0.0,18705,23016,18910
0.0,23.0,12.0,0.0,0.0,1.0,0.0,14085,15785,23296
0.0,21.0,12.0,0.0,0.0,1.0,0.0,12892,15560,12862
0.0,23.0,12.0,0.0,0.0,0.0,0.0,6070,6327,4964
0.0,55.0,16.0,0.0,0.0,0.0,0.0,0,0,0
0.0,52.0,18.0,0.0,0.0,1.0,0.0,25862,25244,25565
0.0,41.0,18.0,0.0,0.0,1.0,0.0,25862,25244,25565
0.0,26.0,13.0,0.0,0.0,1.0,0.0,18198,18084,16975
0.0,32.0,16.0,0.0,0.0,1.0,0.0,21003,23158,25565
0.0,31.0,16.0,0.0,0.0,1.0,0.0,10831,16143,16002
0.0,34.0,12.0,0.0,0.0,1.0,0.0,6495,7102,0
0.0,29.0,17.0,0.0,0.0,0.0,0.0,25862,25244,18151
0.0,28.0,17.0,0.0,0.0,1.0,0.0,19540,19101,18272
0.0,49.0,8.0,0.0,0.0,1.0,1.0,20935,2866,25565
0.0,20.0,14.0,0.0,0.0,1.0,0.0,2198,3976,15990
0.0,34.0,13.0,0.0,0.0,1.0,0.0,13311,14289,14028
0.0,32.0,12.0,0.0,0.0,1.0,0.0,16536,6417,14972
0.0,42.0,8.0,0.0,0.0,1.0,1.0,8415,510,0
0.0,27.0,16.0,0.0,0.0,1.0,0.0,16732,24962,15544
0.0,27.0,16.0,0.0,0.0,1.0,0.0,10678,19133,17703
0.0,50.0,10.0,0.0,0.0,1.0,1.0,18372,17253,19082
0.0,25.0,11.0,0.0,0.0,1.0,1.0,9440,11281,9166
0.0,48.0,6.0,0.0,0.0,1.0,1.0,22980,22542,21712
0.0,18.0,11.0,0.0,0.0,0.0,1.0,0,909,13814
0.0,37.0,12.0,0.0,0.0,1.0,0.0,24555,23290,0
0.0,19.0,12.0,0.0,0.0,0.0,0.0,0,500,17288
0.0,36.0,12.0,0.0,0.0,1.0,0.0,6961,25244,6093
0.0,50.0,11.0,0.0,0.0,1.0,1.0,25862,25244,25565
0.0,47.0,8.0,0.0,0.0,1.0,1.0,3102,0,12476
0.0,55.0,10.0,0.0,0.0,1.0,1.0,21828,23127,16780
0.0,50.0,11.0,0.0,0.0,1.0,1.0,0,0,0
0.0,28.0,8.0,0.0,1.0,1.0,1.0,15339,10762,14581
0.0,49.0,12.0,1.0,0.0,1.0,0.0,25862,25244,25565
0.0,39.0,12.0,0.0,0.0,1.0,0.0,18325,15952,25565
0.0,32.0,12.0,0.0,0.0,1.0,0.0,0,0,0
0.0,27.0,12.0,0.0,0.0,1.0,0.0,10729,17719,9378
0.0,48.0,8.0,0.0,0.0,1.0,1.0,18895,14801,20823
0.0,32.0,12.0,0.0,0.0,1.0,0.0,13926,17837,19782
0.0,37.0,12.0,0.0,0.0,1.0,0.0,20611,18184,18291
0.0,24.0,15.0,0.0,0.0,1.0,0.0,0,0,25565
0.0,36.0,12.0,0.0,0.0,1.0,0.0,19095,23786,25565
0.0,29.0,16.0,0.0,0.0,1.0,0.0,0,0,0
0.0,44.0,12.0,0.0,0.0,0.0,0.0,19260,4155,13252
0.0,21.0,10.0,0.0,0.0,1.0,1.0,4457,4771,13925
0.0,42.0,5.0,1.0,0.0,1.0,1.0,21791,18947,0
0.0,43.0,12.0,1.0,0.0,1.0,0.0,22796,1919,25565
0.0,25.0,18.0,0.0,0.0,0.0,0.0,24787,25032,25565
0.0,47.0,12.0,0.0,0.0,1.0,0.0,24555,22900,25565
0.0,45.0,12.0,0.0,0.0,1.0,0.0,15637,7100,25565
0.0,48.0,16.0,0.0,0.0,1.0,0.0,25862,25244,25565
0.0,20.0,9.0,0.0,0.0,0.0,1.0,4191,0,5875
0.0,30.0,13.0,0.0,0.0,1.0,0.0,0,0,0
0.0,52.0,8.0,0.0,0.0,1.0,1.0,15075,11898,21927
0.0,29.0,12.0,0.0,0.0,1.0,0.0,25862,25244,25565
0.0,39.0,9.0,0.0,0.0,1.0,1.0,19326,20030,13826
0.0,42.0,12.0,0.0,0.0,1.0,0.0,25860,25244,23661
0.0,38.0,12.0,0.0,0.0,0.0,0.0,25862,22771,0
0.0,43.0,8.0,0.0,0.0,1.0,1.0,23693,22429,25565
0.0,22.0,18.0,0.0,0.0,1.0,0.0,0,1722,6540
0.0,45.0,18.0,0.0,0.0,1.0,0.0,25862,25244,25565
0.0,38.0,18.0,0.0,0.0,1.0,0.0,25862,25244,25565
0.0,22.0,12.0,0.0,0.0,1.0,0.0,14487,9677,22179
0.0,25.0,16.0,0.0,0.0,0.0,0.0,22267,1917,5397
0.0,35.0,7.0,0.0,0.0,1.0,1.0,9600,16670,0
0.0,24.0,12.0,0.0,0.0,1.0,0.0,16348,16974,3792
0.0,37.0,16.0,0.0,0.0,1.0,0.0,25862,25244,25565
0.0,28.0,16.0,0.0,0.0,1.0,0.0,19375,21572,25565
0.0,29.0,16.0,0.0,0.0,1.0,0.0,22140,22155,25565
0.0,48.0,8.0,0.0,0.0,1.0,1.0,25862,25244,25565
0.0,21.0,12.0,0.0,0.0,1.0,0.0,13341,19182,12821
0.0,27.0,16.0,0.0,0.0,1.0,0.0,11283,24073,783
0.0,55.0,7.0,0.0,0.0,1.0,1.0,21626,20852,17730
0.0,44.0,12.0,0.0,0.0,1.0,0.0,5999,6146,3878
0.0,42.0,13.0,0.0,0.0,1.0,0.0,0,0,0
0.0,43.0,9.0,0.0,0.0,1.0,1.0,23092,21364,25509
0.0,18.0,12.0,0.0,0.0,0.0,0.0,1285,4762,6220
0.0,37.0,12.0,0.0,0.0,1.0,0.0,88,0,0
0.0,23.0,12.0,0.0,0.0,1.0,0.0,16162,17413,14859
0.0,53.0,12.0,0.0,0.0,1.0,0.0,25862,24902,23463
0.0,28.0,12.0,0.0,0.0,1.0,0.0,25862,25244,25565
0.0,50.0,12.0,0.0,0.0,1.0,0.0,22677,23251,22800
0.0,55.0,9.0,0.0,0.0,1.0,1.0,15253,25244,25565
0.0,53.0,12.0,0.0,0.0,1.0,0.0,15300,25244,25565
0.0,23.0,12.0,0.0,0.0,1.0,0.0,8060,6982,21566
0.0,26.0,13.0,0.0,0.0,0.0,0.0,3877,5335,331
0.0,29.0,16.0,0.0,0.0,1.0,0.0,19142,19036,22886
0.0,28.0,12.0,0.0,0.0,1.0,0.0,16172,14665,9341
0.0,39.0,12.0,0.0,0.0,1.0,0.0,23112,23011,23395
0.0,48.0,10.0,0.0,0.0,1.0,1.0,11281,12484,6741
0.0,18.0,11.0,0.0,0.0,0.0,1.0,0,0,17168
0.0,40.0,13.0,0.0,0.0,1.0,0.0,20376,21171,0
0.0,35.0,15.0,0.0,0.0,1.0,0.0,7961,10654,25565
0.0,51.0,12.0,0.0,0.0,1.0,0.0,15723,20016,0
0.0,27.0,17.0,0.0,0.0,1.0,0.0,858,886,502
0.0,17.0,11.0,0.0,0.0,0.0,1.0,0,1078,21293
0.0,39.0,14.0,0.0,0.0,1.0,0.0,25862,16616,24483
0.0,44.0,17.0,0.0,0.0,1.0,0.0,15907,0,0
0.0,44.0,16.0,0.0,0.0,1.0,0.0,25862,25244,25565
0.0,41.0,12.0,0.0,0.0,1.0,0.0,25862,25244,25565
0.0,28.0,16.0,0.0,0.0,1.0,0.0,23280,22529,25565
0.0,49.0,15.0,0.0,0.0,1.0,0.0,25862,5371,0
0.0,49.0,17.0,0.0,0.0,1.0,0.0,25862,25244,25565
0.0,19.0,13.0,0.0,0.0,0.0,0.0,4728,2852,5939
0.0,18.0,11.0,0.0,0.0,0.0,1.0,4818,3158,8974
0.0,19.0,12.0,0.0,0.0,0.0,0.0,1993,2093,6721
0.0,33.0,13.0,0.0,0.0,1.0,0.0,25862,25244,0
0.0,41.0,12.0,0.0,0.0,1.0,0.0,24734,21597,23808
0.0,49.0,8.0,0.0,0.0,1.0,1.0,23870,23310,25565
0.0,32.0,18.0,0.0,0.0,1.0,0.0,25862,25244,25565
0.0,45.0,12.0,0.0,0.0,1.0,0.0,17387,15755,7932
0.0,20.0,12.0,0.0,0.0,1.0,0.0,12024,17380,25182
0.0,26.0,12.0,0.0,0.0,1.0,0.0,7326,23392,13657
0.0,27.0,18.0,0.0,0.0,1.0,0.0,0,0,0
0.0,28.0,15.0,0.0,0.0,0.0,0.0,16677,11872,15160
0.0,36.0,18.0,0.0,0.0,1.0,0.0,0,0,0
0.0,27.0,13.0,0.0,0.0,1.0,0.0,25862,25244,25565
0.0,27.0,17.0,0.0,0.0,1.0,0.0,25862,25244,25565
0.0,33.0,12.0,0.0,0.0,1.0,0.0,25862,25244,25565
0.0,26.0,14.0,1.0,0.0,1.0,0.0,9687,14989,1210
0.0,28.0,12.0,1.0,0.0,1.0,0.0,25862,24629,25565
0.0,24.0,12.0,1.0,0.0,1.0,0.0,23535,25244,25565
0.0,25.0,15.0,0.0,0.0,0.0,0.0,18793,19502,5380
0.0,39.0,10.0,0.0,0.0,1.0,1.0,25862,25244,25565
0.0,47.0,12.0,0.0,0.0,1.0,0.0,21305,25244,25565
0.0,47.0,8.0,0.0,1.0,1.0,1.0,24463,23045,25565
0.0,25.0,18.0,0.0,0.0,0.0,0.0,25862,25244,25146
0.0,32.0,18.0,0.0,0.0,1.0,0.0,21503,21158,22779
0.0,34.0,12.0,0.0,0.0,1.0,0.0,25862,20191,25565
0.0,48.0,12.0,0.0,0.0,1.0,0.0,25862,12085,25565
0.0,18.0,12.0,0.0,0.0,0.0,0.0,0,0,7389
0.0,37.0,9.0,0.0,0.0,1.0,1.0,17596,15030,10628
0.0,27.0,16.0,0.0,0.0,1.0,0.0,18782,21786,5395
0.0,25.0,16.0,0.0,0.0,0.0,0.0,25862,25244,25565
0.0,27.0,12.0,0.0,0.0,1.0,0.0,18562,18439,25565
0.0,20.0,11.0,0.0,0.0,0.0,1.0,3644,3817,5720
0.0,20.0,12.0,0.0,0.0,0.0,0.0,6883,4483,7709
0.0,26.0,7.0,0.0,0.0,1.0,1.0,1538,190,650
0.0,32.0,12.0,0.0,0.0,1.0,0.0,22381,18483,25565
0.0,24.0,12.0,0.0,0.0,1.0,0.0,2792,0,0
0.0,36.0,17.0,0.0,0.0,1.0,0.0,23742,23358,23738
0.0,48.0,18.0,0.0,0.0,1.0,0.0,25862,25242,25565
0.0,44.0,12.0,0.0,0.0,1.0,0.0,21225,20240,21898
0.0,29.0,12.0,0.0,0.0,1.0,0.0,11144,21375,22742
0.0,27.0,18.0,0.0,0.0,1.0,0.0,14708,25244,25565
0.0,40.0,12.0,0.0,0.0,1.0,0.0,24481,23652,0
0.0,41.0,12.0,0.0,0.0,1.0,0.0,25862,25244,25565
0.0,18.0,12.0,0.0,0.0,0.0,0.0,5931,7032,18250
0.0,33.0,12.0,0.0,0.0,1.0,0.0,25862,25244,0
0.0,53.0,14.0,0.0,0.0,1.0,0.0,20986,20290,20693
0.0,26.0,16.0,0.0,0.0,0.0,0.0,21609,19980,21994
0.0,46.0,14.0,0.0,0.0,1.0,0.0,16497,14267,20897
0.0,40.0,12.0,0.0,0.0,1.0,0.0,25862,25244,25565
0.0,29.0,12.0,0.0,0.0,1.0,0.0,0,0,0
0.0,35.0,10.0,0.0,0.0,1.0,1.0,14279,22515,6676
0.0,28.0,16.0,0.0,0.0,1.0,0.0,20365,25215,25565
0.0,30.0,12.0,0.0,1.0,1.0,0.0,22396,23779,25565
0.0,37.0,11.0,0.0,0.0,1.0,1.0,25063,22116,25565
0.0,45.0,12.0,0.0,0.0,1.0,0.0,25862,25244,25565
0.0,53.0,8.0,0.0,0.0,1.0,1.0,16287,18183,18893
0.0,45.0,12.0,0.0,0.0,1.0,0.0,25862,24800,22281
0.0,40.0,12.0,0.0,0.0,1.0,0.0,0,0,0
0.0,31.0,15.0,0.0,0.0,1.0,0.0,22551,23929,25565
0.0,38.0,15.0,0.0,0.0,1.0,0.0,21354,20873,22225
0.0,27.0,12.0,0.0,0.0,1.0,0.0,25862,25244,25565
0.0,43.0,12.0,0.0,0.0,1.0,0.0,25862,25244,25565
0.0,47.0,16.0,0.0,0.0,1.0,0.0,25862,24581,6087
0.0,52.0,16.0,0.0,0.0,0.0,0.0,25862,25244,25565
0.0,50.0,11.0,0.0,0.0,1.0,1.0,20768,18847,18622
0.0,34.0,18.0,0.0,0.0,1.0,0.0,25862,25244,25565
0.0,35.0,12.0,0.0,0.0,1.0,0.0,24273,23462,22170
0.0,35.0,17.0,0.0,0.0,1.0,0.0,25584,25244,25565
0.0,41.0,8.0,0.0,0.0,1.0,1.0,19528,19380,21489
0.0,41.0,18.0,0.0,0.0,0.0,0.0,0,0,0
0.0,43.0,12.0,0.0,0.0,1.0,0.0,0,0,0
0.0,29.0,12.0,0.0,0.0,1.0,0.0,24597,22232,25565
0.0,26.0,18.0,0.0,0.0,1.0,0.0,337,0,0
0.0,32.0,13.0,0.0,0.0,1.0,0.0,19800,19681,25565
0.0,19.0,12.0,0.0,0.0,1.0,0.0,6044,7258,17972
0.0,33.0,13.0,0.0,0.0,1.0,0.0,18958,17765,25565
0.0,22.0,16.0,0.0,0.0,0.0,0.0,4036,1090,16824
0.0,41.0,12.0,0.0,0.0,1.0,0.0,11554,17907,22662
0.0,23.0,12.0,0.0,0.0,1.0,0.0,13576,12371,21024
0.0,28.0,12.0,0.0,0.0,1.0,0.0,17508,18059,20696
0.0,40.0,17.0,0.0,0.0,1.0,0.0,3145,2440,1884
0.0,53.0,8.0,0.0,0.0,1.0,1.0,0,0,0
0.0,17.0,11.0,0.0,0.0,0.0,1.0,22187,23897,19247
0.0,45.0,12.0,0.0,0.0,1.0,0.0,15892,12858,17077
0.0,19.0,12.0,0.0,0.0,0.0,0.0,6154,0,14966
0.0,42.0,12.0,0.0,0.0,0.0,0.0,6291,4606,0
0.0,51.0,10.0,0.0,0.0,1.0,1.0,15809,14412,16175
0.0,35.0,12.0,0.0,0.0,1.0,0.0,14698,20958,22971
0.0,40.0,12.0,0.0,0.0,1.0,0.0,24338,18938,16821
0.0,31.0,14.0,0.0,0.0,1.0,0.0,18006,23117,23188
0.0,28.0,16.0,0.0,0.0,1.0,0.0,25862,24565,25480
0.0,43.0,16.0,0.0,0.0,1.0,0.0,25862,25244,25565
0.0,18.0,11.0,0.0,0.0,0.0,1.0,0,2390,0
0.0,47.0,15.0,0.0,0.0,1.0,0.0,25862,25244,25565
0.0,17.0,10.0,0.0,0.0,0.0,1.0,457,603,0
0.0,49.0,13.0,0.0,0.0,1.0,0.0,25862,25244,24804
0.0,28.0,12.0,0.0,0.0,0.0,0.0,20584,18369,19002
0.0,24.0,12.0,0.0,0.0,0.0,0.0,11117,7321,11374
0.0,21.0,12.0,0.0,0.0,0.0,0.0,9591,17198,16672
0.0,40.0,12.0,0.0,0.0,1.0,0.0,25862,25244,25565
0.0,55.0,9.0,0.0,0.0,1.0,1.0,25862,25244,25565
0.0,34.0,17.0,0.0,0.0,1.0,0.0,22347,14009,8393
0.0,40.0,10.0,0.0,0.0,1.0,1.0,1176,7774,13978
0.0,35.0,10.0,0.0,0.0,1.0,1.0,7774,11959,20387
0.0,26.0,13.0,0.0,0.0,0.0,0.0,23043,22021,0
0.0,53.0,12.0,0.0,0.0,1.0,0.0,22884,24563,24081
0.0,21.0,12.0,0.0,0.0,1.0,0.0,18586,19106,25565
0.0,39.0,12.0,0.0,0.0,1.0,0.0,25862,25244,22470
0.0,48.0,10.0,0.0,0.0,1.0,1.0,25862,25244,25565
0.0,27.0,14.0,0.0,0.0,1.0,0.0,14998,19901,24431
0.0,49.0,11.0,0.0,0.0,1.0,1.0,25327,25244,24938
0.0,53.0,10.0,0.0,0.0,1.0,1.0,19089,16895,23190
0.0,51.0,8.0,0.0,0.0,0.0,1.0,2288,4300,5815
0.0,21.0,12.0,0.0,0.0,0.0,0.0,12365,17038,23302
0.0,46.0,12.0,0.0,0.0,1.0,0.0,25862,25244,25565
0.0,19.0,12.0,0.0,0.0,0.0,0.0,1297,4490,10988
0.0,30.0,12.0,0.0,0.0,1.0,0.0,24205,25244,25565
0.0,36.0,12.0,0.0,0.0,1.0,0.0,25862,23156,25565
0.0,28.0,9.0,0.0,0.0,1.0,1.0,7337,9089,12210
0.0,17.0,9.0,0.0,0.0,0.0,1.0,0,0,5484
0.0,29.0,10.0,0.0,0.0,1.0,1.0,713,4542,7782
0.0,52.0,12.0,0.0,0.0,0.0,0.0,22537,22816,23601
0.0,38.0,16.0,0.0,0.0,1.0,0.0,21284,20698,20704
0.0,46.0,12.0,0.0,0.0,1.0,0.0,23300,17178,25565
0.0,55.0,8.0,0.0,0.0,1.0,1.0,25862,25244,24396
0.0,35.0,12.0,0.0,0.0,1.0,0.0,23852,21955,21137
0.0,51.0,12.0,0.0,0.0,1.0,0.0,19354,19620,19821
0.0,19.0,12.0,0.0,0.0,0.0,0.0,3568,3989,5485
0.0,20.0,12.0,0.0,0.0,0.0,0.0,13813,16650,24474
0.0,24.0,12.0,0.0,0.0,1.0,0.0,16656,17744,20005
0.0,38.0,10.0,0.0,0.0,1.0,1.0,24207,25244,18795
0.0,42.0,8.0,0.0,0.0,1.0,1.0,18768,19162,21143
0.0,34.0,9.0,0.0,0.0,1.0,1.0,17704,22846,25565
0.0,42.0,12.0,0.0,0.0,1.0,0.0,12992,14240,14952
0.0,39.0,12.0,0.0,0.0,1.0,0.0,29,197,6855
0.0,22.0,16.0,0.0,0.0,0.0,0.0,366,6794,17378
0.0,48.0,12.0,0.0,0.0,1.0,0.0,10055,9627,9644
0.0,41.0,8.0,0.0,0.0,1.0,1.0,17179,11231,14547
0.0,16.0,9.0,0.0,0.0,0.0,1.0,0,1352,11080
0.0,23.0,14.0,0.0,0.0,0.0,0.0,2645,4001,13558
0.0,32.0,16.0,0.0,0.0,1.0,0.0,12769,15914,9106
0.0,18.0,12.0,0.0,0.0,0.0,0.0,6417,9927,10573
0.0,34.0,16.0,0.0,1.0,1.0,0.0,25862,25244,25565
0.0,32.0,15.0,0.0,0.0,0.0,0.0,21668,17624,22943
0.0,53.0,8.0,0.0,0.0,1.0,1.0,25862,25244,11135
0.0,26.0,12.0,0.0,0.0,1.0,0.0,22765,11249,0
0.0,26.0,14.0,0.0,0.0,0.0,0.0,16558,14133,864
0.0,21.0,12.0,0.0,0.0,1.0,0.0,899,2111,0
0.0,34.0,8.0,0.0,0.0,1.0,1.0,11973,12479,0
0.0,49.0,12.0,0.0,0.0,1.0,0.0,4990,0,2366
0.0,47.0,16.0,0.0,0.0,1.0,0.0,20300,15293,14969
0.0,17.0,11.0,0.0,0.0,0.0,1.0,0,226,7631
0.0,18.0,9.0,0.0,0.0,0.0,1.0,468,605,1631
0.0,17.0,8.0,0.0,0.0,0.0,1.0,355,879,3252
0.0,44.0,12.0,0.0,0.0,1.0,0.0,19250,20231,21436
0.0,26.0,16.0,0.0,0.0,1.0,0.0,11393,19400,22964
0.0,49.0,12.0,0.0,0.0,1.0,0.0,25862,25244,25565
0.0,25.0,12.0,0.0,0.0,1.0,0.0,20292,21298,23895
0.0,25.0,12.0,0.0,0.0,1.0,0.0,19028,19815,0
0.0,25.0,12.0,0.0,0.0,1.0,0.0,15999,13152,20812
0.0,46.0,12.0,0.0,0.0,1.0,0.0,1091,1937,1065
0.0,50.0,0.0,0.0,0.0,1.0,1.0,10163,4218,220
0.0,53.0,3.0,0.0,1.0,1.0,1.0,25862,24655,25565
0.0,22.0,12.0,0.0,1.0,0.0,0.0,25725,8936,25565
0.0,33.0,10.0,0.0,0.0,1.0,1.0,12528,11732,11560
0.0,29.0,14.0,0.0,0.0,1.0,0.0,14187,598,0
0.0,37.0,10.0,0.0,0.0,1.0,1.0,25862,14004,25565
0.0,19.0,12.0,0.0,0.0,0.0,0.0,1908,3949,628
0.0,18.0,12.0,0.0,0.0,0.0,0.0,1865,0,7134
0.0,40.0,12.0,0.0,0.0,1.0,0.0,22396,13512,15159
0.0,39.0,12.0,0.0,0.0,1.0,0.0,5218,6873,4819
0.0,41.0,11.0,0.0,0.0,1.0,1.0,25862,25244,25565
0.0,48.0,9.0,0.0,0.0,1.0,1.0,13221,11795,10734
0.0,36.0,12.0,0.0,0.0,1.0,0.0,12183,13673,14971
0.0,44.0,12.0,0.0,0.0,1.0,0.0,19622,6907,11415
0.0,42.0,13.0,0.0,0.0,1.0,0.0,25862,25244,25565
0.0,25.0,16.0,0.0,0.0,1.0,0.0,0,0,0
0.0,55.0,10.0,0.0,0.0,1.0,1.0,25862,25244,25565
0.0,49.0,8.0,0.0,0.0,1.0,1.0,25539,25244,23927
0.0,18.0,11.0,0.0,0.0,0.0,1.0,4089,3002,13375
0.0,34.0,12.0,0.0,0.0,1.0,0.0,25290,25244,25565
0.0,47.0,12.0,1.0,0.0,1.0,0.0,987,0,0
0.0,36.0,16.0,0.0,1.0,0.0,0.0,2623,9014,0
0.0,22.0,13.0,0.0,1.0,0.0,0.0,6405,7883,9453
0.0,39.0,14.0,0.0,1.0,1.0,0.0,18450,14552,4472
0.0,55.0,12.0,0.0,1.0,1.0,0.0,11201,8141,7420
0.0,46.0,3.0,0.0,1.0,1.0,1.0,20030,15730,19737
0.0,19.0,9.0,0.0,1.0,1.0,1.0,14608,12305,10165
0.0,38.0,12.0,0.0,0.0,1.0,0.0,0,9931,22682
0.0,53.0,4.0,0.0,1.0,1.0,1.0,7606,0,3563
0.0,17.0,10.0,0.0,1.0,0.0,1.0,0,0,11714
0.0,49.0,6.0,0.0,1.0,1.0,1.0,5408,16204,14099
0.0,17.0,9.0,0.0,0.0,0.0,1.0,1534,904,0
0.0,44.0,12.0,0.0,1.0,0.0,0.0,21389,21156,25565
0.0,28.0,18.0,0.0,0.0,1.0,0.0,8153,8785,5901
0.0,44.0,12.0,0.0,0.0,1.0,0.0,22602,20206,25565
0.0,16.0,10.0,0.0,0.0,0.0,1.0,0,1516,5085
0.0,50.0,18.0,0.0,0.0,1.0,0.0,9642,10638,11279
0.0,35.0,9.0,0.0,1.0,1.0,1.0,266,3192,16305
0.0,34.0,17.0,0.0,1.0,1.0,0.0,25862,25244,25565
0.0,46.0,14.0,1.0,0.0,1.0,0.0,10915,11397,13093
0.0,19.0,12.0,0.0,0.0,0.0,0.0,0,12797,21205
0.0,16.0,10.0,0.0,0.0,0.0,1.0,641,947,9486
0.0,31.0,18.0,0.0,0.0,1.0,0.0,0,0,0
0.0,26.0,14.0,1.0,0.0,0.0,0.0,18104,16009,19150
0.0,44.0,17.0,0.0,0.0,1.0,0.0,0,0,0
0.0,30.0,18.0,0.0,0.0,1.0,0.0,0,0,0
0.0,42.0,16.0,0.0,0.0,1.0,0.0,25196,25244,25565
0.0,43.0,15.0,0.0,0.0,1.0,0.0,25641,24486,25565
0.0,47.0,9.0,0.0,0.0,1.0,1.0,18938,21231,25404
0.0,45.0,11.0,0.0,0.0,1.0,1.0,21323,25244,0
0.0,25.0,12.0,0.0,0.0,1.0,0.0,23141,22674,25565
0.0,30.0,18.0,0.0,0.0,0.0,0.0,25862,25244,25565
0.0,30.0,12.0,0.0,0.0,1.0,0.0,17108,21838,0
0.0,35.0,16.0,0.0,0.0,1.0,0.0,23511,25244,25565
0.0,32.0,12.0,0.0,0.0,1.0,0.0,21809,21976,25565
0.0,30.0,12.0,0.0,0.0,1.0,0.0,21321,22768,7572
0.0,35.0,17.0,0.0,0.0,1.0,0.0,25862,25244,25565
0.0,37.0,9.0,1.0,0.0,1.0,1.0,18709,18661,20597
0.0,36.0,9.0,1.0,0.0,1.0,1.0,24479,20225,20938
0.0,41.0,14.0,0.0,0.0,1.0,0.0,25862,25244,25565
0.0,18.0,11.0,0.0,0.0,0.0,1.0,76,500,0
0.0,16.0,10.0,0.0,0.0,0.0,1.0,0,985,0
0.0,22.0,12.0,1.0,0.0,1.0,0.0,9602,10479,21782
0.0,22.0,12.0,1.0,0.0,1.0,0.0,5758,8959,20863
0.0,50.0,12.0,1.0,0.0,1.0,0.0,15876,13218,14816
0.0,40.0,12.0,0.0,0.0,1.0,0.0,21748,20567,25565
0.0,39.0,12.0,0.0,0.0,1.0,0.0,25862,25244,25565
0.0,27.0,18.0,0.0,0.0,0.0,0.0,0,4587,15247
0.0,54.0,12.0,0.0,0.0,1.0,0.0,22684,22621,12141
0.0,40.0,6.0,1.0,0.0,1.0,1.0,15896,8724,16995
0.0,25.0,14.0,0.0,0.0,1.0,0.0,10253,7587,18936
0.0,55.0,16.0,0.0,0.0,1.0,0.0,0,501,21279
0.0,45.0,8.0,0.0,0.0,1.0,1.0,23715,19427,22258
0.0,21.0,8.0,0.0,0.0,1.0,1.0,6481,7095,13195
0.0,41.0,12.0,0.0,0.0,1.0,0.0,25022,24352,25565
0.0,34.0,12.0,0.0,0.0,1.0,0.0,25862,25244,25565
0.0,16.0,9.0,0.0,0.0,1.0,1.0,0,0,0
0.0,52.0,12.0,0.0,0.0,1.0,0.0,23104,21457,25565
0.0,19.0,12.0,0.0,0.0,0.0,0.0,3799,5165,10340
0.0,46.0,12.0,0.0,0.0,1.0,0.0,13008,7467,0
0.0,23.0,16.0,0.0,0.0,0.0,0.0,13748,22408,24745
0.0,30.0,18.0,0.0,0.0,1.0,0.0,7729,23820,24202
0.0,31.0,16.0,0.0,0.0,0.0,0.0,25862,25244,25565
0.0,26.0,13.0,0.0,0.0,0.0,0.0,14763,19570,23840
0.0,33.0,12.0,0.0,0.0,0.0,0.0,11117,17509,25565
0.0,32.0,16.0,0.0,0.0,1.0,0.0,25862,25244,25565
0.0,22.0,12.0,0.0,1.0,0.0,0.0,13166,13463,15597
0.0,28.0,15.0,0.0,0.0,1.0,0.0,8309,14360,10286
0.0,36.0,14.0,1.0,0.0,1.0,0.0,18974,19842,22521
0.0,49.0,12.0,1.0,0.0,1.0,0.0,25862,22703,25565
0.0,30.0,13.0,0.0,0.0,0.0,0.0,25719,25244,25565
0.0,19.0,12.0,0.0,0.0,0.0,0.0,6891,9367,13195
0.0,51.0,11.0,0.0,0.0,1.0,1.0,25862,21450,25565
0.0,28.0,14.0,0.0,0.0,1.0,0.0,25862,25244,25565
0.0,25.0,11.0,1.0,0.0,1.0,1.0,11897,10638,16556
0.0,30.0,12.0,1.0,0.0,1.0,0.0,20725,19735,21519
0.0,25.0,14.0,0.0,0.0,0.0,0.0,0,0,0
0.0,27.0,12.0,0.0,0.0,1.0,0.0,16609,24988,25565
0.0,27.0,13.0,0.0,0.0,0.0,0.0,23131,25244,25565
0.0,33.0,14.0,0.0,0.0,1.0,0.0,25862,22639,25565
0.0,36.0,8.0,0.0,0.0,1.0,1.0,14865,14838,17573
0.0,52.0,12.0,0.0,1.0,0.0,0.0,17669,18426,25565
0.0,27.0,12.0,0.0,1.0,1.0,0.0,14924,15499,19973
0.0,42.0,16.0,0.0,0.0,1.0,0.0,22776,22798,25257
0.0,52.0,16.0,0.0,1.0,1.0,0.0,25862,25244,25565
0.0,21.0,15.0,0.0,0.0,0.0,0.0,3940,8434,25565
0.0,17.0,11.0,0.0,0.0,0.0,1.0,2414,578,13016
0.0,53.0,12.0,0.0,0.0,1.0,0.0,21219,25244,25565
0.0,50.0,10.0,0.0,0.0,1.0,1.0,8104,24372,25565
0.0,25.0,16.0,0.0,0.0,0.0,0.0,8548,7013,24294
0.0,30.0,17.0,1.0,0.0,0.0,0.0,17827,5546,14421
0.0,39.0,12.0,0.0,1.0,1.0,0.0,22982,17438,25226
0.0,47.0,12.0,0.0,1.0,1.0,0.0,25862,25244,25565
0.0,33.0,12.0,1.0,0.0,1.0,0.0,23000,14527,7638
0.0,23.0,14.0,0.0,0.0,1.0,0.0,25862,25244,25565
0.0,54.0,12.0,0.0,0.0,1.0,0.0,25862,25244,23245
0.0,27.0,14.0,0.0,0.0,1.0,0.0,12189,17303,23982
0.0,48.0,7.0,0.0,1.0,1.0,1.0,14099,19307,25565
0.0,17.0,7.0,0.0,1.0,0.0,1.0,0,0,0
0.0,22.0,4.0,0.0,1.0,1.0,1.0,3182,8076,13066
0.0,22.0,6.0,0.0,1.0,1.0,1.0,25739,25244,25565
0.0,29.0,13.0,0.0,1.0,1.0,0.0,25862,24680,25565
0.0,21.0,10.0,1.0,0.0,0.0,1.0,5388,2265,690
0.0,36.0,12.0,0.0,0.0,1.0,0.0,17298,9211,0
0.0,24.0,12.0,0.0,0.0,1.0,0.0,24038,25244,25565
0.0,33.0,12.0,0.0,0.0,1.0,0.0,25862,25244,25565
0.0,39.0,14.0,0.0,0.0,1.0,0.0,25862,25242,25565
0.0,29.0,12.0,0.0,0.0,1.0,0.0,2390,11616,25565
0.0,35.0,12.0,0.0,0.0,1.0,0.0,25862,25244,25565
0.0,34.0,8.0,0.0,1.0,1.0,1.0,25862,25244,25565
0.0,54.0,15.0,0.0,0.0,1.0,0.0,0,0,0
0.0,23.0,13.0,0.0,0.0,1.0,0.0,13278,17323,23642
0.0,51.0,15.0,0.0,0.0,1.0,0.0,247,0,2899
0.0,39.0,15.0,0.0,0.0,1.0,0.0,10788,0,0
0.0,26.0,13.0,0.0,0.0,1.0,0.0,22251,22547,25565
0.0,28.0,12.0,0.0,0.0,0.0,0.0,25862,23738,15105
0.0,23.0,12.0,0.0,0.0,1.0,0.0,21777,24354,22150
0.0,29.0,16.0,0.0,0.0,1.0,0.0,25414,25244,25565
0.0,20.0,13.0,0.0,0.0,0.0,0.0,3691,2238,189
0.0,53.0,6.0,1.0,0.0,1.0,1.0,17490,20786,22123
0.0,19.0,13.0,0.0,0.0,0.0,0.0,1971,3713,11404
0.0,17.0,10.0,0.0,0.0,0.0,1.0,2130,2141,9202
0.0,20.0,11.0,0.0,0.0,1.0,1.0,17739,7437,16794
0.0,25.0,12.0,0.0,0.0,0.0,0.0,12006,14475,20146
0.0,26.0,10.0,0.0,0.0,1.0,1.0,8556,11872,11845
0.0,55.0,9.0,0.0,0.0,1.0,1.0,16901,17196,14095
0.0,46.0,7.0,0.0,0.0,1.0,1.0,25862,21711,4857
0.0,21.0,11.0,0.0,0.0,0.0,1.0,2379,0,12309
0.0,46.0,12.0,0.0,0.0,1.0,0.0,4483,1581,2997
0.0,49.0,12.0,0.0,0.0,1.0,0.0,25862,25244,25565
0.0,42.0,16.0,0.0,0.0,1.0,0.0,25862,25244,25565
0.0,30.0,15.0,0.0,0.0,1.0,0.0,24601,25244,25565
0.0,20.0,14.0,0.0,0.0,0.0,0.0,6180,10575,15008
0.0,32.0,12.0,0.0,0.0,1.0,0.0,25862,25244,25565
0.0,41.0,11.0,0.0,0.0,1.0,1.0,15300,15676,25565
0.0,16.0,10.0,0.0,0.0,0.0,1.0,0,143,1714
0.0,36.0,16.0,0.0,1.0,1.0,0.0,25862,16113,0
0.0,27.0,13.0,0.0,0.0,0.0,0.0,18639,21140,23639
0.0,29.0,12.0,1.0,0.0,0.0,0.0,22835,23140,24560
0.0,41.0,12.0,0.0,0.0,1.0,0.0,25862,25244,25565
0.0,20.0,12.0,0.0,0.0,0.0,0.0,2974,10461,13214
0.0,54.0,6.0,0.0,0.0,1.0,1.0,21603,21163,0
0.0,50.0,12.0,0.0,0.0,0.0,0.0,0,0,0
0.0,28.0,12.0,0.0,0.0,1.0,0.0,4638,831,0
0.0,41.0,10.0,0.0,0.0,1.0,1.0,19175,20515,25364
0.0,19.0,12.0,0.0,0.0,0.0,0.0,504,1731,1259
0.0,52.0,12.0,0.0,0.0,1.0,0.0,25862,25244,25565
0.0,27.0,16.0,0.0,0.0,0.0,0.0,1285,458,3682
0.0,21.0,12.0,0.0,0.0,0.0,0.0,0,0,18594
0.0,38.0,12.0,0.0,0.0,1.0,0.0,20286,22857,20789
0.0,29.0,12.0,0.0,0.0,1.0,0.0,21123,21135,25565
0.0,35.0,12.0,0.0,0.0,1.0,0.0,25862,24483,25565
0.0,40.0,10.0,0.0,0.0,1.0,1.0,0,0,0
0.0,21.0,12.0,0.0,0.0,0.0,0.0,0,7245,25565
0.0,48.0,10.0,0.0,0.0,1.0,1.0,13840,10796,0
0.0,42.0,14.0,0.0,0.0,1.0,0.0,1162,766,0
0.0,23.0,16.0,0.0,0.0,0.0,0.0,1824,1198,6585
0.0,34.0,9.0,0.0,0.0,1.0,1.0,24416,24062,25565
0.0,32.0,14.0,0.0,0.0,1.0,0.0,25862,25244,25565
0.0,27.0,15.0,0.0,0.0,1.0,0.0,24134,25244,25565
0.0,28.0,9.0,0.0,1.0,1.0,1.0,13129,12937,18285
0.0,17.0,9.0,0.0,0.0,0.0,1.0,701,1128,4701
0.0,28.0,14.0,0.0,1.0,1.0,0.0,19651,18983,25565
0.0,33.0,10.0,0.0,1.0,1.0,1.0,22418,20258,10730
0.0,33.0,12.0,0.0,0.0,1.0,0.0,25862,25244,25565
0.0,27.0,16.0,0.0,0.0,1.0,0.0,22520,25244,25565
0.0,33.0,12.0,0.0,0.0,1.0,0.0,25037,22469,25565
0.0,25.0,15.0,0.0,0.0,1.0,0.0,13627,0,3183
0.0,24.0,16.0,0.0,0.0,1.0,0.0,0,4546,13363
0.0,52.0,12.0,0.0,0.0,1.0,0.0,0,0,0
0.0,23.0,9.0,0.0,0.0,1.0,1.0,5261,7811,14966
0.0,24.0,12.0,0.0,0.0,0.0,0.0,10261,5496,14160
0.0,27.0,16.0,0.0,0.0,0.0,0.0,21064,22166,24604
0.0,49.0,8.0,0.0,0.0,1.0,1.0,25862,25244,25565
0.0,18.0,9.0,0.0,0.0,0.0,1.0,2919,3235,7773
0.0,20.0,13.0,0.0,0.0,0.0,0.0,4040,3097,109
0.0,21.0,15.0,0.0,0.0,0.0,0.0,2614,727,25565
0.0,47.0,12.0,0.0,0.0,0.0,0.0,21530,19250,15606
0.0,28.0,12.0,1.0,0.0,1.0,0.0,16005,19343,21842
0.0,33.0,12.0,1.0,0.0,1.0,0.0,18343,24817,25565
0.0,20.0,12.0,0.0,0.0,0.0,0.0,6554,4116,2490
0.0,32.0,11.0,1.0,0.0,1.0,1.0,15680,17746,13397
0.0,33.0,15.0,0.0,0.0,1.0,0.0,19258,20000,24719
0.0,27.0,12.0,0.0,0.0,1.0,0.0,21352,15128,25565
0.0,52.0,3.0,0.0,0.0,1.0,1.0,3166,4154,11313
0.0,49.0,11.0,0.0,0.0,1.0,1.0,23780,24425,5821
0.0,48.0,11.0,0.0,0.0,0.0,1.0,19171,19192,17582
0.0,47.0,16.0,0.0,0.0,1.0,0.0,21301,20497,0
0.0,42.0,16.0,0.0,0.0,1.0,0.0,0,0,100
0.0,16.0,10.0,0.0,0.0,0.0,1.0,882,2392,10748
0.0,31.0,18.0,0.0,0.0,1.0,0.0,25862,25244,25565
0.0,17.0,12.0,1.0,0.0,0.0,0.0,0,449,10784
0.0,35.0,12.0,1.0,0.0,1.0,0.0,8770,10550,11829
0.0,37.0,7.0,1.0,0.0,0.0,1.0,13656,13870,15130
0.0,20.0,12.0,0.0,0.0,0.0,0.0,0,0,8358
0.0,50.0,14.0,0.0,0.0,1.0,0.0,22526,14405,23188
0.0,31.0,13.0,0.0,0.0,0.0,0.0,23586,23840,25565
0.0,23.0,13.0,1.0,0.0,1.0,0.0,3180,292,15167
0.0,32.0,12.0,0.0,0.0,1.0,0.0,25862,25244,25565
0.0,19.0,12.0,0.0,0.0,0.0,0.0,2451,7695,8153
0.0,31.0,10.0,0.0,0.0,1.0,1.0,11977,14231,20351
0.0,27.0,12.0,0.0,0.0,0.0,0.0,9434,10860,6487
0.0,53.0,10.0,0.0,0.0,1.0,1.0,0,286,0
0.0,24.0,12.0,0.0,0.0,1.0,0.0,20519,24352,14165
0.0,28.0,12.0,0.0,0.0,1.0,0.0,10127,10549,6888
0.0,40.0,12.0,0.0,0.0,1.0,0.0,12169,4805,23320
0.0,40.0,12.0,0.0,0.0,1.0,0.0,21487,22114,22454
0.0,18.0,12.0,0.0,0.0,0.0,0.0,3176,3026,4062
0.0,42.0,12.0,1.0,0.0,1.0,0.0,2992,0,0
0.0,23.0,14.0,0.0,0.0,1.0,0.0,11914,8320,10610
0.0,25.0,17.0,0.0,0.0,1.0,0.0,7038,12890,9746
0.0,35.0,17.0,0.0,0.0,1.0,0.0,12841,15354,22185
0.0,33.0,16.0,0.0,0.0,1.0,0.0,22377,23271,25565
0.0,43.0,12.0,0.0,0.0,1.0,0.0,25862,25244,25565
0.0,38.0,12.0,0.0,0.0,1.0,0.0,12367,10527,0
0.0,53.0,16.0,0.0,0.0,1.0,0.0,0,0,0
0.0,44.0,12.0,0.0,0.0,1.0,0.0,16685,17608,25565
0.0,32.0,12.0,1.0,0.0,1.0,0.0,22091,20963,25565
0.0,28.0,11.0,0.0,0.0,1.0,1.0,21027,25244,25565
0.0,25.0,12.0,0.0,0.0,1.0,0.0,12059,12944,17549
0.0,24.0,8.0,0.0,0.0,1.0,1.0,18497,13424,14408
0.0,26.0,9.0,0.0,0.0,0.0,1.0,11562,15560,16177
0.0,37.0,12.0,0.0,0.0,1.0,0.0,14405,16109,16660
0.0,25.0,18.0,0.0,1.0,1.0,0.0,9128,5711,0
0.0,30.0,16.0,0.0,0.0,0.0,0.0,25862,25244,0
0.0,29.0,16.0,0.0,0.0,0.0,0.0,25862,25244,25565
0.0,34.0,11.0,0.0,0.0,1.0,1.0,25235,20968,22510
0.0,48.0,12.0,0.0,0.0,1.0,0.0,7189,0,6573
0.0,35.0,18.0,0.0,0.0,1.0,0.0,25862,25244,25565
0.0,25.0,8.0,0.0,0.0,1.0,1.0,15249,21944,24235
0.0,33.0,15.0,0.0,1.0,1.0,0.0,20133,20007,10164
0.0,36.0,11.0,1.0,0.0,1.0,1.0,21148,25244,25565
0.0,31.0,12.0,0.0,0.0,1.0,0.0,21309,25244,25565
0.0,46.0,10.0,0.0,0.0,0.0,1.0,20145,16962,4285
0.0,19.0,10.0,0.0,0.0,0.0,1.0,3170,9498,11758
0.0,53.0,15.0,0.0,0.0,1.0,0.0,25862,2478,0
0.0,50.0,12.0,0.0,0.0,1.0,0.0,25862,25244,25565
0.0,33.0,12.0,0.0,0.0,1.0,0.0,23893,22569,25565
0.0,39.0,12.0,0.0,0.0,1.0,0.0,25719,25244,25327
0.0,51.0,16.0,0.0,0.0,0.0,0.0,25862,25244,25565
0.0,16.0,9.0,0.0,0.0,0.0,1.0,0,0,1971
0.0,29.0,13.0,0.0,0.0,1.0,0.0,14205,12219,10148
0.0,28.0,6.0,0.0,0.0,1.0,1.0,12345,8022,13759
0.0,20.0,14.0,0.0,0.0,1.0,0.0,5249,6445,11811
0.0,29.0,7.0,0.0,0.0,1.0,1.0,3115,8492,5719
0.0,29.0,6.0,0.0,0.0,1.0,1.0,25862,21069,20096
0.0,25.0,10.0,0.0,0.0,1.0,1.0,10625,11499,12649
0.0,45.0,16.0,0.0,0.0,1.0,0.0,25862,25244,24332
0.0,20.0,12.0,0.0,0.0,1.0,0.0,8051,16544,17748
0.0,44.0,8.0,0.0,0.0,1.0,1.0,12002,8769,2366
0.0,18.0,11.0,0.0,0.0,0.0,1.0,0,0,10150
0.0,25.0,13.0,0.0,0.0,1.0,0.0,12980,716,0
0.0,34.0,12.0,0.0,0.0,1.0,0.0,13488,13340,4701
0.0,49.0,12.0,0.0,0.0,1.0,0.0,23115,25244,25565
0.0,52.0,16.0,0.0,0.0,1.0,0.0,8962,22427,24310
0.0,31.0,12.0,0.0,0.0,1.0,0.0,14271,13612,12945
0.0,35.0,12.0,0.0,0.0,1.0,0.0,19949,25244,21632
0.0,32.0,12.0,0.0,0.0,1.0,0.0,0,0,0
0.0,47.0,12.0,0.0,0.0,1.0,0.0,8301,9582,10858
0.0,23.0,2.0,0.0,0.0,0.0,1.0,5649,5027,3521
0.0,44.0,8.0,0.0,0.0,1.0,1.0,15304,21052,2366
0.0,16.0,10.0,0.0,0.0,0.0,1.0,0,0,3691
0.0,31.0,12.0,0.0,0.0,1.0,0.0,8954,10858,15578
0.0,30.0,12.0,1.0,0.0,0.0,0.0,2731,0,1161
0.0,17.0,7.0,0.0,0.0,0.0,1.0,1379,4197,5174
0.0,43.0,12.0,0.0,0.0,1.0,0.0,19438,16722,21656
0.0,20.0,12.0,0.0,0.0,0.0,0.0,5643,5498,14912
0.0,16.0,9.0,0.0,0.0,0.0,1.0,0,0,6928
0.0,31.0,11.0,0.0,0.0,1.0,1.0,16372,17878,14853
0.0,54.0,12.0,0.0,0.0,1.0,0.0,25862,25244,25565
0.0,17.0,10.0,0.0,0.0,0.0,1.0,0,118,368
0.0,42.0,6.0,0.0,0.0,1.0,1.0,2794,4642,6905
0.0,19.0,12.0,0.0,0.0,1.0,0.0,6211,14410,15237
0.0,49.0,12.0,0.0,0.0,1.0,0.0,0,0,0
0.0,16.0,9.0,0.0,0.0,0.0,1.0,0,917,730
0.0,29.0,8.0,1.0,0.0,0.0,1.0,3199,1452,13317
0.0,48.0,9.0,0.0,0.0,1.0,1.0,9685,6861,2670
0.0,45.0,10.0,1.0,0.0,0.0,1.0,4201,4444,8872
0.0,24.0,12.0,0.0,0.0,1.0,0.0,10750,1316,257
0.0,42.0,15.0,0.0,0.0,1.0,0.0,11009,0,0
0.0,41.0,9.0,0.0,0.0,1.0,1.0,18742,18988,17817
0.0,34.0,8.0,0.0,0.0,1.0,1.0,8039,11404,5487
0.0,21.0,12.0,0.0,0.0,0.0,0.0,641,0,0
0.0,55.0,8.0,0.0,0.0,1.0,1.0,25862,25244,25565
0.0,51.0,11.0,0.0,0.0,1.0,1.0,20878,24048,25565
0.0,49.0,11.0,0.0,0.0,1.0,1.0,1996,21736,3171
0.0,18.0,10.0,0.0,0.0,0.0,1.0,2494,1923,14844
0.0,39.0,6.0,0.0,0.0,1.0,1.0,13057,14127,13902
0.0,46.0,6.0,0.0,0.0,1.0,1.0,20517,25244,24796
0.0,24.0,14.0,0.0,0.0,0.0,0.0,8074,15780,18093
0.0,28.0,12.0,1.0,0.0,1.0,0.0,12441,5951,14078
0.0,16.0,9.0,0.0,0.0,0.0,1.0,1029,1105,3233
0.0,36.0,6.0,0.0,1.0,1.0,1.0,16164,17678,25565
0.0,37.0,16.0,0.0,0.0,1.0,0.0,0,2685,1810
0.0,46.0,12.0,0.0,1.0,1.0,0.0,13625,12606,0
0.0,42.0,18.0,0.0,0.0,1.0,0.0,25439,23276,25565
0.0,45.0,11.0,0.0,0.0,1.0,1.0,18972,21747,0
0.0,47.0,8.0,0.0,0.0,1.0,1.0,5827,2480,801
0.0,19.0,12.0,0.0,0.0,0.0,0.0,5404,2723,16642
0.0,47.0,12.0,0.0,0.0,0.0,0.0,25047,15467,0
0.0,39.0,18.0,0.0,0.0,1.0,0.0,1863,0,523
0.0,45.0,11.0,0.0,0.0,1.0,1.0,25862,21890,25565
0.0,33.0,12.0,0.0,0.0,1.0,0.0,25862,25244,20536
0.0,36.0,12.0,0.0,0.0,1.0,0.0,0,0,0
0.0,49.0,8.0,0.0,0.0,1.0,1.0,12400,11682,12295
0.0,35.0,12.0,0.0,0.0,1.0,0.0,21276,22859,0
0.0,20.0,14.0,0.0,0.0,0.0,0.0,3391,5795,11936
0.0,29.0,12.0,0.0,0.0,0.0,0.0,2324,3735,3338
0.0,30.0,9.0,0.0,0.0,1.0,1.0,4007,2347,197
0.0,52.0,14.0,0.0,0.0,1.0,0.0,12923,19674,25565
0.0,44.0,16.0,0.0,0.0,0.0,0.0,25490,23645,25565
0.0,33.0,12.0,0.0,0.0,1.0,0.0,24303,17733,23490
0.0,37.0,12.0,0.0,0.0,1.0,0.0,25862,25244,25565
0.0,47.0,12.0,0.0,0.0,1.0,0.0,25862,15519,25565
0.0,34.0,12.0,0.0,0.0,1.0,0.0,19279,17402,10814
0.0,28.0,16.0,0.0,0.0,0.0,0.0,17020,18763,15847
0.0,50.0,14.0,0.0,0.0,1.0,0.0,25862,25244,25565
0.0,17.0,11.0,0.0,0.0,1.0,1.0,1644,695,2344
0.0,26.0,9.0,0.0,0.0,1.0,1.0,8548,8898,13764
0.0,29.0,13.0,0.0,0.0,1.0,0.0,3327,8880,7545
0.0,42.0,14.0,0.0,0.0,1.0,0.0,0,0,0
0.0,25.0,16.0,0.0,0.0,1.0,0.0,25862,25244,25547
0.0,40.0,8.0,0.0,0.0,1.0,1.0,6201,6934,5082
0.0,20.0,11.0,0.0,0.0,0.0,1.0,5602,6372,269
0.0,19.0,11.0,0.0,0.0,0.0,1.0,9071,13596,0
0.0,17.0,9.0,0.0,0.0,0.0,1.0,0,0,0
0.0,31.0,12.0,0.0,0.0,1.0,0.0,25519,24053,23706
0.0,36.0,12.0,0.0,0.0,1.0,0.0,0,0,0
0.0,54.0,9.0,0.0,0.0,1.0,1.0,25862,25244,25565
0.0,20.0,12.0,0.0,0.0,1.0,0.0,9393,5494,21133
0.0,30.0,12.0,0.0,0.0,1.0,0.0,25862,25244,25565
0.0,18.0,11.0,0.0,0.0,0.0,1.0,1274,1533,12490
0.0,22.0,12.0,0.0,0.0,1.0,0.0,1524,10753,16434
0.0,17.0,10.0,0.0,0.0,0.0,1.0,200,483,4634
0.0,49.0,14.0,0.0,0.0,1.0,0.0,24222,14099,2639
0.0,46.0,10.0,0.0,0.0,1.0,1.0,24438,24894,22290
0.0,27.0,7.0,0.0,1.0,1.0,1.0,11622,7783,14634
0.0,27.0,10.0,0.0,1.0,1.0,1.0,15711,9098,17023
0.0,37.0,8.0,0.0,1.0,1.0,1.0,12089,14183,19239
0.0,23.0,12.0,0.0,1.0,1.0,0.0,13697,15390,13260
0.0,37.0,0.0,0.0,1.0,1.0,1.0,16969,18564,12481
0.0,25.0,12.0,0.0,0.0,1.0,0.0,17359,16716,18890
0.0,27.0,16.0,0.0,0.0,1.0,0.0,12649,8950,0
0.0,28.0,9.0,0.0,0.0,1.0,1.0,9410,7756,11869
0.0,22.0,12.0,0.0,0.0,0.0,0.0,11052,7849,11155
0.0,24.0,12.0,0.0,0.0,0.0,0.0,4598,584,231
0.0,50.0,11.0,0.0,0.0,1.0,1.0,25862,15603,19168
0.0,19.0,12.0,0.0,0.0,0.0,0.0,347,0,369
0.0,48.0,11.0,0.0,0.0,1.0,1.0,10721,7820,7832
0.0,25.0,9.0,0.0,0.0,1.0,1.0,9297,13089,11547
0.0,32.0,11.0,0.0,0.0,1.0,1.0,18613,7484,14796
0.0,18.0,7.0,0.0,0.0,0.0,1.0,0,1144,0
0.0,16.0,8.0,0.0,0.0,0.0,1.0,0,961,6301
0.0,29.0,12.0,0.0,0.0,1.0,0.0,0,0,0
0.0,35.0,12.0,0.0,0.0,1.0,0.0,19843,10824,25565
0.0,24.0,16.0,0.0,0.0,1.0,0.0,2057,2148,17184
0.0,32.0,14.0,0.0,0.0,1.0,0.0,13539,13703,16970
0.0,17.0,9.0,1.0,0.0,0.0,1.0,0,2600,6171
0.0,18.0,11.0,1.0,0.0,0.0,1.0,3632,4671,8367
0.0,45.0,12.0,1.0,0.0,0.0,0.0,11709,12699,14393
0.0,52.0,12.0,0.0,0.0,1.0,0.0,17682,17488,18924
0.0,39.0,16.0,0.0,0.0,1.0,0.0,25862,8169,20984
0.0,19.0,12.0,0.0,0.0,0.0,0.0,3364,7401,0
0.0,43.0,14.0,0.0,0.0,1.0,0.0,517,0,0
0.0,32.0,13.0,0.0,0.0,1.0,0.0,22751,24624,25565
0.0,51.0,12.0,0.0,0.0,1.0,0.0,22849,22431,17266
0.0,54.0,13.0,0.0,0.0,1.0,0.0,25862,22803,25565
0.0,52.0,8.0,0.0,0.0,1.0,1.0,11552,11986,9765
0.0,49.0,8.0,0.0,0.0,1.0,1.0,19646,18077,21228
0.0,18.0,11.0,0.0,0.0,0.0,1.0,578,503,9624
0.0,16.0,9.0,0.0,0.0,0.0,1.0,0,0,1837
0.0,29.0,12.0,0.0,0.0,1.0,0.0,8278,17352,23880
0.0,18.0,8.0,0.0,0.0,1.0,1.0,6808,9781,6517
0.0,45.0,12.0,0.0,0.0,0.0,0.0,0,82,0
0.0,34.0,11.0,0.0,0.0,1.0,1.0,25862,25244,25565
0.0,50.0,14.0,0.0,0.0,1.0,0.0,25862,25158,25565
0.0,42.0,13.0,0.0,0.0,1.0,0.0,17347,20449,17263
0.0,16.0,9.0,0.0,0.0,0.0,1.0,0,0,7638
0.0,38.0,12.0,0.0,0.0,1.0,0.0,19698,18820,20901
0.0,43.0,12.0,0.0,0.0,1.0,0.0,19636,19704,19918
0.0,38.0,15.0,0.0,0.0,1.0,0.0,0,0,0
0.0,25.0,12.0,0.0,0.0,1.0,0.0,17189,18225,20939
0.0,49.0,18.0,0.0,0.0,0.0,0.0,13723,13719,16985
0.0,32.0,18.0,0.0,0.0,1.0,0.0,23738,22764,20345
0.0,31.0,10.0,0.0,0.0,1.0,1.0,25862,25244,25565
0.0,43.0,14.0,0.0,0.0,1.0,0.0,10016,20469,21788
0.0,19.0,12.0,0.0,0.0,0.0,0.0,0,5743,7764
0.0,39.0,10.0,0.0,0.0,1.0,1.0,10427,2780,1810
0.0,34.0,10.0,0.0,0.0,1.0,1.0,14471,14262,1501
0.0,32.0,13.0,0.0,0.0,1.0,0.0,2847,10935,25565
0.0,40.0,12.0,0.0,0.0,1.0,0.0,25862,25244,24988
0.0,44.0,12.0,0.0,0.0,1.0,0.0,25862,25244,25565
0.0,38.0,12.0,0.0,0.0,1.0,0.0,23202,23140,24889
0.0,27.0,16.0,0.0,0.0,1.0,0.0,19808,20628,25565
0.0,37.0,12.0,0.0,0.0,1.0,0.0,21936,21860,25565
0.0,53.0,12.0,0.0,0.0,1.0,0.0,14932,13483,16450
0.0,55.0,7.0,0.0,0.0,1.0,1.0,1191,0,2243
0.0,40.0,12.0,0.0,0.0,1.0,0.0,24209,23138,25176
0.0,26.0,13.0,0.0,0.0,1.0,0.0,16464,14722,13209
0.0,30.0,16.0,0.0,0.0,1.0,0.0,11685,2148,21640
0.0,38.0,12.0,0.0,0.0,1.0,0.0,20870,20515,3792
0.0,28.0,9.0,0.0,0.0,1.0,1.0,11091,10357,15407
0.0,32.0,12.0,0.0,0.0,1.0,0.0,10088,639,0
0.0,20.0,9.0,0.0,0.0,1.0,1.0,4538,8191,10343
0.0,46.0,17.0,0.0,0.0,1.0,0.0,0,0,0
0.0,42.0,7.0,0.0,0.0,1.0,1.0,16550,16091,14065
0.0,21.0,11.0,0.0,0.0,1.0,1.0,10680,6277,10923
0.0,22.0,13.0,0.0,0.0,1.0,0.0,16871,17348,14983
0.0,53.0,16.0,0.0,0.0,1.0,0.0,25862,9283,14888
0.0,25.0,12.0,1.0,0.0,1.0,0.0,12332,12486,12400
0.0,24.0,9.0,1.0,0.0,1.0,1.0,7770,9195,1553
0.0,36.0,1.0,1.0,0.0,0.0,1.0,349,0,0
0.0,25.0,9.0,0.0,0.0,1.0,1.0,7553,6116,10405
0.0,40.0,12.0,0.0,0.0,1.0,0.0,23390,17235,25565
0.0,17.0,10.0,0.0,0.0,0.0,1.0,357,260,5150
0.0,24.0,13.0,0.0,0.0,0.0,0.0,2471,4599,13993
0.0,23.0,14.0,0.0,0.0,0.0,0.0,235,11000,13078
0.0,27.0,12.0,0.0,0.0,1.0,0.0,16903,18836,22268
0.0,24.0,11.0,1.0,0.0,1.0,1.0,7451,7888,7924
0.0,25.0,16.0,0.0,0.0,1.0,0.0,5421,1242,0
0.0,23.0,12.0,0.0,0.0,1.0,0.0,18733,18499,21087
0.0,42.0,12.0,0.0,0.0,1.0,0.0,25862,25244,20710
0.0,21.0,15.0,0.0,0.0,0.0,0.0,609,236,14635
0.0,39.0,12.0,0.0,0.0,1.0,0.0,17014,12917,15368
0.0,55.0,8.0,0.0,0.0,0.0,1.0,5112,7706,14700
0.0,19.0,12.0,0.0,0.0,0.0,0.0,0,326,11495
0.0,44.0,8.0,0.0,0.0,1.0,1.0,11227,11506,17886
0.0,23.0,12.0,0.0,0.0,1.0,0.0,9056,10255,23369
0.0,36.0,9.0,0.0,0.0,1.0,1.0,4965,0,1408
0.0,20.0,9.0,0.0,0.0,0.0,1.0,6332,152,5098
0.0,20.0,13.0,0.0,0.0,1.0,0.0,6920,0,18367
0.0,26.0,12.0,0.0,0.0,1.0,0.0,20116,21557,25565
0.0,55.0,12.0,0.0,0.0,1.0,0.0,0,0,0
0.0,28.0,12.0,0.0,1.0,1.0,0.0,17655,7117,442
0.0,21.0,12.0,0.0,0.0,0.0,0.0,2894,9764,22068
0.0,31.0,16.0,0.0,0.0,1.0,0.0,25862,25244,25565
0.0,26.0,16.0,0.0,0.0,1.0,0.0,8801,21985,25565
0.0,29.0,12.0,0.0,0.0,1.0,0.0,15245,16913,19957
0.0,29.0,12.0,0.0,0.0,1.0,0.0,0,0,0
0.0,17.0,11.0,0.0,0.0,0.0,1.0,0,440,4232
0.0,34.0,12.0,0.0,1.0,0.0,0.0,25862,25244,25565
0.0,46.0,14.0,0.0,0.0,1.0,0.0,392,0,0
0.0,24.0,11.0,0.0,0.0,0.0,1.0,12469,0,7068
0.0,50.0,16.0,0.0,1.0,0.0,0.0,25862,25244,25565
0.0,50.0,12.0,0.0,0.0,0.0,0.0,18829,15948,12218
0.0,26.0,16.0,0.0,0.0,1.0,0.0,3004,15674,0
0.0,18.0,11.0,0.0,0.0,1.0,1.0,9418,0,0
0.0,31.0,13.0,0.0,0.0,0.0,0.0,25574,22059,14867
0.0,17.0,10.0,0.0,0.0,0.0,1.0,0,555,3682
0.0,33.0,12.0,0.0,0.0,1.0,0.0,25862,24893,25565
0.0,32.0,12.0,0.0,0.0,1.0,0.0,22398,25244,25312
0.0,35.0,9.0,0.0,1.0,1.0,1.0,23213,21206,17322
0.0,54.0,12.0,0.0,0.0,1.0,0.0,7768,7392,14434
0.0,44.0,7.0,1.0,0.0,1.0,1.0,19898,19971,16384
0.0,49.0,12.0,0.0,0.0,1.0,0.0,25862,25244,18859
0.0,21.0,15.0,0.0,0.0,0.0,0.0,4020,3683,14556
0.0,42.0,12.0,0.0,0.0,1.0,0.0,25862,25244,25565
0.0,46.0,14.0,0.0,0.0,1.0,0.0,23795,23416,24745
0.0,27.0,12.0,0.0,0.0,1.0,0.0,25463,25244,25565
0.0,28.0,14.0,0.0,0.0,0.0,0.0,22943,20725,21174
0.0,50.0,11.0,0.0,0.0,1.0,1.0,14939,15950,0
0.0,44.0,12.0,0.0,0.0,1.0,0.0,425,1678,0
0.0,43.0,16.0,0.0,0.0,1.0,0.0,24248,25244,22596
0.0,55.0,18.0,0.0,0.0,1.0,0.0,0,0,0
0.0,23.0,12.0,0.0,0.0,0.0,0.0,8521,8626,10037
0.0,22.0,7.0,0.0,0.0,1.0,1.0,10739,13098,11234
0.0,31.0,10.0,0.0,0.0,1.0,1.0,6099,4261,11757
0.0,32.0,12.0,0.0,0.0,0.0,0.0,25228,19047,11937
0.0,34.0,12.0,0.0,0.0,1.0,0.0,25862,25244,25565
0.0,46.0,10.0,0.0,0.0,1.0,1.0,15602,13546,0
0.0,19.0,13.0,0.0,0.0,0.0,0.0,3727,2483,8611
0.0,28.0,16.0,0.0,0.0,1.0,0.0,25862,25244,25565
0.0,53.0,14.0,0.0,0.0,0.0,0.0,25862,24366,23660
0.0,20.0,12.0,0.0,0.0,0.0,0.0,5392,5595,18882
0.0,23.0,14.0,0.0,0.0,0.0,0.0,5024,4420,15256
0.0,18.0,10.0,0.0,0.0,0.0,1.0,0,449,72
0.0,27.0,15.0,0.0,0.0,1.0,0.0,9975,10156,13020
0.0,27.0,15.0,0.0,0.0,1.0,0.0,5284,12829,24730
0.0,37.0,14.0,0.0,0.0,1.0,0.0,24497,25244,25565
0.0,36.0,12.0,1.0,0.0,1.0,0.0,1893,4492,826
0.0,19.0,10.0,0.0,0.0,1.0,1.0,3252,3360,996
0.0,53.0,12.0,0.0,0.0,1.0,0.0,17136,16774,0
0.0,19.0,12.0,0.0,0.0,0.0,0.0,6054,9628,25565
0.0,40.0,12.0,0.0,0.0,1.0,0.0,21027,23346,25565
0.0,26.0,12.0,0.0,0.0,1.0,0.0,21862,22968,23113
0.0,54.0,8.0,0.0,0.0,1.0,1.0,0,743,0
0.0,36.0,18.0,0.0,0.0,1.0,0.0,25862,16983,23053
0.0,53.0,18.0,0.0,0.0,1.0,0.0,11468,12058,13823
0.0,33.0,16.0,0.0,0.0,1.0,0.0,25862,25244,25565
0.0,49.0,16.0,0.0,0.0,1.0,0.0,25862,25244,25565
0.0,29.0,15.0,0.0,0.0,1.0,0.0,25862,25244,25565
0.0,22.0,13.0,0.0,0.0,1.0,0.0,10511,10547,13039
0.0,47.0,6.0,0.0,0.0,1.0,1.0,0,0,0
0.0,18.0,11.0,0.0,0.0,0.0,1.0,0,102,8732
0.0,23.0,10.0,0.0,0.0,1.0,1.0,10316,11822,15951
0.0,32.0,15.0,0.0,0.0,1.0,0.0,19612,19504,18079
0.0,34.0,14.0,0.0,0.0,1.0,0.0,25862,12153,22250
0.0,51.0,12.0,0.0,0.0,1.0,0.0,25862,22427,25565
0.0,32.0,14.0,0.0,0.0,1.0,0.0,23460,17751,25565
0.0,26.0,14.0,0.0,0.0,1.0,0.0,11213,11655,2568
0.0,30.0,12.0,1.0,0.0,1.0,0.0,7639,14930,16166
0.0,23.0,12.0,1.0,0.0,0.0,0.0,11325,11680,8275
0.0,28.0,12.0,0.0,0.0,0.0,0.0,14575,11936,14374
0.0,47.0,13.0,0.0,0.0,1.0,0.0,21166,12833,25565
0.0,42.0,12.0,0.0,0.0,1.0,0.0,16233,4166,6341
0.0,51.0,7.0,0.0,0.0,1.0,1.0,12951,13282,25565
0.0,30.0,12.0,0.0,0.0,1.0,0.0,22532,20947,25565
0.0,49.0,18.0,0.0,0.0,1.0,0.0,25862,25244,25565
0.0,19.0,13.0,0.0,0.0,0.0,0.0,0,1108,5963
0.0,45.0,13.0,1.0,0.0,1.0,0.0,22986,16342,18296
0.0,49.0,8.0,0.0,0.0,0.0,1.0,270,0,0
0.0,27.0,9.0,0.0,0.0,1.0,1.0,22553,18594,23160
0.0,35.0,12.0,0.0,0.0,1.0,0.0,17957,15039,17085
0.0,23.0,13.0,0.0,0.0,1.0,0.0,13744,25244,23401
0.0,41.0,12.0,0.0,0.0,1.0,0.0,24430,22882,23267
0.0,17.0,11.0,0.0,0.0,0.0,1.0,0,2311,18253
0.0,39.0,18.0,0.0,0.0,1.0,0.0,19273,17885,10115
0.0,19.0,12.0,0.0,0.0,1.0,0.0,0,1656,13761
0.0,18.0,10.0,0.0,0.0,1.0,1.0,0,211,14053
0.0,21.0,8.0,0.0,0.0,1.0,1.0,8546,9720,21656
0.0,45.0,12.0,0.0,0.0,1.0,0.0,24816,22964,21541
0.0,47.0,11.0,0.0,0.0,1.0,1.0,25862,25244,0
0.0,32.0,12.0,0.0,0.0,1.0,0.0,14781,5978,13338
0.0,45.0,12.0,0.0,0.0,1.0,0.0,23384,24637,25565
0.0,50.0,12.0,0.0,0.0,1.0,0.0,16812,22590,15123
0.0,36.0,8.0,0.0,0.0,1.0,1.0,11616,6313,8689
0.0,30.0,5.0,0.0,0.0,1.0,1.0,13787,9627,15015
0.0,21.0,9.0,0.0,0.0,1.0,1.0,6201,5935,7612
0.0,26.0,8.0,0.0,0.0,1.0,1.0,0,0,2366
0.0,42.0,12.0,0.0,0.0,1.0,0.0,25862,25244,25565
0.0,55.0,12.0,0.0,0.0,1.0,0.0,0,0,0
0.0,43.0,11.0,0.0,0.0,1.0,1.0,25862,21801,25565
0.0,54.0,12.0,0.0,0.0,0.0,0.0,22236,23219,22605
0.0,21.0,12.0,0.0,0.0,1.0,0.0,17475,18127,23310
0.0,45.0,13.0,0.0,0.0,1.0,0.0,16885,18277,11098
0.0,33.0,6.0,0.0,0.0,1.0,1.0,5498,5131,4921
0.0,18.0,12.0,0.0,0.0,0.0,0.0,0,4082,13517
0.0,27.0,6.0,0.0,0.0,1.0,1.0,22718,18952,13863
0.0,48.0,16.0,0.0,0.0,1.0,0.0,25862,25244,25565
0.0,20.0,14.0,0.0,0.0,0.0,0.0,3552,4118,21087
0.0,19.0,12.0,0.0,0.0,0.0,0.0,513,2617,22546
0.0,50.0,7.0,0.0,0.0,0.0,1.0,5427,3206,0
0.0,37.0,12.0,0.0,0.0,1.0,0.0,17416,14938,0
0.0,27.0,12.0,0.0,0.0,1.0,0.0,6946,23124,18808
0.0,31.0,16.0,0.0,0.0,1.0,0.0,25862,11517,25565
0.0,23.0,14.0,0.0,0.0,0.0,0.0,6136,8853,8589
0.0,20.0,14.0,0.0,0.0,0.0,0.0,1499,1996,16833
0.0,38.0,12.0,0.0,0.0,1.0,0.0,25862,25244,25565
0.0,43.0,12.0,0.0,0.0,1.0,0.0,25862,25244,25565
0.0,20.0,12.0,0.0,0.0,0.0,0.0,9261,11789,25240
0.0,52.0,5.0,0.0,0.0,1.0,1.0,8527,8368,12556
0.0,28.0,12.0,0.0,0.0,1.0,0.0,4845,4710,9456
0.0,40.0,7.0,0.0,1.0,1.0,1.0,7116,4356,9960
0.0,31.0,12.0,0.0,1.0,1.0,0.0,16822,13037,11594
0.0,32.0,13.0,0.0,1.0,0.0,0.0,0,1305,6334
0.0,26.0,13.0,0.0,0.0,0.0,0.0,8828,2916,0
0.0,52.0,7.0,0.0,0.0,1.0,1.0,0,0,0
0.0,49.0,6.0,0.0,1.0,1.0,1.0,7089,9152,9945
0.0,39.0,9.0,0.0,1.0,1.0,1.0,7616,7308,11124
0.0,53.0,13.0,0.0,0.0,1.0,0.0,0,7749,0
0.0,24.0,12.0,0.0,1.0,0.0,0.0,9013,8477,15831
0.0,48.0,13.0,0.0,0.0,1.0,0.0,25862,25244,25565
0.0,29.0,15.0,0.0,0.0,1.0,0.0,25862,25244,13110
0.0,21.0,12.0,0.0,0.0,0.0,0.0,3205,2064,3982
0.0,31.0,12.0,0.0,0.0,1.0,0.0,19585,20014,23752
0.0,43.0,9.0,0.0,0.0,1.0,1.0,25529,25244,25565
0.0,31.0,17.0,0.0,0.0,1.0,0.0,24653,24128,22992
0.0,30.0,16.0,0.0,0.0,1.0,0.0,25862,25244,25565
0.0,52.0,6.0,0.0,0.0,1.0,1.0,10964,10126,11377
0.0,53.0,7.0,0.0,0.0,1.0,1.0,19258,10332,8739
0.0,26.0,12.0,0.0,0.0,0.0,0.0,16385,12466,14780
0.0,29.0,11.0,0.0,0.0,1.0,1.0,11895,10713,11243
0.0,32.0,10.0,0.0,0.0,1.0,1.0,22130,20911,13271
0.0,30.0,8.0,0.0,0.0,1.0,1.0,20065,19452,20771
0.0,55.0,12.0,0.0,0.0,1.0,0.0,17469,20947,18582
0.0,29.0,12.0,0.0,0.0,1.0,0.0,0,670,4584
0.0,42.0,10.0,0.0,0.0,1.0,1.0,7861,8278,18250
0.0,19.0,9.0,0.0,0.0,0.0,1.0,402,90,7921
0.0,53.0,0.0,0.0,1.0,1.0,1.0,11221,10459,14102
0.0,37.0,12.0,0.0,0.0,1.0,0.0,25796,24936,24235
0.0,17.0,11.0,0.0,0.0,0.0,1.0,0,1679,0
0.0,30.0,12.0,0.0,1.0,1.0,0.0,12839,13986,9416
0.0,32.0,4.0,0.0,0.0,1.0,1.0,0,1379,0
0.0,25.0,12.0,0.0,0.0,1.0,0.0,9659,9542,15826
0.0,23.0,12.0,0.0,1.0,1.0,0.0,10098,8209,10108
0.0,45.0,1.0,0.0,0.0,0.0,1.0,0,0,4976
0.0,38.0,12.0,0.0,0.0,1.0,0.0,25862,24748,25565
0.0,35.0,12.0,0.0,0.0,1.0,0.0,25118,25244,23886
0.0,45.0,14.0,0.0,0.0,1.0,0.0,25862,25244,25565
0.0,54.0,14.0,0.0,0.0,1.0,0.0,0,0,0
0.0,40.0,14.0,0.0,1.0,1.0,0.0,25862,25244,2979
0.0,17.0,11.0,0.0,1.0,0.0,1.0,733,743,0
0.0,42.0,12.0,0.0,1.0,1.0,0.0,25862,25244,21340
0.0,29.0,8.0,0.0,1.0,1.0,1.0,25862,25244,25565
0.0,27.0,12.0,0.0,0.0,1.0,0.0,15441,18865,7343
0.0,43.0,12.0,0.0,0.0,0.0,0.0,0,0,0
0.0,19.0,16.0,0.0,0.0,0.0,0.0,216,2857,11516
0.0,36.0,12.0,1.0,0.0,0.0,0.0,14694,14169,6147
0.0,35.0,12.0,0.0,0.0,1.0,0.0,12872,10350,13339
0.0,45.0,18.0,0.0,0.0,1.0,0.0,22871,19004,18693
0.0,25.0,16.0,0.0,0.0,1.0,0.0,2392,272,0
0.0,22.0,16.0,0.0,0.0,1.0,0.0,2038,11897,17861
0.0,23.0,17.0,0.0,0.0,1.0,0.0,0,0,0
0.0,39.0,7.0,0.0,0.0,1.0,1.0,16603,19971,14406
0.0,34.0,13.0,0.0,0.0,1.0,0.0,0,0,0
0.0,41.0,11.0,0.0,0.0,1.0,1.0,25862,23007,23791
0.0,22.0,14.0,0.0,0.0,1.0,0.0,16180,18302,25565
0.0,40.0,13.0,0.0,0.0,1.0,0.0,2815,4256,0
0.0,24.0,14.0,0.0,0.0,1.0,0.0,14918,13825,12923
0.0,21.0,14.0,0.0,0.0,1.0,0.0,9759,13173,25565
0.0,50.0,6.0,0.0,0.0,1.0,1.0,25862,25244,25565
0.0,18.0,12.0,0.0,0.0,0.0,0.0,0,201,25565
0.0,20.0,12.0,0.0,0.0,0.0,0.0,306,4179,13792
0.0,27.0,12.0,0.0,0.0,1.0,0.0,14640,9994,17691
0.0,37.0,8.0,0.0,0.0,1.0,1.0,13768,3289,10719
0.0,39.0,10.0,0.0,0.0,1.0,1.0,25862,25244,25565
0.0,22.0,12.0,0.0,0.0,0.0,0.0,4918,6517,11739
0.0,34.0,12.0,0.0,0.0,1.0,0.0,12669,14190,15190
0.0,45.0,12.0,0.0,0.0,1.0,0.0,0,0,0
0.0,19.0,11.0,0.0,0.0,0.0,1.0,3258,16784,21157
0.0,54.0,12.0,0.0,0.0,1.0,0.0,25862,25244,4436
0.0,36.0,18.0,0.0,0.0,1.0,0.0,5500,24110,20839
0.0,24.0,13.0,0.0,0.0,1.0,0.0,4632,0,16654
0.0,54.0,12.0,0.0,0.0,1.0,0.0,23623,20297,25565
0.0,18.0,10.0,0.0,0.0,0.0,1.0,1211,5625,0
0.0,20.0,12.0,0.0,0.0,0.0,0.0,12426,7630,14281
0.0,18.0,12.0,0.0,0.0,0.0,0.0,819,1208,2233
0.0,52.0,12.0,0.0,0.0,1.0,0.0,23974,22922,24793
0.0,25.0,16.0,0.0,0.0,1.0,0.0,24126,25244,24269
0.0,20.0,14.0,0.0,0.0,0.0,0.0,2669,4816,1469
0.0,33.0,17.0,0.0,0.0,1.0,0.0,25084,23518,25565
0.0,55.0,12.0,0.0,0.0,1.0,0.0,25862,25244,25565
0.0,32.0,14.0,0.0,0.0,1.0,0.0,22651,25244,25565
0.0,40.0,14.0,0.0,0.0,1.0,0.0,25862,25242,25565
0.0,29.0,18.0,0.0,0.0,1.0,0.0,21105,17325,25565
0.0,27.0,16.0,0.0,0.0,1.0,0.0,25862,25244,25565
0.0,25.0,14.0,0.0,0.0,0.0,0.0,9947,1189,0
0.0,22.0,12.0,0.0,0.0,0.0,0.0,5396,16188,25565
0.0,28.0,16.0,0.0,0.0,1.0,0.0,25862,25244,17213
0.0,23.0,12.0,0.0,0.0,0.0,0.0,24115,15547,18316
0.0,37.0,12.0,0.0,0.0,1.0,0.0,25470,25244,25565
0.0,52.0,12.0,0.0,0.0,1.0,0.0,18362,17841,0
0.0,53.0,8.0,0.0,0.0,1.0,1.0,25862,20669,25565
0.0,37.0,14.0,0.0,0.0,0.0,0.0,21615,7194,11881
0.0,48.0,10.0,0.0,0.0,1.0,1.0,25862,24202,25565
0.0,29.0,15.0,0.0,0.0,1.0,0.0,25057,25244,24081
0.0,23.0,14.0,0.0,0.0,0.0,0.0,0,0,25389
0.0,32.0,12.0,0.0,1.0,1.0,0.0,22984,21441,22148
0.0,17.0,11.0,0.0,1.0,0.0,1.0,2939,11254,25565
0.0,31.0,14.0,0.0,0.0,1.0,0.0,0,0,0
0.0,33.0,13.0,0.0,0.0,1.0,0.0,0,0,0
0.0,33.0,16.0,0.0,0.0,1.0,0.0,25862,24012,25565
0.0,43.0,12.0,0.0,1.0,1.0,0.0,25862,25244,25565
0.0,28.0,13.0,0.0,1.0,0.0,0.0,19160,21394,18027
0.0,29.0,10.0,0.0,1.0,1.0,1.0,6178,8318,9032
0.0,51.0,18.0,0.0,0.0,1.0,0.0,25862,25244,0
0.0,33.0,8.0,0.0,1.0,1.0,1.0,11129,9947,10369
0.0,35.0,14.0,0.0,0.0,1.0,0.0,22210,17241,25565
0.0,50.0,12.0,0.0,0.0,1.0,0.0,11125,25244,723
0.0,49.0,12.0,0.0,1.0,1.0,0.0,88,0,0
0.0,21.0,13.0,0.0,1.0,0.0,0.0,74,380,9916
0.0,44.0,12.0,0.0,1.0,1.0,0.0,0,0,0
0.0,40.0,10.0,0.0,1.0,1.0,1.0,12947,5763,18132
0.0,39.0,12.0,0.0,1.0,1.0,0.0,25862,25244,25565
0.0,24.0,14.0,0.0,0.0,0.0,0.0,4922,5444,103
0.0,25.0,13.0,1.0,0.0,0.0,0.0,5488,3869,13113
0.0,21.0,12.0,1.0,0.0,0.0,0.0,8380,5543,5661
0.0,33.0,10.0,0.0,0.0,0.0,1.0,0,0,2951
0.0,20.0,14.0,0.0,0.0,0.0,0.0,0,2238,1586
0.0,18.0,12.0,0.0,0.0,0.0,0.0,3582,1636,6269
0.0,34.0,12.0,1.0,0.0,1.0,0.0,22526,23034,21418
0.0,48.0,8.0,0.0,0.0,1.0,1.0,11881,11062,13651
0.0,34.0,12.0,0.0,0.0,1.0,0.0,5880,1982,9509
0.0,38.0,10.0,0.0,1.0,1.0,1.0,25398,23203,25565
0.0,50.0,12.0,0.0,0.0,1.0,0.0,16881,24379,0
0.0,31.0,12.0,0.0,0.0,1.0,0.0,23652,6229,22404
0.0,25.0,14.0,0.0,0.0,0.0,0.0,7618,6719,9410
0.0,49.0,15.0,0.0,0.0,1.0,0.0,14704,15515,18089
0.0,46.0,13.0,1.0,0.0,1.0,0.0,14342,7281,1858
0.0,19.0,13.0,1.0,0.0,0.0,0.0,4563,222,0
0.0,17.0,11.0,1.0,0.0,0.0,1.0,0,0,7674
0.0,31.0,15.0,1.0,0.0,1.0,0.0,5533,5716,0
0.0,24.0,16.0,0.0,0.0,1.0,0.0,20525,23357,25565
0.0,54.0,12.0,0.0,0.0,1.0,0.0,22030,20888,18373
0.0,24.0,13.0,0.0,0.0,0.0,0.0,11197,11941,3406
0.0,23.0,12.0,0.0,0.0,0.0,0.0,20731,5777,25565
0.0,34.0,12.0,0.0,0.0,1.0,0.0,23686,25244,25565
0.0,37.0,12.0,0.0,0.0,0.0,0.0,25862,25244,25565
0.0,30.0,14.0,0.0,0.0,1.0,0.0,0,0,0
0.0,35.0,13.0,0.0,0.0,1.0,0.0,25862,25244,25565
0.0,44.0,12.0,0.0,0.0,1.0,0.0,9156,9931,18055
0.0,46.0,17.0,0.0,0.0,1.0,0.0,25862,25244,11246
0.0,30.0,12.0,0.0,0.0,1.0,0.0,18290,22259,21145
0.0,33.0,14.0,0.0,0.0,1.0,0.0,25862,25244,25565
0.0,45.0,12.0,1.0,0.0,0.0,0.0,0,263,0
0.0,47.0,13.0,0.0,0.0,1.0,0.0,25862,25244,25565
0.0,51.0,12.0,0.0,0.0,1.0,0.0,25862,25244,25565
0.0,25.0,13.0,0.0,0.0,1.0,0.0,9943,5867,1580
0.0,36.0,12.0,0.0,0.0,1.0,0.0,25862,25244,0
0.0,53.0,12.0,0.0,0.0,1.0,0.0,5696,11329,0
0.0,45.0,14.0,0.0,0.0,1.0,0.0,241,0,0
0.0,46.0,12.0,0.0,0.0,0.0,0.0,15466,15305,16313
0.0,24.0,12.0,0.0,0.0,0.0,0.0,4875,1901,0
0.0,35.0,12.0,0.0,0.0,1.0,0.0,9067,9104,10923
0.0,22.0,10.0,0.0,0.0,0.0,1.0,0,5049,3341
0.0,33.0,10.0,0.0,0.0,1.0,1.0,17508,17180,21947
0.0,20.0,11.0,0.0,0.0,1.0,1.0,8830,8024,11464
0.0,22.0,16.0,0.0,0.0,0.0,0.0,1419,4508,4627
0.0,52.0,8.0,1.0,0.0,1.0,1.0,25862,6587,6170
0.0,29.0,10.0,0.0,0.0,0.0,1.0,3752,0,251
0.0,32.0,11.0,0.0,0.0,1.0,1.0,22510,15427,18269
0.0,41.0,12.0,0.0,0.0,1.0,0.0,0,0,0
0.0,25.0,17.0,0.0,0.0,1.0,0.0,11665,156,12191
0.0,34.0,17.0,0.0,0.0,1.0,0.0,0,0,0
0.0,31.0,14.0,0.0,0.0,1.0,0.0,25862,25244,25565
0.0,49.0,14.0,0.0,0.0,1.0,0.0,25862,25244,25565
0.0,17.0,10.0,0.0,0.0,0.0,1.0,0,1898,4940
0.0,28.0,15.0,0.0,0.0,1.0,0.0,25862,25244,25565
0.0,35.0,13.0,0.0,1.0,1.0,0.0,22535,21840,23067
0.0,21.0,12.0,0.0,0.0,0.0,0.0,22302,23845,13839
0.0,48.0,16.0,0.0,0.0,1.0,0.0,25862,16408,25565
0.0,24.0,15.0,0.0,0.0,0.0,0.0,7953,5029,10442
0.0,25.0,14.0,0.0,0.0,1.0,0.0,701,0,1085
0.0,19.0,12.0,0.0,0.0,1.0,0.0,10629,17667,21900
0.0,28.0,13.0,0.0,0.0,1.0,0.0,16703,19853,23073
0.0,42.0,18.0,0.0,0.0,1.0,0.0,25862,25244,14841
0.0,28.0,14.0,0.0,0.0,0.0,0.0,19763,16689,21526
0.0,26.0,14.0,0.0,0.0,1.0,0.0,20956,22993,25565
0.0,28.0,16.0,0.0,0.0,0.0,0.0,15933,17533,0
0.0,31.0,12.0,0.0,0.0,1.0,0.0,25862,25244,25565
0.0,39.0,16.0,0.0,0.0,1.0,0.0,25862,25244,5182
0.0,28.0,17.0,0.0,0.0,1.0,0.0,21742,24706,25565
0.0,52.0,12.0,0.0,0.0,1.0,0.0,25862,25244,25565
0.0,32.0,18.0,0.0,0.0,1.0,0.0,25862,25244,25565
0.0,22.0,12.0,0.0,0.0,1.0,0.0,18699,18392,23582
0.0,25.0,14.0,0.0,0.0,0.0,0.0,25745,24087,25565
0.0,44.0,14.0,0.0,1.0,1.0,0.0,25862,25244,25565
0.0,38.0,18.0,0.0,0.0,0.0,0.0,25862,25244,25322
0.0,41.0,13.0,0.0,0.0,1.0,0.0,22220,25039,25565
0.0,18.0,12.0,0.0,0.0,0.0,0.0,788,859,2191
0.0,53.0,12.0,0.0,0.0,1.0,0.0,25237,25244,25565
0.0,36.0,13.0,0.0,0.0,1.0,0.0,0,0,0
0.0,53.0,18.0,0.0,0.0,0.0,0.0,25862,25244,25565
0.0,24.0,13.0,0.0,0.0,0.0,0.0,3248,1973,3886
0.0,40.0,18.0,0.0,0.0,1.0,0.0,25862,25244,25565
0.0,55.0,14.0,0.0,0.0,1.0,0.0,24597,25244,25565
0.0,24.0,13.0,1.0,0.0,0.0,0.0,0,2848,12046
0.0,45.0,18.0,0.0,0.0,1.0,0.0,12296,9963,25565
0.0,19.0,12.0,0.0,0.0,0.0,0.0,3858,11582,6895
0.0,54.0,12.0,0.0,0.0,1.0,0.0,25862,25244,25565
0.0,20.0,12.0,0.0,0.0,0.0,0.0,11920,15064,0
0.0,55.0,10.0,0.0,0.0,1.0,1.0,0,5154,1850
0.0,21.0,8.0,0.0,0.0,0.0,1.0,8031,9059,1484
0.0,55.0,7.0,0.0,1.0,1.0,1.0,0,0,0
0.0,18.0,10.0,0.0,0.0,1.0,1.0,5325,4574,14068
0.0,24.0,12.0,0.0,0.0,0.0,0.0,20770,7999,13642
0.0,35.0,10.0,0.0,1.0,1.0,1.0,22079,21376,24984
0.0,52.0,12.0,0.0,0.0,1.0,0.0,23974,21548,17749
0.0,18.0,11.0,0.0,0.0,0.0,1.0,0,72,0
0.0,32.0,18.0,0.0,0.0,1.0,0.0,25862,25244,25565
0.0,29.0,13.0,0.0,0.0,1.0,0.0,20224,21926,24286
0.0,24.0,17.0,0.0,0.0,1.0,0.0,3570,3194,25565
0.0,24.0,14.0,0.0,0.0,1.0,0.0,14867,14944,24962
0.0,37.0,18.0,0.0,0.0,0.0,0.0,0,0,3434
0.0,21.0,15.0,0.0,0.0,1.0,0.0,6951,3880,0
0.0,18.0,11.0,0.0,0.0,0.0,1.0,5386,8101,16351
0.0,16.0,9.0,0.0,0.0,0.0,1.0,803,0,8988
0.0,27.0,12.0,0.0,0.0,1.0,0.0,14087,18655,18065
0.0,29.0,10.0,0.0,0.0,1.0,1.0,25733,22594,25565
0.0,41.0,12.0,0.0,0.0,1.0,0.0,20680,20635,22881
0.0,16.0,9.0,0.0,0.0,0.0,1.0,0,1368,4195
0.0,35.0,12.0,0.0,0.0,1.0,0.0,25862,21622,25565
0.0,30.0,16.0,0.0,0.0,1.0,0.0,25862,25244,14879
0.0,40.0,12.0,0.0,0.0,0.0,0.0,24904,19464,14477
0.0,23.0,12.0,1.0,0.0,1.0,0.0,12097,20759,4061
0.0,34.0,11.0,0.0,0.0,1.0,1.0,25862,25244,25565
0.0,54.0,9.0,0.0,1.0,1.0,1.0,7306,1642,4522
0.0,29.0,18.0,0.0,0.0,0.0,0.0,20633,15581,25565
0.0,44.0,2.0,0.0,1.0,0.0,1.0,6266,16931,3207
0.0,51.0,10.0,0.0,0.0,0.0,1.0,12712,9016,0
0.0,37.0,12.0,0.0,0.0,1.0,0.0,6244,5401,7069
0.0,42.0,12.0,0.0,0.0,0.0,0.0,25862,25244,25565
0.0,16.0,10.0,0.0,0.0,0.0,1.0,364,1461,18773
0.0,28.0,18.0,0.0,0.0,1.0,0.0,0,17803,25565
0.0,26.0,12.0,0.0,0.0,0.0,0.0,13501,5024,16503
0.0,34.0,14.0,0.0,0.0,1.0,0.0,25862,25244,16921
0.0,53.0,15.0,0.0,0.0,1.0,0.0,25862,25244,25565
0.0,50.0,11.0,0.0,0.0,1.0,1.0,20755,21962,20539
0.0,24.0,13.0,0.0,0.0,1.0,0.0,13729,19482,5985
0.0,25.0,9.0,0.0,1.0,1.0,1.0,12682,9954,15302
0.0,21.0,11.0,0.0,1.0,1.0,1.0,17138,16586,18823
0.0,46.0,16.0,0.0,0.0,0.0,0.0,25862,25244,25565
0.0,41.0,7.0,0.0,1.0,1.0,1.0,25276,22021,25565
0.0,21.0,12.0,0.0,1.0,1.0,0.0,18470,20843,25565
0.0,18.0,12.0,0.0,1.0,0.0,0.0,0,2105,8515
0.0,26.0,13.0,0.0,1.0,0.0,0.0,23699,14357,25565
0.0,25.0,14.0,0.0,0.0,1.0,0.0,13744,13637,0
0.0,26.0,18.0,0.0,1.0,0.0,0.0,13972,0,525
0.0,31.0,14.0,0.0,0.0,0.0,0.0,23501,19192,21544
0.0,39.0,16.0,0.0,0.0,1.0,0.0,19346,21557,0
0.0,25.0,16.0,0.0,0.0,1.0,0.0,17708,19036,25565
0.0,28.0,13.0,1.0,0.0,1.0,0.0,6938,12223,5120
0.0,34.0,12.0,0.0,0.0,0.0,0.0,25862,23095,25565
0.0,26.0,12.0,0.0,0.0,1.0,0.0,25862,25244,24032
0.0,45.0,16.0,0.0,1.0,1.0,0.0,19542,23095,21581
0.0,53.0,10.0,0.0,1.0,1.0,1.0,23834,21679,10176
0.0,33.0,10.0,0.0,1.0,0.0,1.0,20367,5674,13570
0.0,29.0,14.0,0.0,1.0,0.0,0.0,1955,10851,12741
0.0,47.0,12.0,0.0,1.0,0.0,0.0,13738,15447,0
0.0,50.0,8.0,0.0,1.0,1.0,1.0,3589,0,0
0.0,34.0,14.0,0.0,0.0,1.0,0.0,20376,24527,25565
0.0,51.0,16.0,0.0,0.0,1.0,0.0,25862,25244,25565
0.0,54.0,14.0,0.0,0.0,1.0,0.0,25862,25244,19074
0.0,17.0,10.0,0.0,0.0,0.0,1.0,0,0,10258
0.0,21.0,14.0,0.0,0.0,0.0,0.0,1064,0,7451
0.0,30.0,18.0,0.0,0.0,1.0,0.0,0,15433,19169
0.0,45.0,14.0,0.0,0.0,1.0,0.0,24583,22021,25565
0.0,54.0,8.0,0.0,1.0,1.0,1.0,20643,22528,0
0.0,40.0,12.0,0.0,0.0,1.0,0.0,13074,5382,8866
0.0,30.0,15.0,0.0,1.0,1.0,0.0,18172,21285,24051
0.0,46.0,8.0,0.0,0.0,1.0,1.0,21301,21432,17236
0.0,21.0,12.0,0.0,0.0,0.0,0.0,13478,16745,25565
0.0,18.0,10.0,0.0,0.0,0.0,1.0,0,0,14211
0.0,39.0,12.0,0.0,0.0,1.0,0.0,25862,25244,0
0.0,27.0,13.0,0.0,0.0,1.0,0.0,12539,2891,16794
0.0,21.0,12.0,0.0,0.0,1.0,0.0,18407,22823,25565
0.0,26.0,15.0,0.0,0.0,1.0,0.0,13635,15100,1571
0.0,21.0,15.0,0.0,0.0,1.0,0.0,4835,9747,24557
0.0,41.0,12.0,0.0,0.0,1.0,0.0,25862,25244,23481
0.0,43.0,12.0,0.0,0.0,1.0,0.0,25862,25244,25565
0.0,17.0,11.0,0.0,0.0,0.0,1.0,0,1212,7047
0.0,36.0,16.0,0.0,0.0,1.0,0.0,25862,25244,25565
0.0,36.0,18.0,0.0,0.0,1.0,0.0,25862,25244,25565
0.0,36.0,8.0,0.0,1.0,1.0,1.0,25862,25244,25565
0.0,33.0,12.0,0.0,1.0,1.0,0.0,23964,23412,1382
0.0,32.0,11.0,0.0,0.0,0.0,1.0,25839,25244,25565
0.0,22.0,14.0,0.0,0.0,0.0,0.0,8825,9519,21604
0.0,21.0,16.0,0.0,0.0,0.0,0.0,680,2263,14615
0.0,27.0,12.0,0.0,1.0,0.0,0.0,12296,12169,0
0.0,17.0,11.0,0.0,0.0,0.0,1.0,0,0,4655
0.0,26.0,17.0,0.0,0.0,0.0,0.0,0,0,0
0.0,44.0,10.0,0.0,0.0,1.0,1.0,25862,25244,25565
0.0,19.0,13.0,0.0,0.0,0.0,0.0,3439,1950,6252
0.0,35.0,8.0,0.0,0.0,0.0,1.0,25862,25244,25565
0.0,39.0,7.0,0.0,1.0,1.0,1.0,17001,16675,19686
0.0,39.0,14.0,1.0,0.0,1.0,0.0,25862,25244,9370
0.0,43.0,12.0,1.0,0.0,1.0,0.0,0,0,0
0.0,18.0,12.0,1.0,0.0,0.0,0.0,570,637,8067
0.0,24.0,12.0,0.0,0.0,1.0,0.0,14822,13812,25565
0.0,27.0,13.0,0.0,1.0,0.0,0.0,19054,19101,0
0.0,24.0,1.0,0.0,1.0,1.0,1.0,0,0,19465
0.0,38.0,3.0,0.0,1.0,1.0,1.0,19001,19310,18251
0.0,41.0,12.0,0.0,0.0,1.0,0.0,25862,25244,25565
0.0,54.0,13.0,0.0,0.0,1.0,0.0,22612,19672,21264
0.0,29.0,5.0,0.0,1.0,1.0,1.0,13474,6716,5927
0.0,38.0,4.0,0.0,1.0,1.0,1.0,11812,11879,6220
0.0,42.0,0.0,0.0,1.0,1.0,1.0,2798,10930,9923
0.0,18.0,11.0,0.0,1.0,0.0,1.0,768,2422,9750
0.0,20.0,12.0,0.0,0.0,0.0,0.0,4234,2610,6688
0.0,29.0,9.0,0.0,1.0,1.0,1.0,16360,11152,12556
0.0,28.0,8.0,0.0,1.0,1.0,1.0,1491,9875,10192
0.0,36.0,8.0,0.0,0.0,1.0,1.0,10272,13538,11027
0.0,30.0,3.0,0.0,1.0,1.0,1.0,1152,12547,7318
0.0,39.0,16.0,0.0,0.0,1.0,0.0,25862,25244,25565
0.0,30.0,16.0,0.0,0.0,0.0,0.0,995,7729,236
0.0,24.0,15.0,0.0,0.0,1.0,0.0,0,5174,14231
0.0,50.0,8.0,0.0,0.0,0.0,1.0,4557,2906,480
0.0,48.0,12.0,0.0,0.0,1.0,0.0,0,0,0
0.0,21.0,12.0,0.0,0.0,0.0,0.0,7302,25244,11399
0.0,25.0,13.0,0.0,0.0,1.0,0.0,14965,16437,13589
0.0,33.0,10.0,0.0,0.0,1.0,1.0,24587,24076,25458
0.0,35.0,9.0,0.0,0.0,1.0,1.0,24883,22488,25565
0.0,24.0,15.0,0.0,0.0,1.0,0.0,6857,3224,24041
0.0,21.0,12.0,0.0,0.0,0.0,0.0,7130,7430,0
0.0,47.0,12.0,0.0,0.0,1.0,0.0,20678,14025,24397
0.0,35.0,12.0,0.0,0.0,1.0,0.0,5484,13032,25565
0.0,23.0,12.0,0.0,1.0,1.0,0.0,14742,13957,13172
0.0,28.0,9.0,0.0,0.0,0.0,1.0,7506,4897,9920
0.0,38.0,12.0,0.0,0.0,1.0,0.0,25862,17509,25565
0.0,33.0,18.0,0.0,0.0,1.0,0.0,2502,5845,24731
0.0,51.0,14.0,0.0,0.0,1.0,0.0,20549,22617,25565
0.0,50.0,12.0,0.0,0.0,1.0,0.0,17245,16736,7301
0.0,19.0,12.0,0.0,0.0,1.0,0.0,5817,3919,1067
0.0,42.0,12.0,0.0,0.0,1.0,0.0,25862,13644,14856
0.0,22.0,12.0,0.0,0.0,1.0,0.0,16303,18032,8847
0.0,24.0,11.0,0.0,1.0,1.0,1.0,6236,6243,9568
0.0,32.0,14.0,0.0,0.0,1.0,0.0,25862,25244,8884
0.0,50.0,18.0,0.0,0.0,1.0,0.0,25862,25244,25565
0.0,20.0,12.0,0.0,0.0,0.0,0.0,3037,587,1030
0.0,29.0,14.0,0.0,0.0,1.0,0.0,0,0,0
0.0,26.0,14.0,0.0,0.0,1.0,0.0,24681,25244,25565
0.0,30.0,16.0,0.0,0.0,1.0,0.0,21789,21697,25565
0.0,32.0,12.0,0.0,0.0,1.0,0.0,25862,25244,25565
0.0,21.0,14.0,0.0,0.0,0.0,0.0,7543,6166,25565
0.0,46.0,12.0,0.0,0.0,1.0,0.0,23895,0,17999
0.0,28.0,10.0,0.0,0.0,1.0,1.0,5927,16408,16884
0.0,34.0,12.0,0.0,0.0,1.0,0.0,25862,24760,0
0.0,48.0,9.0,0.0,0.0,1.0,1.0,25862,20775,25565
0.0,28.0,14.0,0.0,0.0,1.0,0.0,18041,17056,17337
0.0,27.0,12.0,0.0,0.0,1.0,0.0,18958,16294,0
0.0,22.0,16.0,0.0,0.0,0.0,0.0,0,0,0
0.0,52.0,12.0,0.0,0.0,1.0,0.0,25535,24785,23230
0.0,55.0,14.0,0.0,0.0,1.0,0.0,13715,23274,19321
0.0,37.0,18.0,0.0,0.0,1.0,0.0,1763,25244,25565
0.0,39.0,17.0,0.0,0.0,1.0,0.0,19013,25244,25565
0.0,32.0,16.0,0.0,0.0,1.0,0.0,815,19758,23360
0.0,30.0,16.0,0.0,0.0,1.0,0.0,10161,23117,9759
0.0,33.0,12.0,0.0,0.0,1.0,0.0,18478,18440,15757
0.0,28.0,12.0,0.0,0.0,1.0,0.0,25862,25244,18872
0.0,30.0,16.0,0.0,0.0,1.0,0.0,10835,22331,25565
0.0,26.0,12.0,0.0,1.0,1.0,0.0,25862,25244,25565
0.0,35.0,16.0,1.0,0.0,1.0,0.0,25862,25244,25565
0.0,36.0,8.0,0.0,1.0,1.0,1.0,15555,15259,19688
0.0,46.0,11.0,0.0,1.0,1.0,1.0,20986,21122,20102
0.0,55.0,11.0,0.0,0.0,1.0,1.0,22673,22150,0
0.0,28.0,12.0,0.0,0.0,1.0,0.0,23117,24055,11857
0.0,44.0,8.0,0.0,0.0,1.0,1.0,25862,25174,25565
0.0,32.0,12.0,0.0,0.0,1.0,0.0,25862,25244,25565
0.0,37.0,16.0,0.0,0.0,1.0,0.0,11007,24003,20319
0.0,54.0,13.0,0.0,0.0,1.0,0.0,25862,25244,25565
0.0,22.0,13.0,0.0,0.0,0.0,0.0,15978,17704,14820
0.0,35.0,12.0,0.0,0.0,0.0,0.0,25862,25244,25565
0.0,53.0,13.0,0.0,0.0,0.0,0.0,1673,21274,0
0.0,21.0,18.0,0.0,0.0,0.0,0.0,0,0,0
0.0,25.0,16.0,0.0,0.0,0.0,0.0,5809,8694,12791
0.0,48.0,18.0,0.0,0.0,1.0,0.0,20915,25244,25565
0.0,51.0,12.0,0.0,0.0,1.0,0.0,0,0,0
0.0,36.0,16.0,0.0,0.0,1.0,0.0,8231,25244,25565
0.0,27.0,13.0,0.0,0.0,0.0,0.0,11726,10067,25565
0.0,22.0,12.0,0.0,0.0,0.0,0.0,7381,23054,22166
0.0,41.0,16.0,0.0,0.0,1.0,0.0,0,0,0
0.0,17.0,11.0,0.0,0.0,0.0,1.0,611,0,0
0.0,50.0,8.0,0.0,0.0,1.0,1.0,0,2166,0
0.0,17.0,11.0,0.0,0.0,0.0,1.0,15298,15780,25565
0.0,45.0,12.0,0.0,0.0,1.0,0.0,0,0,12543
0.0,21.0,12.0,0.0,0.0,1.0,0.0,12843,9834,25565
0.0,44.0,13.0,0.0,0.0,1.0,0.0,0,0,0
0.0,16.0,9.0,0.0,0.0,0.0,1.0,0,2127,11380
0.0,45.0,8.0,0.0,0.0,1.0,1.0,23014,25213,25565
0.0,33.0,13.0,0.0,0.0,1.0,0.0,20178,20311,0
0.0,29.0,12.0,0.0,0.0,1.0,0.0,21862,21849,25565
0.0,34.0,14.0,0.0,0.0,1.0,0.0,25862,25244,25565
0.0,36.0,13.0,0.0,0.0,1.0,0.0,25862,25244,25565
0.0,30.0,16.0,0.0,0.0,1.0,0.0,23452,23944,23735
0.0,28.0,12.0,0.0,0.0,1.0,0.0,15713,16065,23879
0.0,29.0,12.0,0.0,0.0,1.0,0.0,14812,16501,17801
0.0,24.0,12.0,0.0,0.0,1.0,0.0,0,6955,2964
0.0,46.0,12.0,0.0,0.0,1.0,0.0,1107,2777,13461
0.0,19.0,11.0,0.0,0.0,0.0,1.0,313,6769,16627
0.0,18.0,10.0,0.0,0.0,0.0,1.0,3352,2435,15099
0.0,18.0,11.0,0.0,0.0,0.0,1.0,2839,6105,15235
0.0,29.0,12.0,0.0,0.0,1.0,0.0,1712,3713,864
0.0,54.0,11.0,0.0,0.0,1.0,1.0,25862,25244,0
0.0,33.0,8.0,0.0,0.0,1.0,1.0,13729,13965,13787
0.0,21.0,12.0,0.0,0.0,0.0,0.0,23717,25244,8563
0.0,29.0,12.0,0.0,0.0,1.0,0.0,24840,25244,25565
0.0,26.0,14.0,0.0,0.0,1.0,0.0,24818,21822,25565
0.0,31.0,13.0,0.0,0.0,1.0,0.0,25104,25244,25565
0.0,24.0,16.0,0.0,0.0,1.0,0.0,2565,22209,25565
0.0,23.0,13.0,0.0,0.0,1.0,0.0,1172,6726,5533
0.0,40.0,7.0,0.0,1.0,1.0,1.0,14888,19989,9462
0.0,47.0,12.0,0.0,0.0,1.0,0.0,25862,23980,25565
0.0,18.0,12.0,0.0,0.0,0.0,0.0,3819,3851,11223
0.0,33.0,12.0,0.0,0.0,1.0,0.0,21585,25244,25565
0.0,34.0,11.0,0.0,0.0,1.0,1.0,25862,25244,25565
0.0,29.0,16.0,0.0,0.0,0.0,0.0,13715,15039,142
0.0,24.0,12.0,0.0,0.0,0.0,0.0,5147,5826,14488
0.0,16.0,9.0,0.0,1.0,0.0,1.0,0,0,0
0.0,39.0,12.0,0.0,0.0,1.0,0.0,12898,16621,14471
0.0,30.0,12.0,0.0,1.0,1.0,0.0,12318,21222,25565
0.0,29.0,12.0,0.0,0.0,1.0,0.0,19371,13114,25565
0.0,24.0,12.0,0.0,0.0,1.0,0.0,10429,25244,3409
0.0,18.0,11.0,0.0,0.0,0.0,1.0,0,4021,19815
0.0,34.0,18.0,0.0,0.0,0.0,0.0,0,0,0
0.0,54.0,10.0,0.0,0.0,1.0,1.0,10188,9310,6798
0.0,26.0,11.0,0.0,0.0,1.0,1.0,25543,25167,25234
0.0,30.0,10.0,0.0,0.0,1.0,1.0,20760,17339,14635
0.0,47.0,7.0,0.0,0.0,1.0,1.0,891,752,2149
0.0,49.0,13.0,0.0,0.0,1.0,0.0,25862,25244,25565
0.0,19.0,13.0,0.0,0.0,0.0,0.0,102,3246,9310
0.0,21.0,15.0,0.0,0.0,1.0,0.0,1567,5124,13515
0.0,40.0,10.0,0.0,1.0,1.0,1.0,0,0,0
0.0,18.0,8.0,0.0,0.0,0.0,1.0,1330,3572,9128
0.0,17.0,8.0,0.0,0.0,0.0,1.0,0,2311,6385
0.0,25.0,7.0,0.0,0.0,1.0,1.0,5598,6100,123
0.0,34.0,17.0,0.0,0.0,1.0,0.0,3752,3724,5785
0.0,43.0,14.0,0.0,0.0,1.0,0.0,25862,25244,25565
0.0,42.0,12.0,0.0,0.0,1.0,0.0,21427,20220,20085
0.0,36.0,14.0,0.0,0.0,0.0,0.0,23450,24710,24694
0.0,24.0,13.0,0.0,0.0,1.0,0.0,18151,18476,21393
0.0,27.0,14.0,0.0,0.0,1.0,0.0,21722,23410,17177
0.0,43.0,16.0,0.0,0.0,0.0,0.0,25862,20938,25565
0.0,29.0,12.0,0.0,0.0,1.0,0.0,16481,21203,20498
0.0,31.0,12.0,0.0,0.0,1.0,0.0,0,0,0
0.0,33.0,12.0,0.0,0.0,0.0,0.0,25862,24586,24885
0.0,35.0,7.0,1.0,0.0,0.0,1.0,8015,6938,5072
0.0,45.0,12.0,0.0,0.0,0.0,0.0,25862,25244,25565
0.0,29.0,14.0,0.0,0.0,1.0,0.0,16959,19534,23783
0.0,32.0,10.0,1.0,0.0,0.0,1.0,17984,4931,18102
0.0,24.0,12.0,1.0,0.0,1.0,0.0,14857,19271,16957
0.0,38.0,12.0,0.0,0.0,1.0,0.0,25862,25244,25565
0.0,25.0,12.0,0.0,0.0,0.0,0.0,16037,4651,15320
0.0,24.0,12.0,0.0,0.0,1.0,0.0,8296,6624,25565
0.0,37.0,12.0,0.0,0.0,1.0,0.0,25862,24979,25548
0.0,24.0,12.0,0.0,0.0,1.0,0.0,8372,12362,10907
0.0,21.0,12.0,0.0,0.0,0.0,0.0,12612,12776,13437
0.0,40.0,12.0,0.0,0.0,1.0,0.0,24959,25244,25565
0.0,18.0,11.0,0.0,0.0,0.0,1.0,4826,7999,13004
0.0,17.0,9.0,0.0,0.0,0.0,1.0,0,0,16044
0.0,41.0,12.0,0.0,0.0,1.0,0.0,13989,13653,17319
0.0,30.0,18.0,0.0,0.0,1.0,0.0,15151,18798,16475
0.0,32.0,13.0,0.0,0.0,1.0,0.0,25862,0,0
0.0,47.0,14.0,0.0,0.0,0.0,0.0,24091,24595,25565
0.0,23.0,12.0,1.0,0.0,1.0,0.0,10894,10035,9426
0.0,48.0,12.0,1.0,0.0,1.0,0.0,10860,10919,0
0.0,24.0,12.0,1.0,0.0,0.0,0.0,11691,10500,11315
0.0,32.0,8.0,1.0,0.0,1.0,1.0,7312,7312,8141
0.0,38.0,3.0,1.0,0.0,1.0,1.0,9048,7752,8784
0.0,50.0,11.0,0.0,0.0,1.0,1.0,7412,5101,1766
0.0,16.0,9.0,0.0,0.0,0.0,1.0,0,36,398
0.0,54.0,10.0,0.0,0.0,1.0,1.0,13141,14029,13741
0.0,28.0,10.0,0.0,0.0,1.0,1.0,9724,13016,9024
0.0,38.0,9.0,1.0,0.0,0.0,1.0,14855,14987,16821
0.0,27.0,18.0,0.0,0.0,1.0,0.0,7467,7509,22302
0.0,41.0,9.0,0.0,0.0,1.0,1.0,15110,17085,25565
0.0,17.0,9.0,1.0,0.0,0.0,1.0,1223,0,423
0.0,35.0,11.0,0.0,0.0,1.0,1.0,25862,25244,25565
0.0,31.0,12.0,0.0,0.0,1.0,0.0,0,11044,0
0.0,52.0,13.0,0.0,0.0,1.0,0.0,0,0,0
0.0,55.0,12.0,0.0,0.0,1.0,0.0,25862,19914,21730
0.0,44.0,16.0,0.0,0.0,0.0,0.0,23349,24764,24817
0.0,18.0,12.0,0.0,0.0,0.0,0.0,1538,23,7545
0.0,45.0,12.0,0.0,0.0,1.0,0.0,22923,18619,13959
0.0,25.0,15.0,0.0,0.0,1.0,0.0,15080,14043,16295
0.0,54.0,6.0,0.0,0.0,1.0,1.0,10882,10219,0
0.0,25.0,8.0,0.0,0.0,1.0,1.0,19791,21316,23486
0.0,25.0,16.0,0.0,0.0,1.0,0.0,7939,13044,16527
0.0,42.0,12.0,1.0,0.0,1.0,0.0,0,0,0
0.0,35.0,18.0,0.0,0.0,1.0,0.0,24344,25244,25565
0.0,37.0,9.0,0.0,0.0,1.0,1.0,7361,7430,8076
0.0,24.0,12.0,0.0,0.0,1.0,0.0,13184,12359,21406
0.0,27.0,13.0,0.0,0.0,1.0,0.0,21468,12380,21136
0.0,55.0,15.0,0.0,0.0,1.0,0.0,25823,25244,0
0.0,25.0,11.0,0.0,0.0,1.0,1.0,6174,6814,4701
0.0,36.0,13.0,1.0,0.0,1.0,0.0,10196,15148,16867
0.0,17.0,10.0,0.0,0.0,0.0,1.0,0,172,1484
0.0,28.0,13.0,0.0,0.0,1.0,0.0,14017,0,8915
0.0,45.0,12.0,0.0,0.0,1.0,0.0,16517,14126,24072
0.0,16.0,9.0,0.0,0.0,0.0,1.0,0,494,4426
0.0,54.0,6.0,0.0,0.0,1.0,1.0,25698,17760,25319
0.0,18.0,11.0,0.0,0.0,0.0,1.0,2529,2170,18868
0.0,27.0,13.0,0.0,1.0,1.0,0.0,25429,25244,20595
0.0,34.0,13.0,0.0,0.0,1.0,0.0,25862,24871,25565
0.0,27.0,13.0,0.0,0.0,1.0,0.0,25862,25244,25565
0.0,31.0,12.0,0.0,0.0,1.0,0.0,25862,25244,0
0.0,31.0,12.0,0.0,1.0,1.0,0.0,25862,25244,0
0.0,28.0,14.0,0.0,0.0,1.0,0.0,25862,25244,25565
0.0,39.0,8.0,0.0,0.0,1.0,1.0,25862,25244,25565
0.0,29.0,12.0,0.0,0.0,1.0,0.0,25862,5342,2586
0.0,28.0,12.0,0.0,0.0,1.0,0.0,20568,13639,21374
0.0,25.0,13.0,0.0,0.0,1.0,0.0,16918,22442,25565
0.0,42.0,17.0,0.0,0.0,1.0,0.0,17479,16356,2366
0.0,19.0,12.0,0.0,0.0,0.0,0.0,0,63,146
0.0,31.0,18.0,0.0,0.0,1.0,0.0,0,0,3186
0.0,55.0,8.0,0.0,0.0,1.0,1.0,13552,8715,6084
0.0,49.0,14.0,0.0,0.0,1.0,0.0,7970,10647,19593
0.0,29.0,16.0,0.0,0.0,1.0,0.0,19115,18179,3917
0.0,42.0,15.0,0.0,0.0,1.0,0.0,3137,3004,1252
0.0,34.0,12.0,0.0,0.0,1.0,0.0,25862,21806,25339
0.0,20.0,12.0,1.0,0.0,0.0,0.0,8470,9738,3771
0.0,29.0,13.0,0.0,0.0,1.0,0.0,20431,15341,17260
0.0,34.0,10.0,0.0,0.0,1.0,1.0,15286,0,21173
0.0,29.0,13.0,0.0,0.0,1.0,0.0,266,711,907
0.0,38.0,12.0,0.0,0.0,1.0,0.0,25862,25244,19564
0.0,39.0,13.0,0.0,0.0,1.0,0.0,17629,17466,25565
0.0,53.0,9.0,0.0,0.0,0.0,1.0,3607,8959,6962
0.0,48.0,12.0,0.0,0.0,1.0,0.0,19683,24923,10513
0.0,32.0,10.0,0.0,0.0,1.0,1.0,12686,15884,25565
0.0,41.0,8.0,0.0,0.0,1.0,1.0,20433,15626,15747
0.0,36.0,9.0,0.0,0.0,1.0,1.0,19397,20315,22605
0.0,27.0,12.0,0.0,0.0,1.0,0.0,14838,14684,2605
0.0,25.0,11.0,0.0,0.0,1.0,1.0,3670,2868,346
0.0,17.0,9.0,1.0,0.0,0.0,1.0,574,2113,3040
0.0,38.0,8.0,0.0,0.0,1.0,1.0,18347,21430,0
0.0,32.0,5.0,1.0,0.0,1.0,1.0,0,0,188
0.0,38.0,11.0,0.0,0.0,1.0,1.0,2141,1384,2314
0.0,16.0,9.0,0.0,0.0,0.0,1.0,0,0,1495
0.0,36.0,18.0,0.0,0.0,1.0,0.0,25862,0,0
0.0,45.0,14.0,0.0,1.0,1.0,0.0,22390,22560,25565
0.0,22.0,14.0,0.0,1.0,0.0,0.0,7684,5281,6014
0.0,27.0,13.0,0.0,0.0,1.0,0.0,25508,25244,25565
0.0,55.0,9.0,0.0,0.0,1.0,1.0,25862,25244,21464
0.0,48.0,10.0,0.0,0.0,1.0,1.0,25862,25244,25565
0.0,27.0,12.0,0.0,0.0,1.0,0.0,0,25244,4223
0.0,35.0,12.0,0.0,0.0,1.0,0.0,0,0,0
0.0,22.0,12.0,1.0,0.0,0.0,0.0,3975,6801,2757
0.0,20.0,12.0,1.0,0.0,1.0,0.0,1446,11832,6895
0.0,37.0,12.0,0.0,0.0,0.0,0.0,1734,1559,4222
0.0,47.0,9.0,0.0,0.0,1.0,1.0,16914,11385,13672
0.0,40.0,10.0,0.0,0.0,0.0,1.0,13629,13145,7980
